amount,lat,lon,tilt_x,tilt_y,tilt_z,hour
2996.7141530112326,12.967362403179774,77.58781505269513,0.6856576783541071,0.21741431238334094,0.9170873528746982,7.077712129758373
2361.735698828815,12.967065858916161,77.59154500536947,0.696734409625969,0.21416617962678333,0.9012255430631542,10.780057412252512
3147.6885381006923,12.9536435682737,77.58862618938954,0.7064294878587581,0.15317400770972545,0.8568844933582636,12.651886374829656
4023.0298564080254,12.968299098082985,77.59570418046945,0.794686146164618,0.22897921108818692,0.8997473339152213,15.598675643698765
2265.846625276664,12.978928290818217,77.60657178531461,0.6252782691513256,0.1254958662211691,0.9490841625492944,19.096649306427512
2265.863043050819,12.958857678809233,77.58688957842858,0.615365300848734,0.16729078371198358,0.8873837871021161,17.776543773487056
4079.2128155073915,12.982084826510507,77.60460820497768,0.8236619742142974,0.10004560935510962,0.9419767630230274,10.282700806210059
3267.434729152909,12.976477748210844,77.58678327927653,0.6537355258118701,0.27793132584814073,0.8163331221576953,13.51315095133739
2030.5256140650479,12.96425766678029,77.58612372787503,0.5736964646422933,0.18842252530273523,0.8396106348854295,15.305502354810267
3042.5600435859646,12.970184703626622,77.60278594618343,0.651487005790013,0.3083442017408156,0.8265679496726025,13.951171502214002
2036.5823071875377,12.987583218076411,77.60381936378008,0.6669947264755999,0.24014749632597476,0.8434868628207594,13.922819096526823
2034.270246429743,12.978935478135059,77.60311409936763,0.8554962727725764,0.22240491066755125,1.028718104670609,8.109026701382913
2741.962271566034,12.971687836548982,77.58144202591782,0.7924826212376737,0.17068861528595003,0.9726038793110361,10.389063395441438
586.719755342202,12.96922316683039,77.58994049021928,0.8147520616632242,0.147682498215629,0.7923076881315655,13.388240603442908
775.0821674869671,12.972366090704517,77.60282988592003,0.7819973642346786,0.22614857869484728,0.9437498296408455,2.6270973002193507
1937.7124707590274,12.966482364420578,77.59501541840564,0.7946243671615314,0.1964242995363509,0.860941768735143,17.562577280039417
1487.1688796655762,12.950552504942811,77.58386307153802,0.6311917873419681,0.13303648422573494,0.8317615414528434,9.509283601155722
2814.2473325952737,12.992021779105349,77.59918317939126,0.6801397844646515,0.12415707917458407,0.7514260534277493,17.74735253306055
1591.9759244787892,12.973153249991995,77.58745192741009,0.6010084686976451,0.1520648135428208,0.9971918693820244,17.39566401788364
1087.6962986647086,12.975581472651227,77.61254524848393,0.6789511969462966,0.2910483612633116,0.7636136850332862,12.825227827550464
3965.6487689215537,12.971020922501232,77.61004841462419,0.768410499093474,0.3106638959005652,0.8948036821990126,19.002193302806152
2274.2236995134645,12.964248831992755,77.60064097426356,0.7134583284812246,0.2102494573654455,0.8053688754275131,17.972789379699734
2567.528204687924,12.969740755190513,77.6082100670477,0.8311480818960295,0.20744713981206442,0.9775843947069924,13.764154116661437
1075.2518137865432,12.955606052378057,77.59524791350124,0.585858420777278,0.18318398140852396,0.8665648173686049,13.312961539233207
1955.6172754748172,12.994370864980533,77.60225437494375,0.750023835069824,0.1532757325845249,0.8865537344479656,19.388931142657427
2610.922589709866,12.959254880015777,77.60937720295303,0.5751697198130681,0.2687589528803622,0.8899265737069968,15.928055357630656
1349.006422577697,12.96128033716153,77.59705498681794,0.7094176469173642,0.2936788196948568,0.9302570334935784,19.178788673472567
2875.698018345672,12.967197407956137,77.59204812828486,0.7740333422556478,0.15532904570803574,0.901300476398331,5.444103702589052
1899.361310081195,12.984480757248525,77.57755378041823,0.678549743317578,0.19585808107876992,0.8956726811038884,15.393940388077848
2208.3062502067232,12.971745089992627,77.59376866474278,0.7551126604086955,0.17750668496449162,0.8481598024745223,8.690363652122508
1898.2933877706032,12.959238642039695,77.60283423184562,0.6040267665167065,0.17898804625675116,0.7425270626657907,14.896845970052947
4352.278184508938,12.984143383607574,77.60405633427568,0.5336310021803616,0.25929541277149315,0.7881449040458145,17.855280833383535
2486.5027752620663,12.978910006267855,77.59964365065719,0.7557029622487803,0.13440192273169393,0.9718479738680645,21.95656058299641
1442.2890710440997,12.976984349572165,77.58918700905038,0.8744010234075732,0.22332348454681533,0.8694180536673702,11.247333086251256
3322.544912103189,12.97875734241171,77.57483178431052,0.6003955059830107,0.2364119053652933,0.8335990222277521,12.897180778792068
1279.1563500289778,12.995543619005826,77.58964784901995,0.8222194180106794,0.19289244131990904,0.7594271855581955,14.617868371697849
2708.8635950047556,12.993450948950361,77.59155655128946,0.704342340881641,0.24465339134933867,0.7280352859909648,11.101875594152439
540.3298761202245,12.964732846569968,77.5914707103281,0.5664308478306923,0.2073825920268725,0.8296793119871801,18.91423891515703
1171.8139511015695,12.987838849928112,77.60078556356977,0.5868494698647837,0.26085649605780564,0.9888052854045257,14.719621818537506
2696.8612358691234,12.97543168189759,77.61445676411014,0.7015784773360649,0.12388973475370729,0.8442929806377681,15.487828093504184
3238.4665799954105,12.976590958161378,77.5958352920184,0.6595537712075896,0.18256123694965654,0.9400485525241448,17.480692507096634
2671.3682811899707,12.954677291683566,77.59243268210844,0.568708702324176,0.1964093428574483,0.8396940170602043,14.713153934498362
2384.3517176117593,12.96989614234612,77.59200778186995,0.5305960718774594,0.06638963077643253,0.9638866696028849,11.72984348729654
2198.8963044107113,12.963471764096635,77.59584384766907,0.6153280672073493,0.14570236332107328,0.8648249198191331,14.747919046806132
1021.4780096325726,12.979880588148934,77.58631706239652,0.7193809008331118,0.15932003728206068,0.7768115754449504,11.575274561946443
1780.1557916052914,12.982310805004028,77.59580198558746,0.6993599247396861,0.2474102997411675,0.8731046932100557,15.431923556465945
2039.3612290402125,12.950855136489837,77.59910812336332,0.6498762042499922,0.16465783268426998,1.0834000418280407,18.987750883207188
3557.122226218916,12.971379651359959,77.59669686063575,0.7201887194291482,0.15909605063470117,1.0789884315550855,10.300086830910672
2843.6182895684615,12.982818615047943,77.59917541934004,0.8040026719862687,0.2408742890328096,0.9486533302779365,8.870515994231631
736.9598446372661,12.969733210376866,77.59893747609348,0.7394126510434147,0.11910446771049728,0.8862941184586298,15.196999743678697
2824.083969394795,12.978890636450025,77.57688103317753,0.6878691328610419,0.0964377966278214,0.9303901802095084,11.928801533024377
2114.9177195836837,12.97511165467627,77.60096870158395,0.7928072006660688,0.18192038499653268,0.931685233873329,15.126981097647876
1823.0779996940414,12.975016602319526,77.58788985154338,0.6040149697783704,0.12761466159608226,0.8960113247632898,16.281614082438804
3111.676288840868,12.968886850219317,77.58364160836996,0.6775080460444648,0.12951603526701755,0.9440944019922617,6.425255084285842
3530.999522495951,12.959434191958643,77.58355548172145,0.6798912064399631,0.2286716895843991,0.9208226862153563,17.75939771063417
3431.2801191161984,12.96038469852575,77.59893541610472,0.5763046741557154,0.24379869189562897,0.8684027614635687,10.321325988179005
1660.7824767773614,12.978693525144553,77.59237425072776,0.6580125837715641,0.23944321079260628,0.7804743200616358,14.91060819774124
2190.7876241487857,12.971794582555189,77.57778031216014,0.49250403191046965,0.25543883301536163,0.8539940757779835,12.362470658246279
2831.263431403564,12.970214877553929,77.59938037815192,0.8912178047662953,0.2620567160007401,0.9799518849073597,12.792171940862822
3475.545127122359,12.967361099576777,77.580203918692,0.6062586211563686,0.09357048955865346,0.8968537775504636,21.775831758471952
2020.82576215471,12.968548111545193,77.59599821358518,0.8586114131421312,0.22252059799647333,0.9300286891587506,16.277070083182643
2314.341023336183,12.982069117944881,77.59698498925673,0.7038084505719492,0.17351959002152206,0.8716984472295588,18.618753611814363
1393.6650259939718,12.96824755918132,77.60345577081695,0.7564864132155958,0.1626287877004782,0.7940402494989376,15.603765416810973
1303.7933759193293,12.958189352866984,77.61241684786467,0.6511200201649068,0.2280207316104353,0.8761370285128177,17.480054298619816
3312.5258223941983,12.979036517755402,77.580953236741,0.7207929691961674,0.11348522600521242,0.7977544099250649,16.66951344857381
3856.2400285708227,12.969551233361353,77.59407526143937,0.7650489639988436,0.112444569706384,0.7913710826396448,16.0178245787473
2427.989878419666,12.971913958655328,77.59183664704956,0.7664552414394181,0.23167863720408588,1.020563660886941,19.42862363665872
3503.5328978920243,12.987675783063995,77.5989374968596,0.7774773390074357,0.2243893008755449,0.8579913995065784,15.626021815377081
2861.636025047634,12.971394394426495,77.59675668770933,0.6631667289960823,0.20683663279357553,0.8258515274539967,23.0
1854.8802453948756,12.974491836731188,77.59107453757264,0.6519640327508645,0.15600432976384315,1.0617959684380907,18.842126291249752
2861.395605508414,12.959810765087017,77.5901909781139,0.5405823674732396,0.23719148172910623,0.9814985035404242,10.44183720904124
4038.0365664659694,12.96940330547649,77.58343549144816,0.7523219011176936,0.2340151446030238,0.8628490774498162,14.293801164068071
2464.1739608900484,12.977695260452087,77.60447861582406,0.8082378711323442,0.20426522575237271,0.9427636325552369,16.588310397962672
4064.6436558140063,12.956046262661587,77.599192041816,0.8615981679917929,0.14113394793651143,0.8764211681739298,15.177987342848148
500.0,12.973608450931158,77.60377768197795,0.7305172634580507,0.17873758271352466,0.83073203207204,17.74749367588867
3321.902504375224,12.972607910726449,77.59149603863524,0.623352022709143,0.24189168387622215,0.9474691224485005,18.188066819335493
2587.047068238171,12.972012874555874,77.58803164531305,0.5302903856710544,0.26635956114008935,0.8675698114679797,9.561652056804142
2200.9926495341324,12.981971588986584,77.5838168493337,0.804166673308335,0.1836731698311836,0.9075498008999403,20.12431017886598
2591.7607765355024,12.974944385148486,77.5981891758374,0.5203723433222464,0.1875163516095869,1.0021363234899672,13.012730138055822
512.4310853991071,12.986380718983565,77.58420206775472,0.6659395922256233,0.19191554459874696,0.9911213103795377,12.616381976540971
2280.328112162488,12.96166410484406,77.61308663068966,0.6775693172056354,0.2137446504455486,0.8449906708143924,12.603510429177838
2857.1125715117464,12.972959245672184,77.58152357418906,0.6930544862148981,0.1709466349969988,0.9486031602287086,18.23430562396233
3977.894044741516,12.9724446678639,77.59733660119213,0.703580260003584,0.05529074712142082,0.7872143753854244,13.931729207408855
1981.7297817263525,12.960907455062449,77.61026854707214,0.7138147556367574,0.25963845008235487,0.9450414161315706,12.34579342264917
1691.5063971068125,12.981162950020915,77.60059089759264,0.458463673792147,0.2897344473581275,0.9148495305801105,13.30416337022585
1998.2429564154636,12.994846733058528,77.59635673712492,0.7014655909870127,0.1693800070197144,0.9378979362363431,7.821233364336492
3415.402117702074,12.971429939255161,77.58491516353038,0.47704244258881223,0.1466673315540613,0.8702555245355768,11.631344944194053
2828.7511096596845,12.976650210882738,77.58078230811432,0.7732218073090994,0.1931449738804889,1.108407127365249,10.041665805387602
1970.2397962329612,12.972445184758154,77.60230050108918,0.6444874844196388,0.19062480581356137,0.8098700292379686,13.923322678016435
3013.267433113356,12.964464153300929,77.60966147240775,0.48429632747766493,0.24977592885814798,0.9971551710968461,17.65677308109437
2597.0775493480405,12.95339239722198,77.59021150009522,0.6185795322614623,0.2027319720822519,0.7968301680231669,17.21550360373291
3468.644990532889,12.964542265169047,77.58320938492383,0.6429924660815346,0.16036885848144083,0.9504344174629321,20.02700199018633
1797.9469061226478,12.957680416190483,77.5700183056945,0.8190699617555004,0.13407952747209756,0.9575789977251783,19.135903269186482
2172.3378534022318,12.988641020780591,77.58479235156338,0.7196637741750245,0.2432817092409837,0.9054975871562285,12.885613140326491
2107.8918468678426,12.970448903060769,77.593463431575,0.734444494435058,0.22997556205821248,0.8504675589456296,15.076285603014853
1036.4850518678813,12.96814080670953,77.61059123240837,0.8181221634220601,0.25302799390459096,0.9141134890745299,14.869775623114325
2796.120277064576,12.980491538247879,77.60133133692233,0.6903855712075511,0.1515906624639453,0.9267010333430175,6.395789269112452
2761.0552721798895,12.960382488971442,77.59765085404706,0.7754187961032403,0.2919218449764165,1.0789936486306284,10.130961852361022
2505.1134566424607,12.963931359619956,77.59059880338698,0.7683861113931991,0.11281527464713816,0.8127659714699704,14.33085329139555
2265.412866624853,12.972280722692487,77.58876834282744,0.5713530506430587,0.235480051070074,0.8444086503685998,14.308414259436766
1084.6292579495857,12.981887689914235,77.60865647597508,0.8472983577629829,0.10452086164015492,0.9284735557069337,17.04930021682067
2079.354677234641,12.976616850451688,77.59660738540758,0.5579698219929305,0.1604834309150766,0.8743946209604748,16.854566518143393
2157.2854834732307,12.97408325142516,77.57357399308079,0.7917366649477848,0.278051146522398,0.88999589622694,7.917229991601059
1697.722730778381,12.97238117735236,77.58786460352103,0.5482926963094367,0.2415682127237995,1.007035183536376,17.07438693783012
2338.7142883339907,12.975602358555268,77.58601783968228,0.7601236788151673,0.17268897922564092,0.6179733496570765,15.714348825815055
2904.0508568145383,12.973616529051293,77.58913735990822,0.8861914878150172,0.1740581478589156,0.8402050654982189,17.493492726578516
4386.185901210531,12.961300277252231,77.60022910660285,0.6787021343449788,0.20503110554177212,0.7257630773748751,19.26746235056636
2674.577812831839,12.972060792216332,77.59352555118205,0.6743644357146853,0.22570704953803616,0.780418356309593,14.428468108848113
2757.5503907227644,12.960863113410824,77.59383134592996,0.7610439999316849,0.26257896913413487,1.140462449207247,19.98235294792032
2425.554084233833,12.972410825429009,77.60773473161325,0.6670603544037457,0.17718829976957529,0.9598168133952756,11.442398184427814
581.2287847009586,12.966793520585117,77.58763538910213,0.8818278703742821,0.11941074682563993,0.9951564925058104,11.217047518511126
2473.486124550783,12.996993816227828,77.61324199525887,0.7192192249458695,0.20784843135243802,0.8919470350213569,16.715088760542166
2560.2302099410263,12.971201056162483,77.58788692408629,0.6679830491779274,0.17712845812458028,0.975871382483191,13.524929818779281
4963.242112485286,12.957557604337385,77.59549198196612,0.6459714472104316,0.13496831476257765,0.7233435492479751,16.04653025847588
2307.6390352188773,12.970258197893232,77.59178796404598,0.6067051529826979,0.21488344576563972,1.0038298411769602,22.971928479377965
2801.5473423336125,12.97679358745638,77.59583419133502,0.637224501324251,0.18934431229536056,0.81801558814401,16.573980294015904
2465.288230294757,12.988333639461526,77.59904591995073,0.6649326606341404,0.21532561032348974,0.8468684180674088,15.848678155456478
1331.321962380468,12.965705476000613,77.59893835240089,0.6512360926501419,0.15527778999064099,0.9505151070454653,11.523118485392612
3642.8228145150206,12.955775720259764,77.5870688266938,0.6341824725862896,0.22433552651627495,0.9316446758582215,8.200080773502615
3251.933032686774,12.97976837011431,77.58337085322552,0.9098841230352439,0.13414509016225107,0.9084620048393549,14.709813538905957
3291.031947043047,12.957794012941005,77.61963171790906,0.596990492351051,0.15861343051517085,0.7636903846419681,19.267480986432787
1590.612545205261,12.967238445584925,77.589760156604,0.7146632587646174,0.18785428844563612,0.9099813668821642,13.708247971757304
3902.7943109360995,12.96902379514489,77.60159212438671,0.7592521009760872,0.2870909207479857,0.9960561353483228,16.605849996821476
1098.1489372077192,12.970903665466999,77.57852358689476,0.7630107995583733,0.2392412684274247,0.8467512903900206,20.70598909087433
3086.8570938002704,12.978491644570743,77.59180387280095,0.6941392924217528,0.2538596252133895,1.0314937045340296,20.60606525292144
4690.455625809978,12.964763657177137,77.59332800616018,0.675929742815269,0.27085385166715725,0.8127308064085991,16.71526355040713
1509.4636748693115,12.968862707478333,77.59932815069928,0.7451547491239506,0.3801416067905437,0.9006547891718374,15.680425914629371
1933.702270397228,12.971457296470506,77.56737545859008,0.72665216499782,0.20207945337792171,1.0535327733376614,8.925467803987697
2599.6513650876414,12.973095979575188,77.59626140613078,0.6741041165232486,0.2710200461564928,0.8318600087300391,12.479221423292238
1996.5243458838008,12.97257827174708,77.58310258544633,0.5438121428275569,0.2506317627200971,1.0053985483377075,13.876976767927708
949.3365689338673,12.975960057752227,77.59784345711195,0.6532076277666752,0.2498016251653763,1.097465236222181,11.590673554263391
2568.5629748060273,12.980038395096418,77.58423670803163,0.5853449836292541,0.28871198090200906,0.917104406892415,15.993813051811058
1437.696286273895,12.97552634115651,77.58604517304074,0.6332840449933673,0.17903434845077618,0.8472983012616693,22.646592733944402
2973.5924306351817,12.976135855235093,77.59186372389607,0.7033223238516959,0.17506574880318104,0.8227261197049976,21.071046370646467
1580.5757657661968,12.955777768332535,77.58407670530397,0.7358736143996616,0.2159882756740931,1.0304602703347325,15.975519447324828
4049.9344050175396,12.972102276991658,77.58984465553264,0.8780452751292406,0.19086501140390566,1.0276694199339649,18.117736288099316
1716.746707663763,12.976395075480017,77.58266624231457,0.6462593621096185,0.21592504264990867,1.0449309122868675,12.085582738575525
2177.9384837943244,12.978889411945705,77.57626829548302,0.777462563527515,0.2781374392526506,0.8967161649344053,20.856357402675208
3313.5172173696697,12.964676492257663,77.6047795705243,0.7305960024437836,0.17609266386468608,1.0037806941527105,8.752133616219279
1269.1356835660447,12.965009607251114,77.58163951307176,0.829599767063979,0.18476605187031347,0.895116060887393,18.65131264434465
2727.4599346041296,12.965858993247165,77.59281319112392,0.7576228719595626,0.20871555017632887,0.8116944878391641,16.982358840799098
3807.142754282428,12.976964138998914,77.60212891081494,0.5991518572713683,0.18858407869874155,1.0124176785112353,11.976562452982302
892.5167654387724,12.981938810549243,77.58845055897484,0.5276953970708769,0.10429970859932564,1.0633870278278206,14.16485297304825
2684.633858532304,12.967525398927085,77.58634834100255,0.7311261699667504,0.17099361786505302,0.797939802721868,10.462989187375761
2759.8827942484236,12.980679623136272,77.59686238088668,0.6471549002099609,0.23436866211187524,0.796056903709933,10.63343980879107
3281.8228717773104,12.972834798091647,77.60577933822726,0.6019686254049402,0.27187733754663235,0.9039981934230125,8.63578399750428
1263.049289121918,12.970357142228377,77.58290684734914,0.5732422295466921,0.14226907162311367,0.9956128605741,18.070055608802846
1179.5433869157237,12.969486157701821,77.59309852167982,0.7160975497587155,0.14203588003845785,0.7866180806246047,19.821379877706725
3021.9415656168976,12.979066113646022,77.57727505405033,0.8507707699313365,0.20151169013586678,0.9227015736955906,6.352768544746295
2796.984673233186,12.974855778167871,77.59066798996318,0.6591327654293958,0.09622024675610817,0.8409573045940248,22.353222064606022
2750.4928503458764,12.994358254276477,77.59494204684538,0.7590270311075322,0.17775148985064365,0.9700829099825002,14.951967053452641
2846.448209496976,12.963077753570028,77.58605375358245,0.6897733649782407,0.11319789702243033,0.820211317850411,16.159412819507352
1819.9752784215093,12.9767810170203,77.59003008166175,0.5710617910896607,0.2684530649921233,0.977180300027418,9.110348657659696
2732.2536971610034,12.966307989901885,77.58051773231692,0.7734811343510417,0.1615334422824798,0.8841785189182292,20.28330300065946
2793.0724732986814,12.962907130130114,77.59537078611382,0.5905307955972628,0.2826417093169514,0.8062859476318958,15.801000372667337
1785.6485819736322,12.97149132862965,77.60515694248883,0.7021626630593564,0.25567606767291695,0.9063689955426889,19.5553049590852
4365.774511144757,12.972973524794071,77.58362856130229,0.6658479584994694,0.16768413511512917,0.7062026685511648,19.883433282590975
2973.8329209117874,13.000781735550602,77.58837328233447,0.7893077434565692,0.14640201815769613,0.844090542789506,20.339497690885082
1308.6965027973513,12.969758541843168,77.59962546246454,0.5941849007529313,0.1903227125416206,0.9337401070324662,12.40687689659119
3156.5536086338298,12.960298212705153,77.60672090719322,0.7390869907801959,0.19476766878708984,0.7228245220968105,14.168151968427182
1525.3183297726787,12.974330107174945,77.57966810187791,0.6160202592651298,0.21730734719762007,0.6428863146894589,12.553191701081941
3287.084603742452,12.950853599624537,77.59291215262584,0.6488894787671214,0.16117283552349107,0.6660632680186833,18.580385850965133
3658.595579007404,12.970680432173959,77.5974313082232,0.3364799772459897,0.23731974367611017,1.0327128555500371,16.331556917454964
1679.3176816482896,12.971760252822952,77.5935794360937,0.9092098571617908,0.21326640274999498,0.8923240987237271,19.27657945605295
3463.376129244322,12.979546003829453,77.56983207933123,0.7550556932826231,0.1829802421642068,0.8467534605992812,19.45095521222893
2912.7809269364984,12.98133622249428,77.59961090009308,0.6232652514061835,0.16439796722909886,0.994515473566683,8.090962036244369
3322.0601599944903,12.966564303810923,77.6097933635109,0.5875344311667006,0.1907557508450657,0.8595550317530889,20.40308052221549
4396.792982653948,12.970093859853701,77.5957666175117,0.6504351247120659,0.15915493740862155,0.9268461899866732,18.803443831062868
2254.6118839971296,12.963938791693893,77.58428893946706,0.7716879534819451,0.20292193474417938,0.9025755350923264,13.52310046725801
1746.2638356425105,12.960319374451924,77.58946872753636,0.5107915074415074,0.2042719342609955,0.8529000579247022,16.399171066118516
1610.4855703744765,12.974698947793806,77.61229913067656,0.6858415580705661,0.213085364173817,0.9294145883889107,14.505321713669185
1684.1897150345617,12.958864144514035,77.60369962540861,0.8770641872462673,0.2883121204835927,0.9773261221420144,17.464222714524702
2422.8982905858957,12.967453730994281,77.60100026618385,0.5866053664032196,0.19337776401502138,0.8815093382983012,13.514414477180495
2841.151974816644,12.961648260401008,77.59816412583534,0.7080385038763655,0.25022989335622414,0.8539444426845385,16.91570896467643
2776.690799330019,12.977096831862903,77.5879886288781,0.9203309815257757,0.2114793698487851,0.8657487592000547,15.269221218637409
3327.183249036024,12.989614300992665,77.59259428819344,0.7632151629690772,0.1880877849050773,0.6702087467214268,13.27122438601878
2513.001891877907,12.958584120171967,77.59382077264321,0.7125923820485455,0.19404203650243831,0.9283059546508912,15.760544979608236
3953.534077157317,12.953069815171025,77.60009574316065,0.7506636454909003,0.1970586795415975,0.7790888711011449,23.0
2235.343166762044,12.970351131146499,77.60968918894267,0.6599134664990297,0.21398838538641082,0.9629718724118924,12.257853480697273
5220.169166589619,12.971756977959577,77.60578338136793,0.8299631285303439,0.1520339617390515,0.8909575899324707,14.000225634953724
3125.667347765006,12.973786593067574,77.58040615644204,0.6600669977099788,0.12673298082775164,0.9105121096530441,12.327550401467878
1642.8424435837173,12.967136794847656,77.59683994968901,0.5040818391264023,0.2327148696737138,0.9700329170606202,12.747134457889665
1429.1075019388877,12.969593607011745,77.60196763345168,0.6608696896059539,0.24490619162906296,0.8073476233659065,18.26309741354143
2982.4724152431854,12.975275104105407,77.60078860330145,0.6033265470123296,0.23728179164014016,0.9369248443350957,17.86352983854427
2276.5372146741493,12.982004308926449,77.58830766236612,0.6718805987802571,0.20774860092782366,0.9267621052562665,14.976545986714761
3214.000494092092,12.952049512296817,77.62374109215769,0.6740915940919369,0.23836123137266446,0.8815219167357207,19.105186341076447
2973.237624573545,12.967910605609687,77.58182915437669,0.8197423199804907,0.23567145130085712,0.8071813799236462,18.17377318197724
2427.171087343127,12.973738087939411,77.58376811553335,0.7695292726664386,0.23938146794774776,0.9595238364055164,14.350663255895142
1653.2062819315952,12.962420238953893,77.59693595081262,0.7263265487575397,0.15702295893289434,0.9703454544419317,8.864541032823176
985.1527753141354,12.988911696317674,77.61576803054963,0.6997054588667404,0.14515241014226846,0.9113602025977884,18.31913203179601
2053.485047932979,12.965245901197713,77.58623805149296,0.5941141991142005,0.18057153766238648,0.7929697584285356,15.678658484007899
3356.3987943234724,12.971187073129927,77.59194171634353,0.48188247623343217,0.19913079452286725,0.8472550967074546,15.088893854802368
2714.093744130204,12.977160220968424,77.60537293673016,0.7113160011392783,0.18790394364338553,0.8939667277579934,13.135807919961138
1254.261221288012,12.96568715211198,77.59442137845112,0.7794641203573658,0.10616548343310622,0.9688494549982094,17.978595796465264
2673.180925851182,12.953134269521957,77.5912539614547,0.689166611675541,0.28608463060675715,0.7416510598886883,16.393985009714005
2885.317379728837,12.967313454730835,77.60025632901886,0.64651456772133,0.18629770055571324,0.8436196535695624,14.052687828790813
1616.142563798867,12.98189440555927,77.5973251799023,0.7464502165214212,0.2086352208288477,0.8597327440057798,10.098181811124354
2653.725105945528,12.968231048732148,77.60490438785637,0.6916667799375652,0.26222744953815297,0.8916778420596971,19.271716407520305
2558.2087184459997,12.963135656985411,77.60751468889066,0.8685744191973961,0.08275138652393975,0.7698674715975153,17.41962089262351
1357.0297021693768,12.980856722095028,77.59767003060006,0.8232728342068284,0.1744153064044144,0.8782467221626667,16.021611599782382
2857.787360348283,12.96829225103977,77.59751732725378,0.7959508057023329,0.18064413632100979,0.8689516435687411,4.372904019544009
3060.7845263682343,12.966498391863498,77.59674110982286,0.7757734114209903,0.18318449772746778,0.7962408128510343,14.84842297153576
3583.051243175277,12.973094560896634,77.59949130556649,0.5709832585548542,0.19132567046430238,0.8882032415831316,14.035185186097346
3553.8020520349028,12.979307502096189,77.59515170637872,0.76629937020526,0.27235673992224224,0.8458830903214498,12.526017259782638
1122.330632042909,12.995417135317325,77.59459391517677,0.7376325957646575,0.23367294378636114,0.9495586142509708,18.016941114257136
1562.174960084877,12.979872361076575,77.60656627120827,0.7606424728391163,0.2479017634314415,0.8114672438995661,17.85944013666911
3015.0352672086597,12.983198399663884,77.60976116180355,0.7492609486813052,0.2023560135905462,0.9089834122128455,16.74729886876955
3013.785950912209,12.966540338010121,77.57952447055366,0.7452762587848065,0.13003134769272495,0.8191611162770732,19.15156365907097
3015.047686306048,12.961341318940306,77.5947002115174,0.9700866469549594,0.09601514824269966,0.8400245761841187,10.91080594386463
6352.731490654722,12.972223313496192,77.58771305566555,0.692381433004808,0.12352961383841846,0.9297291627705406,13.185383772922773
3070.890510693167,12.972671699152597,77.59149028533514,0.793633738082933,0.217988285208301,0.9234717732842156,15.299169052743224
3635.565640180599,12.960814872586354,77.59862516209735,0.6529010189735996,0.20158848563488177,0.858297781742164,12.511991923088338
3454.0017634932024,12.96984705470096,77.60129438371543,0.7790641583887672,0.18949181762219963,0.8730589381667332,17.90867688681417
3151.391251305798,12.975593176017192,77.59347873556389,0.7939319890232455,0.18157115466299317,0.7546393554890476,12.911196607473219
2184.7307553596543,12.975203933950182,77.57546659665277,0.7364426077135348,0.3005860787721374,1.04027643105807,20.193480017787017
3258.9692204932676,12.976642878533843,77.58494954419423,0.86692469423765,0.1588548204511763,0.9687456397878028,11.275362392999241
1727.1747854624282,12.974509647301375,77.603564996702,0.6115723963639582,0.24639097280580297,0.9651448050871106,23.0
2263.181393259991,12.9665299134073,77.56719573577965,0.6512779058331777,0.20009564680104971,0.7404967783043785,23.0
2014.6364521708965,12.966460993733513,77.60647427151682,0.7212380086023489,0.19695302441070017,0.8404510007510714,14.620987414738622
2581.8741393863224,12.959610486020061,77.59981229990645,0.7880806853484221,0.25883187743083724,0.8665453971076378,19.584681803702992
4814.658566673508,12.989447750391852,77.6077617608153,0.7179429521294933,0.27312651913457225,0.7068938507965987,13.398287757965573
632.734807408252,12.971734503646193,77.59261430813119,0.8285759036510566,0.1880225271557581,0.9889950096076087,19.05314599292538
3186.2601903745135,12.969351469442051,77.57398594575977,0.633831012903368,0.23996013596210714,1.0453884488548137,14.296086674172917
887.2841288103484,12.962312079185477,77.59890362641507,0.5859421510511444,0.2181945681075027,1.1061934956003614,9.858240405966065
2028.0681342105665,13.000956579023278,77.60734653124038,0.7308128336536505,0.20037185694049575,0.7954116172482264,0.8687272492844045
3588.950596967366,12.960866719677771,77.60384721805514,0.6922819723886303,0.21021274713285132,0.9117323496834274,13.92514621571756
2564.2800190954626,12.96731152074394,77.58797308516512,0.7542863720358219,0.16559955925775813,1.0322818269150422,16.11625003474117
1422.255222070694,12.975758368362861,77.59546761075462,0.6972597709133496,0.18469503033344578,0.8746381521053046,20.321265704144867
1784.6962907400318,12.977602129657443,77.5892716373122,0.6659980209376543,0.1709682360123647,0.8433012086157322,15.146500128605561
3179.597748934676,12.981179320552158,77.5864073353581,0.6925062428276276,0.24506883582144598,0.7133982326455509,19.011640538870356
1769.6333682828633,12.989676085077694,77.6041538857118,0.7028848894793185,0.19523994422294688,1.013262245777175,13.184233811113893
2716.458589581975,12.976661576554607,77.58262467688735,0.6695018700151669,0.13511429876924808,0.8980739243926635,13.650884121874219
2545.5718399038137,12.961039692000334,77.58566183569418,0.6796867953676572,0.1638281388418456,0.8270658141036937,19.216142730114342
1848.3996523941828,12.969030548748783,77.58355974366528,0.6596406663013089,0.04003676773939108,0.9283857289828861,5.141302061322913
4643.944089325326,12.97467832372514,77.57969752476701,0.7856665119869406,0.1752753699058926,0.9153005373178665,15.051935315611663
3133.9190223180112,12.992282260415058,77.59606414291842,0.7194021004505798,0.20188225325485748,0.9168259102354591,13.40015460177654
500.0,12.957621945215758,77.60621503048482,0.9256752472168766,0.19319320755665131,0.8782901937673325,20.442444819409136
2686.4543147694276,12.983625765052253,77.59275123243755,0.7160704551278462,0.29900771757656963,1.0622358158763365,12.88701482008072
1838.213535231612,12.973399143695465,77.57954252199436,0.6449142529671338,0.22874530204575186,0.8866340266737578,17.066339878280377
3352.433334796224,12.979978305352295,77.60299944539742,0.9670675374863065,0.22652259265445757,1.0619322076323305,18.686067877338775
1707.4792615672993,12.970580052833641,77.61145701754035,0.7413626377714335,0.11783654827148611,0.9564116926400198,9.029616023478358
2385.263558533101,12.963175673698737,77.58813757675853,0.7990124786892816,0.1817678972941434,0.9351170142761731,14.442518766904396
3004.987278980457,12.979108727794014,77.58981445733282,0.7592102983202491,0.17566685963381523,0.8886725246721845,13.273454263656248
3365.7551941701213,12.978144310271057,77.59975660630083,0.7623011029297748,0.1606959400595996,0.9973956693545921,18.785172987318376
1299.7035929442238,12.981320569657397,77.61081873747786,0.7535654051352474,0.16000596672433268,0.9112991767577996,17.700327363248775
2165.4987641590515,12.971466953646214,77.58940165854274,0.5897915435223934,0.10959385230291882,0.8067868784886468,14.067191879763271
2025.0546888390438,12.965601779766802,77.58127550219002,0.7367529047561412,0.13620733976593358,0.8034507809001965,10.810367798335793
1846.670767426288,12.956012130049762,77.60091418606272,0.5675138696149761,0.24370467013824748,0.9422484621934273,19.15258678408036
4265.454240281097,12.979793732681394,77.60259068073142,0.6825637163587466,0.1928542654003409,0.8092621114833505,14.729388893604874
2904.9817109609558,12.97583889482444,77.59466131450435,0.6274382543436712,0.1746798790862833,0.8937768943027501,8.526493737330151
1239.1160456649548,12.96194217367136,77.58901866740342,0.7357470185848723,0.19972943326736461,1.0057184538551092,8.870478404120306
3417.861947054776,12.966214263267034,77.60454378730992,0.7334126247338234,0.25836953393505757,0.9303970177894334,16.750533720291905
4622.156197012633,12.966932411880485,77.59988036004547,0.7481145890765186,0.2002105260437893,0.8277865129671252,9.896775228937926
3532.465260551147,12.956770155680177,77.58691564483097,0.7287296572749087,0.2270187065465519,1.0409987511616139,22.438589974414455
980.6300340459866,12.963423176033949,77.59509094731305,0.6393174658213601,0.15766975788058712,0.9547875236994702,11.251718862562678
2015.7659271337486,12.960261696431937,77.58108292467975,0.673899651064832,0.16906850246266406,1.001779298720409,14.998557098570895
3766.9111491866224,12.96747520988112,77.60145890456438,0.7920396161254485,0.21769884425318378,0.6732441656790698,15.636447864641221
1792.3305343812194,12.964213025016704,77.59197766430617,0.8067856677294399,0.2946326854168557,0.9330852878262746,12.082489043052618
2943.8194281462283,12.955329950791333,77.59024289167616,0.585321690137345,0.2714887429757437,0.9842157836379893,6.0406918776881255
3274.6340534293367,12.991825902305695,77.59427125514847,0.5469072367487353,0.22914140347280695,1.0700288642297993,15.76358039046491
1573.069528421917,12.984125407310293,77.59500307699331,0.6273110616795288,0.2075716880080359,0.7536181415848958,11.987040039590967
2440.4746439381997,12.9638098057848,77.60354930061565,0.804520758203225,0.2700534677813586,1.0206114589194533,15.466153710465772
500.0,12.974324213966536,77.60051090531326,0.8214884030183034,0.2397339161522562,1.0644380285701245,14.510675791045164
1475.6123586657102,12.975774650898213,77.59303590721207,0.6075288119598827,0.08531689888146694,0.6982711022721021,16.053164992287215
2247.4318486068396,12.983510858547735,77.60223668149719,0.7307309353736338,0.1473034576072389,0.9478591109869743,21.24748048262424
1252.2168180351505,12.9634139497334,77.59860737253692,0.8834431333140087,0.2169070162678966,0.9617620814340702,12.81526794909151
4132.411303931635,12.982521067839825,77.59033400363714,0.7415311477240334,0.1106516217224514,0.8672992337348094,13.124621382630016
1069.8586220393672,12.96612094695793,77.59335281841763,0.8421503285233093,0.1551205497621569,0.8509905539933711,8.33681078898444
2059.9555133030162,12.958241375958314,77.59311777111157,0.7998726570083098,0.1650092528171013,0.9667853913287823,14.219264195602822
2630.740577286091,12.978841365593146,77.59965261343174,0.6089801293772089,0.18719170468770832,0.8385018246589369,16.639479957099866
3941.2732890661155,12.984507584241225,77.59092977385278,0.6810018576502921,0.18562848958868963,0.8782750671581903,13.066020489715893
1064.1378488205605,12.997479089735307,77.59069590813579,0.7034754478291847,0.18554397864165867,0.9812434900823922,16.665722001621965
3663.1637521549596,12.959602747349098,77.61428757309434,0.710413338802134,0.24126537586201569,1.0754043050326865,14.289965898043235
2510.2330610195872,12.978589196850809,77.60399735481747,0.7916328953438571,0.18673880672747328,0.9537984272542018,9.790935048124041
1518.491348952049,12.967501987562065,77.58699399335575,0.7408684762275408,0.1807684933964383,0.9133484495414512,16.24794028473242
2962.103474263271,12.979433587105241,77.60030940993943,0.40637990562218845,0.13254139479282417,0.848360251533923,14.17667146573993
2699.05969557347,12.956895104487687,77.59578350065655,0.5687159726907274,0.25121731009929127,0.7989399959348944,15.491031285637431
1899.7831228412053,12.958972302243016,77.5985155117526,0.48126190850239564,0.1664251243026257,1.010957824150095,12.732200467158334
2569.802084990019,12.963841251768336,77.59597341324564,0.7175365240655334,0.14564848359993626,0.8846550148873116,12.378389908036421
2114.6864031382397,12.972389640456681,77.60649642645485,0.7240487649467761,0.21065452874344856,1.0150703274666728,15.62964323021186
2613.517345251248,12.965189187334618,77.59805620344652,0.7283224958610718,0.16165293688084686,0.8670448122004538,14.07760035183146
3162.130674521047,12.978190543439135,77.59397911301785,0.6041071732285384,0.1737023630102853,0.8350711338638989,21.89711299667706
4086.016816145352,12.98186894618258,77.60502190576983,0.7674144005119988,0.21292300871595346,0.9420798888827516,18.19492204864466
1262.184501173151,12.977595775412453,77.59693285041088,0.7716262496468529,0.18367586881102219,0.89234640607316,17.18001703787075
4633.0333746562665,12.98778787639661,77.5958147857933,0.5744850932794842,0.31558046876503176,0.7794471395389262,14.290076793994341
547.9122004774981,12.975758266294553,77.59774022602485,0.5533961798551127,0.1962585728340401,1.081736832978185,6.895906206093963
2348.2149049644167,12.9594310328966,77.59366390976633,0.6999868313773062,0.2308919109439611,0.8373016226228363,11.769620289529284
3088.3172064845767,12.985233765135384,77.59469226992995,0.8791782273613359,0.10291529762535274,0.9927591521174214,12.410826189662728
2780.9918677350324,12.96554843764394,77.58873305411238,0.8699742742198642,0.1569675434042635,0.9841856629396482,13.900062454840343
1877.3004801794063,12.980704184996856,77.58708832780376,0.7563404360448052,0.1456543152541644,0.7740537235085643,14.866562002440185
2291.8777496427247,12.987337342165551,77.58461429613517,0.6270003328419923,0.15228101383486858,0.7997612355383515,17.62429986194198
2006.9990653411671,12.976166880107304,77.58068016713203,0.7886842659488584,0.22077689969185013,0.8698490660299872,16.092582244280262
1910.6352430557886,12.956638411868354,77.58580282638616,0.6547575735190958,0.2517782533888705,0.8134353455421683,19.63681276587962
3349.6020970210247,12.962417878334902,77.59285732965533,0.6232492963326189,0.21723152523172556,1.0726456371878688,13.752392105923002
2857.0154859650474,12.984827444668852,77.59563117582445,0.48560331683780056,0.18866776882168457,0.8799824363201488,16.028651776680647
1807.0904047393458,12.969908773143572,77.59188703436853,0.7102382198347652,0.16845724806437903,0.9889749042814069,16.375376911115204
3399.599875433251,12.972395735349423,77.57104296509873,0.6370132650862624,0.2556799875593255,0.9513637389000205,15.982905137434356
2807.299520876609,12.979188244161637,77.61034586357762,0.7096430379528504,0.3035627727077431,0.9264022448996354,20.127560991760568
3312.86211883896,12.978563228620803,77.6054648012289,0.4700642303762938,0.20675278523918456,0.9040321210739588,18.21509729098877
3129.628841923612,12.974387998123856,77.59905759851218,0.7169826672583687,0.24696815320357862,1.0237130707788697,9.72238712199431
1671.0049890779278,12.969513316287795,77.61367490672554,0.45688788360283716,0.21716851748977375,0.8174907026664984,14.54267560376264
1939.8189598030303,12.968473315542678,77.58482635882517,0.8087940253268552,0.23777524532327948,1.0726335310456587,14.94410527108082
3247.293605123262,12.980178988252915,77.61347625120627,0.7521891234135084,0.14177266109449418,0.7712776819495906,23.0
3110.3702654334647,12.977135695310679,77.5849478592325,0.6721335228575411,0.1755931859928938,0.9781511725622424,13.68083527501812
2479.098406035852,12.969026999993822,77.59698737925291,0.7562719860082079,0.2197734720022792,0.7594836140060217,11.070064386655272
2617.327383308782,12.982421123129932,77.58186162674866,0.6021925737336447,0.260624547204099,0.868429444777304,16.753301717906574
3777.664895788425,12.970309658848702,77.59474694095545,0.7072375515614892,0.15909328891811628,0.9093309938060967,16.987942878495115
1908.42861116417,12.963083378256657,77.59846166497998,0.7794774038460335,0.09833504444799367,0.8513304651170486,14.704908545081231
3047.097381170038,12.964010293010967,77.59305309668865,0.390571075090861,0.17508677867793754,0.8818330430383109,14.11895598811644
2297.807347566106,12.961812591636903,77.6017387744409,0.6552775640322476,0.25050653571741255,0.7613029552069207,18.79561582424834
2282.31879677278,12.968875899833964,77.59559014449488,0.6977355869863625,0.12080522044560754,0.8012549531276448,11.585607382960719
3598.77685198719,12.983937242783362,77.58937585271623,0.6803706382254233,0.1411540053934208,0.9498264707195883,13.636186628525856
3325.4163489880298,12.963549048189696,77.58893186682198,0.8457101826227404,0.2077959293025556,0.9029671824977445,12.91140055154645
3313.5096360006387,12.973484757610182,77.60270913772615,0.5876098875077115,0.1942014373619268,0.8309471974178493,19.375578390482353
3805.478807154329,12.965033106543727,77.58806257970193,0.6378840756554771,0.22972332407766138,1.0324277763129672,16.141976813145376
2521.003841632759,12.968996909587286,77.60375402970485,0.5084130973691551,0.13856366197772105,0.7780069100009784,10.740023610714918
3181.952971294964,12.956499587880147,77.60682711792832,0.8510286651273145,0.18375107029156662,0.8638409534135938,11.141974426948924
2189.733243406544,12.969394617708435,77.57791286137653,0.6753709857391199,0.2597592701201549,0.8494343721821529,22.493660494448605
2824.166352488442,12.96966294620195,77.60592926387301,0.6561591111963292,0.14035519031816082,0.9615037627761045,19.33287099242816
2369.8569456323153,12.977002879440358,77.61520422698445,0.6947517317689286,0.27384561481551345,0.9048163691137194,18.366201126093916
2596.995964992718,12.973832809132555,77.59712003761202,0.7636235828430323,0.14662915070556556,0.8891834753465403,15.04898776389337
3095.1570254369135,12.95961607875048,77.60059084185295,0.7347363403516124,0.24246907886888056,0.715578329613276,21.033892960481637
1681.7793167665275,12.982441982440436,77.60497005324369,0.9647884213557087,0.18135207448934373,0.9865034480632093,10.586380856086965
4592.38727568546,12.97370303040222,77.59184517684821,0.7453935888403774,0.14275458711805117,0.8782174185168263,18.01187004881796
1493.982618500298,12.973583935171776,77.59642280223538,0.6534754570830918,0.1751550476423701,0.911566101761042,13.226905973897747
1285.8113872122678,12.971508176466148,77.58145800470376,0.6438643262476053,0.22724645940894972,0.8251436779906123,14.004426721379081
3658.110873500068,12.966422425527778,77.5959863502853,0.660724104758319,0.19965730025492545,0.8094171237182928,17.903157059329548
3291.662693962936,12.973778023397488,77.59958111995644,0.5498163075370162,0.2559234705721672,1.0499287758475688,14.42576996527397
3124.119817052155,12.976355884359286,77.59976163022927,0.7039864207491585,0.2717870030467441,0.7226761421737588,13.261200562154968
3128.34550926428,12.954131043086544,77.60525424723598,0.7783468106208917,0.1408484667341075,0.7945800972217228,13.019369407648298
2487.7532271530854,12.96621239162654,77.58685197821865,0.6386636399376764,0.13718654275448278,1.048049215266908,7.054617017955502
1602.7456285141684,12.969050530295965,77.58927393243326,0.6192619943715888,0.13476031131895794,0.9640746380998654,18.052814477102626
2575.8045581937263,12.974161706056943,77.6135550734599,0.8515945146294234,0.15504019519759904,0.867453746825758,10.973479708804827
1822.8382884878883,12.983533110059271,77.59309671626237,0.5573516843378834,0.25521072604098727,1.0246596314288654,22.43363762263711
3475.1197334177514,12.963882591854032,77.59660033787313,0.4932181623522698,0.22801809753333677,0.9446860116396009,13.849549800740029
2352.9426184978615,12.966620381531822,77.59392989958275,0.5847098056352616,0.17274862135387842,0.923266009197442,20.23775918978383
1674.5028032074883,12.966474658893535,77.58638319173696,0.5459567282875704,0.19944487046885828,0.9225562017102418,7.763875869269277
2178.6141583470067,12.963584724098956,77.61083529210892,0.7386226064104582,0.2702152752582969,0.9465238217214494,17.925932084794397
2912.931454275624,12.968128135048877,77.5893229858808,0.6639295499550426,0.295400542548956,0.9505692501297454,18.954222930047248
1936.2754471960252,12.97930802219988,77.58332714476293,0.678031295497616,0.2129692166721401,1.1195973052895958,20.214254537457734
1677.7796044335687,12.961061645046357,77.59009259722697,0.8152934176974773,0.06703594079763006,0.8805107188327328,8.887844908853546
2743.6872114919124,12.97587814395153,77.57458293998275,0.6308665138837223,0.21486435473799867,0.8835952811851796,12.189125451652284
2744.9665711087227,12.954580977699818,77.58808712535017,0.777508941174564,0.24673740647706738,0.7763106812429286,17.30603981102432
1993.0568246288703,12.965986620035578,77.58491871402147,0.8511322799203203,0.21123161579280375,0.8948102613178982,15.593767915376437
2028.9616943816773,12.968305106997821,77.60077428630927,0.6544337501986339,0.2363257459367392,1.086288689954482,16.17343857025534
2732.0499373576363,12.988348596729141,77.5878658576044,0.7737022855556314,0.21785326872301922,0.9984485002434657,13.558853576762672
1051.9156585026758,12.968851976952473,77.60347803935579,0.675818208747102,0.13826772912590674,0.8456332256124672,21.203194460222765
1092.5362256234448,12.94958756526549,77.6085848399307,0.7924098128840789,0.15568807833182688,0.9030041364521285,23.0
1781.555778747564,12.951611110931388,77.60241175336287,0.5428510812423726,0.1839423906434922,0.7703561624415005,15.415919696036356
2286.5528482881527,12.971940295863467,77.5924461171114,0.5354487754874653,0.2532707389119176,0.8030880655701693,16.81368498202101
2810.9075655980046,12.9777377085579,77.59601114496705,0.6608732285092459,0.16170579658396897,0.9149441152613718,15.22497498249127
3975.3562169495517,12.975354558576273,77.57935015059856,0.6111075190940229,0.22279513165838236,0.8505545397179547,20.136213596189748
3357.6596232020192,12.97327570105801,77.59326220627479,0.6483290890570115,0.21518462969605986,0.7955400210621582,18.316465137027244
2340.0614700365727,12.983222595975057,77.58599561531933,0.6780473417552859,0.2793098632539565,0.9489840764737892,10.734477717452625
2480.9837920973114,12.96620408779263,77.6015432638115,0.7720013531836252,0.19791601109352927,0.8917749913346676,12.549191958021419
1497.4706353621912,12.980549105560268,77.62032752389244,0.6592339421434065,0.11226207908618707,0.7432449628308961,10.962812827976453
2481.48686400761,12.955279851149736,77.59959821635974,0.6176138689376913,0.23234352324483892,0.6924853033832212,23.0
2211.3413610798616,12.96255052167062,77.57468859851045,0.6648486623241101,0.30690276058170024,0.8429988501425746,17.541247134328277
2822.7185603380894,12.953529586050683,77.59098769807086,0.6230854720193382,0.23561916724332282,0.7411734856558472,12.617255095560871
1672.769056447677,12.968851546993303,77.59582490925375,0.6065994497937285,0.16061692040947967,0.7131088593529347,12.29779183750064
3019.3465142411724,12.971137387827337,77.59547357425261,0.538698318642303,0.14590270604105177,1.0128969201402085,18.22092509186764
4032.7389130025776,12.972741014922265,77.58729186874392,0.7069478116221078,0.15235155832462974,0.8902289110134708,18.619680598636535
2391.2398515431423,12.972218833528872,77.59705291742637,0.6431294293402946,0.3001655940191023,0.8734553621774497,18.19243085233764
2901.711722098941,12.962324466691884,77.58217499163081,0.7966278739234671,0.1836336279739282,0.8811594183849252,13.297770565401121
3190.1439917111124,12.969697591555867,77.58515091277314,0.5552603907941058,0.16686783030859864,0.786216784920703,16.22337457765671
2098.779528114164,12.956625533313943,77.60105797641604,0.6457916444952121,0.19207816779363834,0.9410976165014169,15.443660390533537
2724.0924818104168,12.985232289751323,77.58444336769121,0.8812907220658749,0.18415464756971492,0.886929967326746,11.254958510246293
2512.592400781795,12.968563739271021,77.59998211605492,0.606039048290215,0.2783825179893752,0.8242591344020589,11.294024628495913
2597.6760985488318,12.966711138809563,77.58090536225343,0.6763466747903876,0.14927612544918487,0.8392371315475,16.64786017817254
1726.9902161445334,12.98748940328444,77.61224825883792,0.5784156017174631,0.25903216158302234,0.7772541286787704,15.785804324174634
2524.5101742589427,12.959177534664509,77.58685730077596,0.5651572487219019,0.20610460482255424,0.8593757127098165,17.213406843368844
2997.9982912454498,12.960344128859681,77.59236333428197,0.8547310983087678,0.2603513256713843,0.8760372119217487,18.164092154774874
3951.1436077950416,12.960637796751314,77.5979061326109,0.7171039492637147,0.2791309521867026,0.8567716670870036,20.997530489990115
3459.270826085207,12.970921286183005,77.58894650047499,0.7133678838237623,0.20423988169565477,0.9055154557341587,11.896382455535813
4653.182457511557,12.975916316296377,77.59603405961072,0.5303683764883778,0.18424681952004174,0.8921488295238245,17.520944794901528
1732.6524371119503,12.978996754681178,77.60035356724521,0.7358741388108303,0.20330894159325516,0.9230768538664608,17.99679526611474
3372.320636720678,12.99731995317495,77.60420613232503,0.8157421945993826,0.19526146639974343,0.9943097036921594,13.751478349898221
2683.342005738352,12.949105675457993,77.60251497435974,0.8149477060828529,0.1171516772130636,0.9593023477213081,15.487452734277074
4689.802933217672,12.977687355891245,77.59288189536197,0.766833322960616,0.2776240186892537,0.9954589840510336,13.853765773215706
1691.7017146448484,12.966028694274279,77.59313368225956,0.5870514422404596,0.21228925086905953,0.8152265770173771,23.0
1660.278157819224,12.965735848511112,77.61809108558025,0.7313123417192992,0.1418450407474473,0.8491385105911343,15.419410761764425
1900.607354555978,12.965402278717463,77.6040988906825,0.7667584960476608,0.09662383399007957,0.9653596683945967,16.806020434845575
500.0,12.962512303291922,77.5853817634368,0.5205556414911098,0.08362003835348256,0.9671477671432087,13.944062812331154
1974.244978319239,12.988445248346036,77.59559988163765,0.5878720408518214,0.23852402183437518,0.8321379382463119,13.081461734996841
1740.867338446302,12.98002297327014,77.59124856861222,0.7888157321743441,0.16905112157964525,0.9611583925781743,9.79198935319329
2650.3937864762074,12.971831959785574,77.59324665766077,0.7876045776671928,0.17725496659474335,0.8056467883354058,19.39947449890133
2841.7559757771596,12.98511015752487,77.58230504842292,0.5451416966378607,0.2244077132269412,0.9481055724141794,18.073749989586403
4376.170839215886,12.956474710347011,77.59048076765615,0.7795021459269172,0.1741975921949111,0.8973703799134359,13.79561422224086
3450.4238381860505,12.958292948686692,77.61271555773195,0.7095303399153617,0.22732622080267567,0.7615564396093664,11.39852038774423
1923.0963443375967,12.949820322678054,77.60039076300876,0.7781008954607151,0.2047632032188358,0.8565926178240593,15.719634105680573
1601.5853286516422,12.964605854598767,77.56968838591848,0.6365478676566059,0.1957935208425382,1.1182267809695494,13.009212774812124
2991.919171506506,12.973216985267047,77.60676723492497,0.7645183496480902,0.12136247971542556,0.9202780362804995,14.111829725471514
1179.766792979358,12.972628585779324,77.60549629522909,0.7843828774485624,0.15901343217805702,1.130044997671826,9.945760221588465
4331.458765854353,12.973093419110599,77.59100714695694,0.6648665064544288,0.2301267682793433,0.7556073470124964,15.86827832259212
3679.440120721287,12.95748943168934,77.60177263543783,0.7017752546173286,0.16589890925679746,0.9750741792663843,15.948012807954997
2030.8243478952952,12.979631547426141,77.58600600789183,0.6351478370495346,0.2602684777892246,0.6465663808192885,19.378891536958736
786.8654709091225,12.97399627518239,77.58989744283734,0.8651638948685879,0.31732006619966996,0.8999764515085217,14.397033725469573
3853.872374165413,12.97893054281466,77.60958546360669,0.6879728060674234,0.23281926504206613,0.9631217377651321,13.665750091184655
2385.460154747382,12.9526723782241,77.5918826996013,0.6077975674822818,0.2746415945682579,0.9837890094996277,8.7729565355311
3737.816311973462,12.974714908587979,77.57590268338045,0.6284174086125249,0.23603636191480343,0.8200730275419588,19.403843793450516
905.5723412056329,12.959722347600826,77.59396696777219,0.7126770601142113,0.17328689886639062,1.0039090421976735,18.57129246622784
1900.6249770462273,12.967626767474487,77.59381411607086,0.7753331171778212,0.21000758324037125,0.8466285239955306,15.114953765627208
2505.243699718183,12.976943648986364,77.60658368569374,0.5664173154849478,0.3006660473048721,0.8835902748887603,9.683075781878511
2546.980593764742,12.972510936062559,77.59474336422176,0.8847660002942448,0.17382231286862745,0.8566677780643366,10.141891875647433
2049.9345285207564,12.963084600202206,77.59038417688559,0.7308675294055615,0.14803363505609632,0.7863610649267668,12.811576284942841
3122.849932347499,12.971662731561844,77.60505056145232,0.7466455972969412,0.14329027884423653,1.0569719587420858,18.860902835466653
1432.3795706174055,12.956284646847564,77.595807902325,0.6902810456176564,0.18912353080832256,0.9048017817158077,16.16135054096655
2357.6205149787065,12.983102673958983,77.58709977318435,0.7019258967351125,0.1498263955678469,1.0087318378658627,9.026571244472898
2620.2956317118987,12.969547159805037,77.60614997560542,0.6851716862072597,0.2837009713718619,1.0044711241764601,16.616847658400882
3014.438834058749,12.982785499442553,77.59653661764517,0.801779596903596,0.2108178267295644,0.8032059785727017,11.64341368331657
3211.61487808889,12.96633468312904,77.59462925966679,0.6992071412546629,0.24858631548802515,1.0216127247671603,12.911151093951418
1375.3579081621308,12.966364240115935,77.59637908391412,0.7767050218492709,0.1850667304710151,0.9503414243549323,18.886952050086823
965.8858292643777,12.963958132133621,77.58389331628584,0.6566152476647428,0.1429901401121941,0.7959098135527111,18.062016335123328
3777.676821898509,12.980361739316931,77.58932346223821,0.7195640528312315,0.13453030272833616,0.9448850831341505,19.372399531301692
2832.3140119795917,12.964505688426716,77.59463582601833,0.6196079655760578,0.15460041289109397,0.7977032115131932,14.907465923663151
1751.5134634434464,12.978045954324152,77.59265336304975,0.8216528232549537,0.21737627470133555,1.060645836797864,18.532098231464747
4051.1519755225227,12.967775476023307,77.60732428382816,0.6166252759280884,0.2259941465883974,0.9813786744922097,12.65545494494777
2615.6746342928586,12.951840367001084,77.59677405852727,0.6675020555738673,0.23015980365293426,0.8928851437808965,13.969736261578825
3679.2971840638265,12.965896859322136,77.60314903922637,0.6685039587545255,0.12556636581090713,1.0264803618217184,13.694827102380836
2567.518481410109,12.959808917856371,77.59469395354576,0.6646048612326231,0.1999795407050865,0.7418012355296463,15.095460072897977
4560.747924881987,12.971939027236823,77.60516288483745,0.7722495769442936,0.1486969084553804,0.8250658699879959,9.854035654751687
4255.340842443205,12.959695922643256,77.59857527756573,0.6683342235263355,0.22007329837922643,0.8747580278259629,14.099980387506553
2251.0358515209264,12.980859751007147,77.59473420485388,0.8393924530541073,0.22395385277487262,1.1235684681425517,20.806629206074955
3471.5709509543553,12.970689241396471,77.59446716911042,0.6181524913869831,0.1413913476486781,0.7929517099126595,10.629887352754263
3145.3759495851473,12.969824040052414,77.5850556137371,0.7169377469942706,0.2484014803598174,0.7292694058259327,9.68271487233987
3868.631557532349,12.978158921377876,77.59966915720136,0.62242140106874,0.31694114707641224,0.7555614485501729,10.005246689351088
1535.0765394198957,12.98123906934076,77.59419795265464,0.7420972782531466,0.24174178687923314,0.9906215869205601,23.0
3186.0514599984394,12.971399012482303,77.58958008039819,0.6984050273023229,0.19185829802244478,0.8405807729461143,16.85940792348151
3558.424486849588,12.963887997004507,77.60566461770811,0.6844937955301521,0.1841727148395129,0.8840913335631387,13.918938462634468
741.2605135768856,12.95386030383888,77.58209783974105,0.8188474966503524,0.18954680091637457,0.9762832641674485,15.273281652032546
1316.741487334225,12.964739502429648,77.59037504104568,0.6345658128944897,0.16196330766114947,0.8841915372042088,15.910557596987271
500.0,12.965427877533521,77.6048771874878,0.7586515157618,0.21261991033260247,0.9204146604508056,12.438200097082479
2230.5931655554423,12.972670574529923,77.5977552294092,0.6231040087325207,0.1430768704422848,0.9535215147609696,12.931133005163588
3217.5422557959623,12.96814853118862,77.59412141072347,0.7112685200160374,0.105515110670105,0.8569323608039785,14.36926747119188
4002.3570520960284,12.978479329720514,77.5971100354315,0.5804424671776554,0.21098008409067745,0.8833682940070317,12.100979647060376
2574.0947804197754,12.965470167287293,77.59639414171049,0.6337482853693259,0.20106165328879108,0.9241955402321012,13.412261571915245
4128.615545571292,12.97102958833147,77.57943337453715,0.6917856954427134,0.1714414991781403,0.986817927305322,16.41236630932138
1119.8985417851086,12.98343987443197,77.59110738114651,0.8814649167323078,0.1358651688694817,0.8207630735819351,11.011387281519601
796.6175606448453,12.97501825213955,77.61076521654513,0.7100803870459773,0.21448720134570176,0.597942407817022,23.0
2444.452301103381,12.970999624583115,77.58800675865223,0.8654668315866706,0.15049124807147746,0.9679583149385647,18.012626443544796
2884.0654489393073,12.96558055558065,77.59141698985896,0.7220323291690918,0.1930527824567333,0.9927715918750085,9.919661045949393
2467.305251905907,12.96526768603285,77.58918379236691,0.6612915755525061,0.28824859270632225,0.9200034162130172,5.088385963597553
500.0,12.963093867470482,77.59372984776682,0.8539356522600693,0.23255948847876923,0.9268293218956536,12.249986859448885
2410.8799604872115,12.966189931342171,77.58876877168676,0.7437017622073419,0.13154336688091517,0.843569010585983,17.73744259842899
1195.5304994951468,12.979156658387444,77.59946741502158,0.6357278406117286,0.13625742144938488,0.9500183421534925,16.96187957780042
3169.6725488300385,12.969381117287078,77.5965731341229,0.7470571459400297,0.20759095463718794,0.9853166819684189,14.55660595860555
2866.598246096848,12.958102269306188,77.60233547615107,0.670740525009239,0.13123396589704894,0.9056496341418485,12.594230155427658
1560.1202136726447,12.989281692930598,77.58409058833811,0.5010965803828704,0.09991372593828568,1.1491248330007267,11.383474504032279
1986.1330826633066,12.974799651911452,77.59119659517117,0.7935973159265617,0.22661860056483618,0.743625891232862,13.389667715561972
1440.7864781110484,12.957530565994869,77.59234277368388,0.8094934055641929,0.2160467877160434,0.9162961670856348,10.950480104689591
2437.320902726828,12.967181510727592,77.59915646910089,0.8837942029992275,0.22252991656395663,0.7825647037682686,13.404488975166203
3455.1423205012384,12.972708863828284,77.58666778802792,0.7422143692195262,0.2131517590908952,0.987984592395689,20.323803743291286
1514.2739536644563,12.988645920932974,77.60375653804259,0.6751276575917466,0.19673446441638026,0.7418524571957819,11.915040803002402
3004.0465155178445,12.960518875417412,77.60646415590517,0.7834989427378586,0.16689057261616697,0.7666078457282302,17.443525132207952
1969.742381627559,12.98136040719356,77.58471127652365,0.7849820365318906,0.22580674830439718,0.8366813059450796,18.053695251936812
1707.1271677376558,12.985594864269723,77.58969127105107,0.8638281183136421,0.27649417442025753,0.9265832169855399,10.681594725856336
2392.9696400454422,12.965313456949255,77.58928068491709,0.6955372376933557,0.17493854962782732,0.8404528611338383,11.626512501761987
1464.757677580626,12.968824863811399,77.62092386204678,0.6834421027432405,0.14896298948958508,0.8414558737400907,19.27577374794716
1946.350694652818,12.961236907526263,77.59030099894792,0.6284455580241473,0.14324402902943806,0.8819109545073915,11.296943841397209
1302.1221074111515,12.969565388589197,77.61137625442156,0.7537462086725202,0.15666348833331412,0.8757759840938494,14.770057003156786
4464.725132916389,12.971234100256572,77.58193368004893,0.5451738331769165,0.21012992622380372,1.0487449388318524,23.0
2535.2635519717287,12.978196499980823,77.58470349033836,0.7776087372862565,0.093018621822322,0.9685911119668968,18.919329028245457
1800.2744920074144,12.982501834710204,77.58773395468151,0.7587835121865789,0.2219585212216163,0.8675423260215356,15.340921806942264
2713.979910734222,12.964119039353784,77.58614310688553,0.7585070202458372,0.2321956505148078,1.1097011911213615,18.362922298125017
2387.6719503091704,12.95192674935774,77.59192101265842,0.713822523650184,0.110096082002856,0.949166117485601,14.776311658743927
2279.030400466777,12.971387552207238,77.58751221797279,0.8532978247531084,0.15104097818612006,0.8031037944686452,19.072927332813897
3114.1667000434254,12.974535375299688,77.58640658407265,0.7871993465426863,0.2039840489922707,0.9256513739991844,6.814938274614116
3257.507710047305,12.97409417687685,77.60618471996473,0.63929228086243,0.1928265134847801,0.9535512544865314,14.44293601450022
1969.4988523894726,12.96833326752491,77.60683793622513,0.6410820950302353,0.22598187341342954,0.8312375280938652,6.6546403736287125
1924.18175935532,12.97284752099664,77.60409296498375,0.6120326186585363,0.1929431589241817,0.7947491089193961,15.645420752927315
2224.948302848356,12.986754448083524,77.59983998955585,0.7551283332775587,0.2632384763387483,0.9086459090042442,14.055288406909206
500.0,12.975417341689626,77.5955274306578,0.5999861078760043,0.1839415300478159,0.8639778228693965,20.44291938656932
984.8089378014477,12.96786631574997,77.58962969309334,0.8083392143583352,0.1508483506640123,1.0479127888455442,17.84730947439067
3866.874267444525,12.966598021829041,77.58506842495245,0.8322973308345543,0.1468279066869122,0.9741155824084915,12.895649249839735
4144.9677135012835,12.969901476423223,77.59822995703432,0.6120983731049549,0.23677342546408447,0.835922472591342,13.375134973676541
2250.9639604436215,12.987967399618308,77.58286369607453,0.6814451465407145,0.20148105709784583,0.9425938110948588,16.522786120919122
3076.5569630557666,12.969766992904738,77.58466079070824,0.7016620981362414,0.23168579503625975,1.026712814272474,12.709757629786909
2811.250154543536,12.971402056554794,77.60612913256205,0.7883983160469668,0.23065612496145924,0.760619555410035,14.87050885446182
5578.880808455238,12.966776864290637,77.61360649041723,0.8609343375609877,0.09900750736180797,0.7977221759012247,20.266792258059475
3619.5749114345767,12.982589833574421,77.59853295138167,0.5314507607131422,0.14299586994882785,0.8988831382720469,11.683479265878486
2372.0824085192335,12.991198372547448,77.60566457152295,0.6681819282473317,0.14896874797480897,0.9035601967905035,13.209302536174418
1544.4595593995741,12.976106130494314,77.59214151682556,0.6733983304439652,0.1591967905754119,0.894780249453714,13.770270618202733
893.5536797424274,12.972427729037856,77.58122325813912,0.5599330145113451,0.17898223367117372,0.8689222821212322,23.0
2703.4636358672233,12.971967828331742,77.60072171618619,0.6514889980695938,0.2499574797308593,0.867393967754798,17.43297065002867
1743.6492547156968,12.947756932112142,77.6002928932327,0.7427768944350611,0.259924117619195,0.9384258136821629,19.52827335619137
1077.746290402326,12.979051508642849,77.5953166855388,0.6721321097160442,0.18535545848985016,1.0133942553639173,18.072502847513537
1853.4271157574735,12.97294166415996,77.59217624541895,0.5455378831392586,0.18743595693376278,0.8519047270311574,18.341575463941197
1418.451996385605,12.975883420506607,77.60422210578581,0.9874082698009914,0.16472831379713568,1.1438399345170653,16.894294149329152
4187.141635072565,12.964485378059164,77.58474266966573,0.726617786520418,0.20445938486192722,1.0960691435740317,16.46107680023637
3381.6397569494507,12.967755431210229,77.5868621942111,0.7111694130106675,0.21012604413669683,1.032925562958008,9.197021382125854
2492.0273586833828,12.967489750634968,77.58451893493239,0.5902073636932953,0.24032377775011327,0.9622483334561562,16.43145822537176
3979.944138890026,12.981816229840732,77.59544972962635,0.7260706161971275,0.23992193629912767,1.1007988106470157,14.566625630428168
2577.368307647618,12.967812401633969,77.5837210698789,0.6835786215958505,0.08489409744654744,0.8709884635000592,17.18182761139798
1638.7157986717364,12.992426603221098,77.58775757819485,0.5111476587284594,0.1923727526181441,0.8167395588009766,14.716563333438211
4023.1240772696574,12.97590862419015,77.58754244437773,0.5929744559985584,0.2692050015445052,0.8474027940596016,18.052657170911967
3038.910043684659,12.958843173400043,77.59199391667666,0.7794926017673944,0.17809425363475417,0.7997057196909918,18.75973028459672
1462.7538456735435,12.97031453706748,77.57972625553596,0.8944017650000441,0.25696209091816447,0.912180132231337,3.3513599014169433
2309.661321916392,12.965083248778436,77.59547204992037,0.7367165405043045,0.18467740999944057,0.9299830464127743,13.264428727336167
1624.3817466152427,12.9496561753018,77.60707303650665,0.8103083278293367,0.2087461733720982,0.9200839838681107,7.570452376447493
1117.200269035664,12.987594709401138,77.59595491372316,0.684424469141679,0.14315546538004256,0.89875686478182,15.955778218567977
3426.1775475316413,12.9786314254222,77.610013211448,0.6913453839319397,0.14503757212167429,0.9133154528171615,13.797166488583999
4409.41664047013,12.976932073178993,77.60793998185876,0.8090979027619465,0.23627457861315074,1.073632380884989,20.42331388234642
1101.4324261808588,12.973254036602997,77.60237735047248,0.8662777289179469,0.24409091401003324,0.9620051867639084,15.82897864720351
3062.969236690571,12.957779824313077,77.59534685842637,0.8301096693465622,0.20132144531002466,0.9922508796604822,13.057880094145148
1849.357430878173,12.966763828604446,77.59482500388245,0.593363692461518,0.13862378786808044,0.9190789936686788,18.75428615938234
2012.874616235304,12.98001780774784,77.60223799772363,0.6933041109684753,0.20219022783036075,0.7384411301531922,13.727190168690228
1907.6060757611308,12.961087799702176,77.59068329390496,0.7277524684476295,0.26286174803371387,0.7186117529530489,13.008009776425325
1636.009230320184,12.946282306837492,77.57577479248532,0.6740322036492471,0.28714332350258803,1.1082809990208515,16.574501658567424
2548.521627944827,12.96932893992219,77.59952004054102,0.7387857543415596,0.1841646033837043,0.8468177724768778,21.451885559757883
1669.049883588962,12.970182424459725,77.58328931370065,0.7820576811668947,0.1170066074871105,0.8383248655848068,18.41420763295929
2770.4568257798387,12.972955634164148,77.5849785877181,0.800280975195514,0.24201817997773895,0.924566324137725,17.267723861125905
2449.761890550863,12.978885186435146,77.59460223947995,0.8685870152221523,0.18620184517724997,0.9550402978329928,23.0
2261.0519531335904,12.977976058122312,77.59364875122446,0.6670558895275165,0.247152032078052,0.9676862137334413,12.07035985456203
1592.436337958402,12.97418769805244,77.58047924393685,0.5635966835160685,0.214053611250881,1.0774418532880004,11.981128652231572
1923.2286694316672,12.983555313880867,77.59625491564132,0.7358234594014452,0.1558277947119075,1.0500736382657943,15.58227792175897
3255.391225825756,12.956410302191868,77.6042613966086,0.8883811031184802,0.20291221803296905,0.8189066775361179,21.060105536418856
3000.917187624381,12.976645818144775,77.58331658429734,0.6523024140045941,0.2654169183527164,0.9968734573421789,11.23325609482159
1522.444755201449,12.97786538363337,77.60732483330848,0.7686846977063719,0.19254230055163782,0.8615909081789201,22.01829039025224
2599.332305429226,12.959204377139198,77.5789982917487,0.7695745792472642,0.14825974182773113,0.8862491255569224,9.243510042366449
3251.387123371789,12.956571293913177,77.6157732414437,0.7191442047344608,0.12056779157016717,0.7906010794048638,14.515127797115285
830.5947188786283,12.964140578735245,77.59048739569516,0.7006924721043714,0.16139176565676744,0.730692714616859,15.693862662674599
3043.360192379935,12.964984585574847,77.59605616996826,0.6076570794278607,0.1794931869114509,0.8968438287367712,11.46947233472839
1837.3762410541533,12.979134194635025,77.57567966427514,0.47183379275794224,0.24099995679586297,0.8044018083888754,12.515062540271197
3070.5986685931593,12.96545461216309,77.5939786393353,0.588814929333597,0.14395753660941893,0.9927813678572037,18.186521917342663
1736.7408434574832,12.963036514817189,77.59688482177718,0.66096958508883,0.2776875942864818,0.8718921756479879,20.766222970044936
695.1178993354811,12.965483662633055,77.593738378959,0.8097422687422706,0.13314238945794044,0.9308590218949874,6.541558550015914
872.4575621168374,12.982786323341543,77.58896918922947,0.6896871937648624,0.31657430462784186,1.0367525753915432,15.720945541837258
2548.0849466613818,12.97173043374377,77.58513435481473,0.648097428108185,0.2862759278377236,0.7514704818217892,14.546764385536788
2759.722501721482,12.969807489746431,77.60590526619538,0.6109014558046569,0.20705831246939962,0.8275382611450313,15.429585422495801
1595.6833748955914,12.97049994501299,77.59490807134998,0.765680582850948,0.1176153232615204,0.918088362456585,13.732934097535193
3138.592458777374,12.984520603343265,77.61000752376516,0.8358357166430604,0.1972287969008789,0.9312524815823261,9.838052121774691
838.4799377310401,12.964108282733967,77.58933517645205,0.8063435721867459,0.18065795210067473,1.0103497501272325,21.169187912178483
2433.9202013526833,12.984755082909402,77.59025205306628,0.7606149699758469,0.13628563884745382,0.9867153129040598,19.6373183933228
1288.9838002375434,12.973704962989215,77.60275594244597,0.5524387253617059,0.21455048136237212,0.909693362573074,14.58404324441247
1848.1638921978408,12.969995806180247,77.57837025037996,0.6648325757156228,0.1588178435072178,0.9303404670597255,13.04674715010663
2547.398671316414,12.996609004979343,77.58246536639847,0.8947304228889674,0.16425470764752093,0.933107589099049,12.562237483976482
1639.5866347160477,12.961043605102015,77.60557484971353,0.8121950491915224,0.18981606827138223,0.7530287635326245,4.6573871007420795
2115.4444557701745,12.968063142404331,77.58288066070777,0.5462496781765275,0.17125455856471483,0.8843624522645038,16.415280298409645
3506.2928092144407,12.959275687608361,77.57640948984698,0.6944409476800728,0.3039078308555015,0.9248473217997093,18.121294361211376
1923.1081304768513,12.981124619705362,77.61328527188073,0.7363098432661038,0.17321426835002252,0.9458550858785106,15.551608464439074
3335.692112065142,12.988491889336517,77.58066182352125,0.6237841536973779,0.2220440505697238,0.8075636559935842,14.654654261600989
1370.2931453423819,12.988299227814046,77.59644119398328,0.46907959785911507,0.2072761246105181,0.773120208747111,15.533534033946339
3029.8041779152827,12.98383948753146,77.59529085192725,0.7098824045016431,0.21763751126294362,0.8765467407481919,11.587096076969694
3941.5686206579003,12.969623795322041,77.56649371683382,0.6212241742379561,0.22145442018054662,1.0967366111091494,13.001779090518674
500.0,12.967947590225101,77.59192682976833,0.6216158260915315,0.24406807433030614,0.8180752487271331,14.334667887071367
1703.1047445295233,12.95488830227506,77.5990841324948,0.6645319640069242,0.21332230378093212,1.0173928247354809,17.78670629905958
3077.07212718054,12.991958735351819,77.59814309381518,0.6866324085345188,0.211244789744316,1.058473964304512,20.515433493180446
2296.9546139570075,12.976289780781485,77.60363520683804,0.6990917205904313,0.202923853423407,0.9045466526233193,14.083408628108176
2871.145873371309,12.966680430951305,77.59072508685095,0.6116010101077998,0.1930791073830013,0.8320152065346549,10.820857849738337
1896.0148132841796,12.98488056888987,77.60172504442092,0.6779790470365922,0.15441010591696613,0.9512819563658226,15.14258716305372
2586.5897874729,12.961872354832401,77.58770670931919,0.5242576629597244,0.19695658112898995,0.9194990292099496,23.0
2344.3227646079204,12.975666220342227,77.58049532583587,0.7311039065368078,0.2120633687632767,0.8140896019809691,11.168774259465064
3667.7820616598074,12.969873708657092,77.58162271624319,0.4143724586658842,0.22010822782863976,0.8341197173628224,18.54336298853125
2754.420843301213,12.977986771398804,77.57997889544805,0.671050991956638,0.20901423864951182,0.9453579852145332,20.343842224482422
2837.6026620752023,12.970964264608138,77.60469585967891,0.7919186153676953,0.18835224932757333,0.9933440408168548,13.559940560698056
2088.1230338775326,12.957090721088889,77.57945426490942,0.5940659312725173,0.1971460048402051,0.8677209798684613,12.197101689123839
2012.3937759275063,12.9723557637267,77.5973403884065,0.77164302036574,0.1723176757724604,0.8930866435111947,17.29982673133301
2067.441812180379,12.982088641418754,77.59194075805928,0.8155732712120892,0.2156611995503282,0.966863857051108,16.41286709121666
2894.4521423782967,12.971307835941461,77.5935735142655,0.3692100047502611,0.18894358860429392,0.8827513115826064,17.779096685283548
2079.015519179737,12.97935115121589,77.608236072952,0.6848637096424257,0.2090280469098735,0.8700673026704115,23.0
2789.774856896413,12.96114470514326,77.59021572632784,0.4124226572371724,0.2500401521691276,0.8244659180272774,15.668186213506255
4575.400798645439,12.971337392067301,77.60071601561549,0.6881791554429053,0.16453205451787903,0.8227315376625969,10.231100604175591
3371.124703431692,12.965354895449115,77.59497563351381,0.6992828789018672,0.22983476904552422,1.1668882758223256,15.266560008673697
2173.976467832159,12.979069808401048,77.59307981094368,0.45174560140891606,0.20166050899426866,0.8803798339920919,15.966227176821524
3701.2139221639445,12.971914915622621,77.61759969124387,0.8924838362079865,0.30105967997903776,1.0365058321512224,20.068674548352995
2091.9246269784485,12.978500736763367,77.58018658254285,0.7286015807634625,0.18918498357682453,1.068399333751907,14.212942418289188
500.0,12.982477104261578,77.60749131835438,0.6150976567917964,0.23475822915755334,0.8816417710506841,13.36372866521846
1491.913689082596,12.978516185751214,77.6011640656549,0.8465379427498518,0.20076767258779887,0.936842980843477,9.51522401533364
629.2080789741444,12.974331184342937,77.58980475005369,0.5204386779357683,0.13058477458432532,0.9102478482033032,17.18965116825652
2148.486515958691,12.961617877414886,77.61089318517442,0.5770828966481683,0.17396554522404278,0.7387817649341324,23.0
2518.4183791895516,12.97157213889333,77.57611889887612,0.4700544476330101,0.2440235552714197,0.7448026987751838,14.109636063984246
4176.437312275282,12.966269095979841,77.58938233342701,0.8801045196539333,0.17836527696958634,0.9048848466904273,16.807819818087793
2826.9273737641624,12.968159360432958,77.5825151779573,0.7332346371472003,0.08898718425801931,0.8575086461391404,12.808668586740147
2280.899471191136,12.967854658492499,77.59872083464872,0.7659401789848495,0.19842984915377482,1.0891580338393592,9.874860320016637
3329.405581183489,12.961800744252178,77.58346935898813,0.7301001233918475,0.1453831851024495,0.8763427061305382,16.736943756802123
500.0,12.95202661410866,77.59893063946741,0.7573767761144584,0.20659088662983596,1.0950928997068126,15.112753133748768
2735.614558108566,12.964918569516723,77.59273563584179,0.7078077713895989,0.27755735406990095,0.8523608603864457,5.457783427736706
3270.865193886967,12.973533794519241,77.58980646057344,0.727092134270744,0.23847286554014518,1.0912200420608933,21.440114862960478
1021.4137542201584,12.958118229545725,77.59848647246034,0.710760343622295,0.2768327914369989,0.9506424496947347,16.663857505348464
3643.754043206929,12.971756822364716,77.59191378376062,0.6391408194430721,0.17192439892777545,0.9563291895771198,15.295582200414417
2838.496407494414,12.99060268424311,77.58371365156941,0.6953375234785331,0.1928416833182234,0.8488236043266351,13.312092543630765
2084.7120860991986,12.981830565552523,77.62261372989634,0.7273594573261677,0.14777819015961102,0.9576917180403689,16.621176441972366
3132.7818661062847,12.988035415091206,77.58972832816971,0.7110549119552131,0.16579782774799526,1.0692713433081251,16.80558380966414
4770.692857804395,12.975511278769329,77.57242390919848,0.5522227892246683,0.153655758385691,0.8855172505939862,16.60528549490685
2681.866255058495,12.983275098229864,77.58617901310278,0.565501333139159,0.13466385153940214,0.8660603184633382,19.271972178013957
2748.220586300336,12.964360352695323,77.58192723311628,0.8082841433916391,0.26829283126656706,0.8753237461139912,20.18108493533338
2040.6391004597558,12.96515659732978,77.60286145616041,0.6693005954116598,0.09540198524867889,1.0620111605006437,23.0
1650.1556305352083,12.944208597938626,77.59781652659592,0.758472534703594,0.26850694524022783,0.9855351207001086,11.652631270205113
3330.3358165442455,12.983461454740423,77.5985871280179,0.5907880090277603,0.2623029462460116,1.044767999047112,12.70631394493113
1643.9161740911327,12.987003239798199,77.59089977534163,0.552685412335347,0.22498963377394993,0.931362271048427,16.44472866816655
2571.5662372193924,12.966068227546527,77.59180649752943,0.6156403387468287,0.14427463659529655,0.9039319356777832,11.88363656504886
2022.3425532348833,12.969060482936028,77.59089068896392,0.6777434929228586,0.12089124442783965,0.9423944039070633,12.527939710511117
2978.9798257463917,12.964061378863091,77.59378806815864,0.6334859700715587,0.17257981593682178,1.007015853441254,16.90091832602652
2833.662105286948,12.975426535514776,77.60295333435364,0.8293933523105713,0.2312560228169962,0.8752881757412135,18.6033694199194
3537.539944257899,12.982849325453033,77.59796075412505,0.7179523301537462,0.2001531818720337,1.0368676993356787,20.103711811115453
1989.983601145253,12.95417228026119,77.59960112829621,0.8848938618561858,0.14782502524526214,0.9365830557065877,14.229542344969596
2230.1250647066286,12.975694385306422,77.5995955890825,0.7404408154071417,0.2574102392328245,0.6593721861969821,16.85261185415188
1521.2362842176926,12.968833282282809,77.60344442437382,0.4587449182080189,0.2842191664090769,0.9883493427105194,15.97103094357508
2055.7067399238886,12.972733943919668,77.5974815004154,0.8056041606458554,0.18867004179927013,0.7727694986738017,15.070629780719944
2877.3004930448524,12.976189940016743,77.59818848072679,0.5490448377530045,0.2054668451798673,0.9859172760673988,11.735963339167931
3256.9886166453516,12.969717975612273,77.60648806241193,0.7230533667211338,0.1245575658185252,0.9901517998238166,11.227155643189914
1577.8346758223747,12.970564131465943,77.58794954081996,0.6225315942336155,0.17928066419454824,0.9329892597381209,17.666699119823825
3369.60592010566,12.969461248324453,77.58604257420049,0.9142711034464186,0.2255219989000497,0.9543680898876694,11.668722480463192
3855.637858804951,12.981303162017884,77.58274078400814,0.8439597927430135,0.21774282701288888,1.0098870787843988,7.892324700691893
2913.434903223701,12.975787599601276,77.59642914563621,0.6258179358298241,0.17461660753951466,0.8504372326189272,14.872954706839248
4376.795812558066,12.973805835377375,77.57606267758781,0.6872642331878888,0.18628782457617765,0.979342965970248,20.820961208598998
1726.210800896427,12.958890482789078,77.5992215409606,0.7244598069649217,0.1776394631727724,1.0163023302957037,3.8205982463910324
1255.345296688583,12.967814202567869,77.59350806905499,0.786341407156161,0.18607676431408077,1.0760082597538478,13.846678907385952
721.2797510957214,12.980586691603392,77.6059463969982,0.7029151912325012,0.22116174012590634,0.7894219713940297,17.70085946130493
3996.044311489183,12.97197696573124,77.58788082689534,0.5975105100619132,0.10162314573154388,0.9408516064987769,7.7060142671407945
3154.3656563540576,12.978195314695892,77.59256681714582,0.6282441360799946,0.1962825242596039,0.8038510800938535,14.146668335195672
2444.415329089545,12.989265118003276,77.60582203333293,0.6995518203623208,0.21749877678128446,0.7996077982298502,10.442171021789832
2779.96862631982,12.981986060692089,77.60843135646778,0.823445697876469,0.17147576571794615,0.935902777240598,10.971287543972457
1374.5109527016234,12.972531583376998,77.58779847634248,0.7427837860536044,0.17603334780175595,0.9077455814796139,13.390327169191918
4945.751979616826,12.966490108298043,77.59641781232587,0.6226585073384984,0.17748027795922752,1.0145001478521984,10.50740843947132
2629.2211819752274,12.946064504039441,77.59754418977684,0.764837277770979,0.176047501323142,0.8653823550405791,10.17479718739275
2609.394794604893,12.969916150775273,77.59833653405622,0.661301516112184,0.20029418889251868,0.8865948563802989,14.763072993831983
3225.766623898692,12.968339875041831,77.59197424340684,0.7890408005186841,0.2064501379006892,0.9211504262338185,23.0
2981.0092317367134,12.975503661943954,77.60741383398124,0.9527010418328605,0.09497428418831003,0.8138171148563544,18.030973269791424
2723.884024279131,12.970060947730254,77.57570296516379,0.664117362905645,0.23264401857361441,0.8276930154984069,19.04213106815342
1709.5255445546882,12.968396149405633,77.59038869765199,0.780160515972637,0.18550005578265205,1.0116098665772553,18.18904975367538
2971.4683571359956,12.953806010694928,77.59907930732773,0.625460666796227,0.2966481587734267,0.8451044958718892,12.20994554928313
4382.024496475034,12.9622003217085,77.59917224811949,0.6887736232808702,0.14041757305506458,1.0182476566449685,16.24332891646464
3845.4200461549776,12.976366510408006,77.60812759030615,0.7029562286872101,0.15663427456228343,0.9607312580668295,19.390777043769337
4093.186626639397,12.988759076311327,77.60658225393202,0.6806316339955619,0.18985455107083696,0.7452468974511065,18.313349871127166
1988.784323568815,12.970624746162544,77.59174458374693,0.9463013688775024,0.22066127248430178,0.9530378691837789,15.77820402947354
1510.3951797414193,12.974878110735741,77.6075987124353,0.6693406925321617,0.10246163363142492,0.9522479823094128,17.080185976775574
2374.2130799003517,12.981124781569529,77.58745958256223,0.7586851538784868,0.15854499739419467,0.9422928608511285,23.0
2555.7249122886947,12.963491060637997,77.60390887382792,0.5069913130676567,0.22956600802869218,0.8858123273616989,18.357772868625382
3594.1915184709487,12.975268140432854,77.61270522478421,0.743199656336961,0.1525938026783729,0.8059932544608148,13.739362571209405
807.5353702851805,12.96419509893668,77.60674944106854,0.8142054592352246,0.2685013188188114,1.0346212766112621,14.703851974941612
4029.5503194606135,12.98024824438491,77.59565770383524,0.6472402657420948,0.1773058200575464,0.8898420411277165,10.783394413634213
2341.9921014210104,12.973114030479518,77.59128221228228,0.44897778589595866,0.1550313399329052,0.8116593839664632,23.0
2073.11893005258,12.974584518139816,77.5793140870374,0.6961348231172675,0.230512212889476,0.9457468686088009,21.415478901774176
1487.8956247398326,12.963774014025814,77.59770539637914,0.7017183850385528,0.2803808693412223,0.8257220029266743,15.332852145088458
845.1433281342306,12.97867032359611,77.58344782772029,0.7724075050744303,0.22081981293719483,0.8050913971714879,23.0
3323.1705839619144,12.99244712921231,77.58666865336386,0.9010903035413433,0.26302146996116293,0.8624527387797561,17.52960017981991
2573.317967188404,12.961520883045718,77.58269254199263,0.6619946349399692,0.2838317670318482,0.8334602235681926,13.276614329536729
1210.039100258946,12.968202409923526,77.58999607667343,0.6143711876339719,0.15390706600362108,0.8087757748015426,18.62581016207919
1204.921227936384,12.973916074741682,77.59432030585513,0.5833082198628556,0.24691956670297935,0.980641176226176,16.594573887186606
2164.215300709872,12.979464062119959,77.59733614581165,0.7198078617031599,0.12382647453482264,0.8886172185537601,18.351427113105597
4169.021525289393,12.966004537147105,77.58859493364587,0.7479354258818501,0.22124512658931925,1.0252279945515892,9.52363256137513
2240.4086486363954,12.943269697098573,77.60529283706396,0.6454344605637415,0.19643410547425905,0.8145490522270065,11.75874337121092
996.8570468818939,12.985191894941641,77.5925179474201,0.7778682745725789,0.26214751015210314,0.7272438962363664,20.9538833204927
2254.2569359140557,12.979205061195842,77.58672277566734,0.7465384076819175,0.25861257564924206,0.9148770349249417,21.772549966256225
2227.2764302523296,12.954170524695133,77.59686292267243,0.704323168964489,0.22848916752672013,1.0855978921806415,20.660450907872217
500.0,12.965524312082206,77.61423552833544,0.6097585279255874,0.21492139497414092,0.9530986829362003,23.0
2445.7051334821876,12.987281824295273,77.59795160566536,0.6518135684515276,0.22541843383609755,1.2215374196212831,17.309473192855453
2269.065469791322,12.98607796418458,77.59097144372626,0.4570244702317454,0.2030885435688273,0.9332059120949089,17.02833345132172
3196.206364813418,12.98098640022679,77.57932538643881,0.7235787064198034,0.19694021294460481,0.9235552211288091,11.34717239510475
4348.956094945345,12.969838875660402,77.59240587679028,0.7026341288747435,0.2721289086126222,0.6844637328942083,12.67787423661478
3626.565029547757,12.972429874188126,77.59694928125089,0.7188478991089486,0.2781444909839088,0.9427947440588529,7.046956310761793
2231.1113094451694,12.97029074194874,77.59072419108745,0.750431901556456,0.19291704011488967,0.9168667760019291,13.714055950529174
1393.4740912583297,12.98288239783269,77.57794615361759,0.7385821486432222,0.21188182015053725,0.8592578801795463,6.765895644667008
5073.35980324986,12.96284157593505,77.58609434610497,0.6889616819353964,0.20408276123863872,0.8863221132940929,19.323864683454776
2559.218434014488,12.963542003451158,77.60914538460888,0.7048668043162752,0.11941507790314027,0.8931899425657821,16.55359547420181
2513.929291912946,12.981702745868361,77.6089400100373,0.559568358330383,0.1831782211193997,0.8820070847067937,6.89532301441564
2475.8749128899967,12.971156385444885,77.58573360830795,0.6416279354310573,0.2799852100524052,1.108971496312596,14.240545231346072
2698.0847607678547,12.985384673554538,77.60132756787199,0.7050471053683461,0.16251120624840948,0.8629137972194991,22.870622489394
2355.6395880760574,12.964884877930196,77.5828142721523,0.6264146424087639,0.3057271731150651,0.9169313723853858,14.497335396657025
1926.3379931197637,12.971052216396613,77.60864316281994,0.7860150795872546,0.2586063154794691,0.8596098916613794,11.006516225448031
1953.1410587596079,12.962375870151561,77.59705235847895,0.6341367919044969,0.22007490752731046,0.9783431186643881,7.857990922779037
2467.2467297840017,12.971673626814237,77.60409641498616,0.7216305411248316,0.22804216429882104,0.9176763699972207,7.977413550224445
1956.5752288662352,12.956814530630012,77.57744906652817,0.7116565656815336,0.15413966518324873,0.8720089426829518,17.142319871424007
1787.1542173228356,12.96672366579045,77.60137637101924,0.7746277593610409,0.1867385623887649,0.7074032054092817,13.264509510701021
2606.430227691897,12.957237461350719,77.59452325936316,0.7900791174028301,0.272069955516088,0.9243308225288751,13.596023433602246
2245.022782579145,12.978539232331913,77.60311929070791,0.7694032610967939,0.16927353304132334,0.8690423726420249,13.281013346224123
4003.9929885826887,12.978765893397597,77.60374867798097,0.4893993798616866,0.25305658784744,0.8939259343112899,14.439040202141026
500.0,12.954297372695157,77.59525784689475,0.8194148148013126,0.13114799052814707,0.7817542052754667,10.091348005187808
3591.5068519224615,12.984938857455006,77.58859170360904,0.8527308224194597,0.14009207937624948,1.0433282172720195,16.264419974757512
3746.085192497629,12.996574151264198,77.6023969618218,0.651787571567853,0.29506923327931583,0.9856743175843872,9.309175024973221
500.0,12.972060063867364,77.59399845500594,0.7236646912672849,0.1994081426879838,1.0430705997640632,11.976630167834985
2157.312405919651,12.965188857397754,77.58587215046472,0.6109168319869218,0.17307500565028297,1.0146979300780954,19.043310790660495
2128.5591340042083,12.999843305910032,77.58539847768542,0.5051621493267848,0.26813704134994815,0.9592317302127462,16.504819998900754
1092.4883052821788,12.958410315016975,77.57982835583688,0.6261284734457613,0.2622910777481752,0.7857717491273557,17.74272738480553
1722.1833124091247,12.971801064668691,77.58949708840437,0.6459860960536389,0.24603772826286194,1.0843387164071858,23.0
1389.4241545341713,12.97339622272632,77.60562692046075,0.6645149268648184,0.17150510402939473,0.807236484911249,14.76138395878201
4252.270443423623,12.985051476204525,77.59637829799705,0.6041085909994012,0.18565412120311622,0.8731592375925039,15.085841040099911
3435.678393147461,12.97519738975127,77.58930232294077,0.6266574833182761,0.2155814411862365,0.9706902280626921,13.942716176598637
3771.555094994159,12.966613661042116,77.6026485593818,0.6988993678371592,0.23471996710736187,0.9756540787187405,13.226343410431411
3221.672064043235,12.96208815629612,77.58627523378277,0.6229773016889857,0.17457582129907315,0.9572236726944559,10.957636690424854
1370.9482287827707,12.968181781797538,77.59555350274333,0.7543524332550028,0.20853685553103485,0.859971151867091,15.33625924478341
1975.4797337202262,12.96153072639055,77.59280369627274,0.768166065139744,0.2133695650398703,0.8393068372644525,16.420194426384626
2989.374561227918,12.972078253197846,77.60239130625588,0.9380387746164489,0.2643384878187627,1.1534532568606137,16.643081356771585
1277.8721911080547,12.965958038201396,77.5788277162908,0.8125679932123462,0.23772329144675597,0.8960686061500167,15.257455307468312
3212.998430172388,12.956659622067104,77.58609802254185,0.7243103058328414,0.12465991775823547,0.8838228615361164,18.70468321927993
2259.674601841865,12.98415145788375,77.57821754340905,0.6379735703332321,0.18931848457573072,0.8286443509061246,15.11774676296955
2125.1791924504023,12.96662327476571,77.5920040327819,0.7293747351673998,0.1535608315008292,0.9244670349070958,13.362792447064153
3210.9599682034914,12.958918631950247,77.60671427503632,0.7326595959916355,0.2284043710305837,0.9198022800578071,11.292047272101929
2944.2633114860396,12.969917408655125,77.58954552790347,0.6486686910994339,0.24615766752525223,0.8983773791295705,8.804099153688284
2139.03383418092,12.972283715659676,77.58949316061805,0.7783731396752878,0.20507779928051223,0.9381726646787887,20.84166071174594
3659.329803364248,12.95413533274421,77.60331724424184,0.5601901985318124,0.18659364846860751,1.0763537502442353,12.203781498050677
1418.9366724001027,12.974916476671257,77.60528549558455,0.6755600164462489,0.20345848965179916,0.8404947293709102,11.297331426850828
3115.935606944264,12.961128424313097,77.59371428932731,0.7555858459317406,0.21044596367388774,0.904308374220212,13.329847086692109
3093.101257968384,12.988710288091909,77.6014471485405,0.6712415852407903,0.16799501741415468,0.8352151547449445,13.886444853864814
2190.45356068601,12.976839605120768,77.58383045459122,0.6793245596570728,0.13906444496153175,0.9294698360825628,21.554049743611095
2826.133022242118,12.967601000098908,77.60837974333926,0.686221413880772,0.09749304787223234,0.8431530498625581,13.687411587635317
1248.8864236146972,12.964148322296827,77.61608706293937,0.6164398759312254,0.2633591065869442,0.8474557008565811,23.0
3424.027019206901,12.970550322924364,77.59981215791188,0.8173900931574207,0.2248183121817483,0.7540476625944375,15.254788818612731
2315.097863557011,12.977727907415833,77.57375668378657,0.5981962328077184,0.21812555056720864,0.9097794782819675,23.0
1977.2769794809606,12.971345058714148,77.58901769737602,0.7318159327409884,0.2632599443976475,0.9429769621904978,18.575717125722885
3549.0092258368895,12.969428411928632,77.60072825321669,0.7413647898282373,0.13722659951537916,1.0860476353192294,16.44414967937905
1795.6563094572407,12.972183702908179,77.59038517002834,0.6051378098791033,0.11321845620724907,0.9469502481189845,21.31139253294995
1091.5387036364402,12.96556141068763,77.6073219855425,0.7073104254380743,0.2192115958259545,0.8550315876702681,19.488919175761197
943.3708264760962,12.96816794073157,77.60048157264436,0.6090367827255297,0.21466356877217152,0.764032091231391,17.538716336744354
3106.00995134564,12.95074207561095,77.58753524499234,0.8391042475055945,0.11343465951636234,0.7778712994334522,23.0
1219.5706475037168,12.981337262308525,77.59492264810771,0.5861217063023787,0.21797605310702362,0.7704371660528028,13.006429152185508
4254.7941819843645,12.974587977803218,77.58566166779362,0.6346102905768035,0.1799888523800216,1.0878042035449382,11.02034529615307
500.0,12.963865441559665,77.59277415121588,0.5775774991644419,0.15964559701312092,0.928781049692637,12.295077032752184
4196.456368290038,12.990587349813552,77.58905406759567,0.5642301273132447,0.18332881458587938,0.8417033780738108,22.00909276033422
2711.0174672026183,12.972470164803925,77.60634761800233,0.8591215290882293,0.0779235714540765,0.8040140394846735,20.80304008434438
2403.2868881296076,12.961238564280249,77.61576012056831,0.7542774673912561,0.1704312888304031,0.8143892159606079,12.898952402078459
1955.0809131910503,12.980167374214705,77.58028811666765,0.7140293425700543,0.16478527152578978,0.8390700605493622,5.581394849624536
2899.1361143520708,12.975580482165093,77.5753678371379,0.6343423036653077,0.22785512234680702,1.0316255216255152,14.17661985448511
2462.3652975751515,12.975545799854842,77.59214827578148,0.7907611811046769,0.1920884931744557,0.897005655294225,10.946942765634912
3603.3018820165216,12.967342443953484,77.57941584301172,0.6175777560632547,0.2319434436839441,0.7552533582726051,13.024256114042185
2614.2276486620394,12.97610495723778,77.59506211603671,0.7793639294330102,0.07252303276316596,1.1310459274730371,10.782363809016328
2650.3017614618775,12.96898241709779,77.60208936113806,0.6127488723394363,0.1580450888714476,0.7859838860634103,8.561847692083905
2136.387787786144,12.977159414516459,77.60954141897267,0.6355492298124328,0.22779985257857222,0.8409164690076133,22.532817473323604
2443.0543762789325,12.952550555459894,77.59661394558715,0.7758282386117921,0.18455676847134225,1.0310144387633882,12.265327184226326
2807.801768892059,12.967261265370208,77.5926684477515,0.7863827344155767,0.24227302664871836,0.9415149632609067,20.650671213036667
789.8316073433743,12.988821550978082,77.57481615083427,0.7597472933896761,0.10976985453053884,0.8530077000375791,14.114516360612571
1151.814577894287,12.963929325445998,77.59486185149186,0.5950325884243205,0.23655554198447373,0.7768633073906166,10.476783181790225
3243.2640940227147,12.965561617025068,77.59531287260549,0.6553273134277171,0.168043039110748,0.8033309891074973,17.03627355971601
2670.865438127942,12.9671203866155,77.60098956814213,0.7156898741198513,0.1631901457808663,0.8093503880923534,13.435772572268283
2316.016663647321,12.959451938641115,77.58751511898471,0.6150719038089908,0.2495523523463726,0.900703179784955,14.171595577347011
2518.4339330653934,12.949517192237717,77.59024947399764,0.8370962760129292,0.2580950564978253,0.9191061817281304,15.579623737359071
2847.581705361671,12.969294136014764,77.57981997744696,0.45980530560494537,0.2517349848043641,0.8851345371368657,11.751148657005244
1960.2403196906384,12.972958594240817,77.57168707193117,0.6221260484630846,0.30193209625241335,0.8960786186075671,8.515454583518563
1721.6952745976873,12.971074949314614,77.58351502909203,0.6490433497130168,0.2633401804221667,0.7949276804805679,14.79492154106265
2695.8452550976817,12.970151214380522,77.57889674185746,0.41560563352282315,0.16022817081338506,0.9293136106223889,18.855670810535344
1521.6272223849678,12.972030408708504,77.5979671229542,0.5603770869763809,0.20708190640678253,1.0280518636836997,11.393634964352978
2908.2527557144717,12.981828414715508,77.58941865943333,0.7625289512542068,0.18199010457575326,0.8837208318250431,15.615849065062541
797.4163957621597,12.969695538140709,77.58921762869925,0.7030283636552963,0.3014544929974533,0.8817713293570527,21.022028594196787
3529.1556373256435,12.965859174229127,77.58475586953824,0.8573136022042902,0.2552434977349355,0.9083001052052848,14.640940450904608
2972.597482413043,12.96878874515112,77.56227434567488,0.8545226445884819,0.19055599316432723,1.0118204859759392,15.344377487183436
2756.0297343138755,12.977393467597569,77.60968310748747,0.7433046378603946,0.2438954898876501,0.810527700056136,15.220849414401545
3482.690983945514,12.985720268785434,77.58459729477224,0.7313238249000711,0.13839007668434478,1.0450847335732136,12.27062229642776
4165.474444462577,12.965318562608308,77.5904757993015,0.70659311085789,0.21251308688227366,0.9421222239435237,11.026581926266495
3514.3700650181304,12.97258933787029,77.58005107834711,0.4344917982120509,0.1531038753698458,0.9028680695698867,11.042950522715703
659.1257686683548,12.97498357441936,77.60431930343441,0.5605440486673924,0.11557038996862966,1.021323883666432,16.47273278802909
1220.4230332642985,12.961674219932712,77.59603428937038,0.7100675503098933,0.2392268118764917,0.7817937926123544,18.031489447730976
1875.1814223043211,12.97180417167213,77.58633634714734,0.7616025708747671,0.24542955475937758,0.9522045536244709,18.22032895375141
2526.0910502108336,12.956943261426579,77.59067770388656,0.728966981213814,0.2228606318105993,0.9430309564506618,13.48582858497815
3017.659020469123,12.953909496962606,77.61138179922125,0.6107535032284341,0.19085164797167495,0.8064544935606207,19.373234163722586
1774.2561868465345,12.975267464078923,77.5938703056812,0.7937406282469495,0.13668206725767953,0.9460638122953822,16.229455278041705
2686.766764477078,12.967761252586692,77.59278266462384,0.8482444028754637,0.14193265646413764,0.9283305179380487,15.282968887164076
1744.6170676466775,12.973622804076212,77.58518618513861,0.793798960029134,0.15153600101306014,0.8821261880310066,1.6425733495856605
1888.4821970080518,12.971421050229917,77.57565418849528,0.798959932959047,0.1883163354137538,0.9862817555230333,11.730361553574468
1093.3389031517777,12.961835999513362,77.59299961326421,0.6440774202044789,0.2538089366802458,0.8428245747642336,8.915608391050897
1576.7667538890958,12.971147456980358,77.59785485112324,0.8075934122700799,0.25302021055393265,0.9270321245843369,17.508294028256437
1148.3153943836664,12.959268986949851,77.60559584464328,0.7145758639327657,0.11757162001935616,0.8868326217544681,15.38013332772013
1524.1267470226671,12.985509723580014,77.572115034655,0.7511555528522005,0.16533833316415264,0.8385303176992333,10.712054454459565
3553.6417966078398,12.9580402965514,77.58334903672977,0.7365431842824709,0.16399194902140807,0.9502884685118772,16.217450233870647
1550.6011111680568,12.969642147290315,77.58879258909444,0.6878512894559589,0.07342084357493772,0.8792264252650849,9.30603053517461
5132.382064837391,12.961177284119527,77.59456519151426,0.6139997524877697,0.2283060473474954,0.7526993541290453,10.824947606929662
2993.3179008808893,12.977304211733609,77.59314966308472,0.6917863336445953,0.18769200878407394,0.7198933895282016,12.159114676540238
2684.836123694874,12.968285686287185,77.59338311314313,0.7986761617482823,0.19434287316845122,0.9789057468083202,17.16054528737946
1641.6422198187865,12.96641333280379,77.5986809605857,0.655852419468709,0.26729355291878193,0.7779399892773169,20.597766716815613
3200.3098794089915,12.980132015450517,77.5855670688922,0.7893347262608146,0.20441545066421787,0.9279384493400606,12.65596620662426
1924.3621737622261,12.971894305916775,77.60394141442234,0.7737070670617672,0.17846347675169913,0.905495189362815,20.289834566433107
2622.0098146453615,12.97676644445936,77.59893452441699,0.6701062602980169,0.22860388105024718,0.8631468223029101,15.18961420244584
5060.084538268795,12.961786740634826,77.59140167735872,0.8388800103619576,0.2529435923287781,1.095666845721534,15.944552643700893
2403.9401002753502,12.957551830560725,77.61060907991889,0.6644453328809293,0.2148233783024613,0.9179674018460446,14.744781769090224
3649.2733262856755,12.972672079620402,77.61016416035572,0.8509546862612631,0.23445947993490746,0.9755633482682066,14.210744986455738
1796.8235748741126,12.968411536445053,77.60392895355194,0.7434126981540972,0.1927216175128558,0.928481621533981,16.7572001469557
2465.0115095030383,12.97786434672454,77.56441443229433,0.6984134081546486,0.19590711268201688,0.876846057688252,17.96128474472818
4270.80063563551,12.970800915473374,77.61038945092717,0.6112198619662346,0.20565103551494143,0.8980911249764059,11.461554785456586
1873.0329422122327,12.973650753392347,77.60254758522471,0.6911739769864959,0.16234395247836692,1.0458542765660483,14.242798121721975
4312.448557996929,12.955366174700588,77.61466408637713,0.6796240486505579,0.17159691928151996,1.0088105292600429,21.67710038889306
3207.751935455475,12.990484369396142,77.60697464591733,0.5741703614749094,0.2688939820909237,1.09519864316886,15.708754617274092
1937.5332241057324,12.96995758014968,77.61038342677497,0.6782384577282332,0.30039780479311606,0.9221642092972884,16.146775417716594
3132.407739055521,12.978575869703393,77.6033865485018,0.6196196819902914,0.27960989570190903,0.8123062934299252,19.66907415586971
3472.55444962673,12.963239083297804,77.60808693198645,0.7585991768978781,0.13383713216157261,0.8559483055640188,12.995022002861353
3121.8099622171967,12.974680099022175,77.61454123740734,0.8306280475728203,0.12900712327075137,0.7812221808201409,14.864157512394993
929.7752801095435,12.958571552364752,77.59676554738378,0.5773084323704759,0.14046452840274196,0.9767044128875277,18.26737958639432
1772.8628241751314,12.976120678382598,77.57887769455922,0.8712307728366923,0.20671937209397406,0.8414083683922752,19.955608925113367
2252.4813644484952,12.968040259156142,77.59152539099985,0.687144896561487,0.059563770382116826,0.594468205368049,5.539426825978346
2425.5665708999536,12.971891905039357,77.59849945599383,0.6024978615061485,0.17055992166902498,1.146377569832993,12.053324836418508
3120.672097550678,12.978579740301301,77.59534887584371,0.7757754780208183,0.2703549644580557,0.8429398861511684,11.006538774602902
2677.701000933254,12.959274596887798,77.5821343803384,0.6553545521744951,0.2491219415364454,0.8423409074514191,14.504699586431808
1164.6556412898988,12.964755082693873,77.57828932374805,0.6918263323968505,0.17454526747132465,1.0671611692660368,11.309308893626127
2880.1978510059635,12.976173242810868,77.58718837331365,0.6595721755787921,0.17833222794146814,0.7791748549202484,17.656421998039633
3110.585745283823,12.992582214745468,77.60267739555984,0.6183262068135099,0.22836208534034522,1.0136605886533168,15.689641364195605
3059.79044793104,12.970219176653385,77.61040339770823,0.7723997032401904,0.24676343776220996,0.8412557556575979,18.55676067741666
3580.7807255546218,12.97751136117924,77.60376567613778,0.6713698597105813,0.173343136613012,0.7676204555403141,18.812031829494273
3333.922154548904,12.970530285301416,77.60517427287114,0.5563348207820753,0.18828169891402813,1.0705717761378137,17.716344073663393
2959.1800792284366,12.991022455947563,77.59379184426837,0.7551060124215933,0.17169951357399885,0.9923096947062527,13.656837795559902
2429.834288541353,12.954127783330348,77.57717917542294,0.5794417648976244,0.13343252793123933,0.9920000984515043,15.417110155026492
839.0390664840086,12.972546210446694,77.59004779419118,0.5846739827324741,0.18901281259890929,0.9367655546788775,13.156504378720792
2929.618219132586,12.955344559664379,77.59201235588128,0.8192606204977315,0.18520362298956183,0.959910163307768,9.541058744120836
2707.687687163111,12.946534284294634,77.58962947513164,0.5803660100789787,0.1369677942005672,0.7767841975251957,18.815151388350863
2771.5788371953736,12.974574620531179,77.59514694865375,0.46835551430725086,0.2323040468818865,0.9111610857244661,14.663741490922812
1223.2514241796905,12.972994977961475,77.59901419759893,0.7622861484961495,0.22416603393129447,0.8071236999549155,8.989552143501548
1418.9434595917376,12.96875163062258,77.60313015188244,0.6696136570518869,0.23478598504225384,0.7611059480936946,17.147798284350404
3553.1528533329038,12.970538059099603,77.59181880135634,0.6782344878861883,0.1615964822267816,0.9410953330708032,14.104204329509008
2460.444846143345,13.002582994340713,77.57556240594356,0.66854996066498,0.10082121609426764,1.0158149555659546,6.760784109516484
3181.5006973726245,12.969018248619687,77.58977122280709,0.7231669939018727,0.22336655648228246,0.8616631175771936,9.505082910141287
2528.3183761304613,12.976701243612501,77.59503710396991,0.6247280758096931,0.16679436426851435,0.8787987107665458,12.197555365355615
2529.756139495745,12.965106351803861,77.60682807922133,0.8476114874565764,0.15546659333771495,0.786184935491696,15.842048233775543
3438.283805975998,12.974552325750407,77.58892192157816,0.5523769519690601,0.13714734626782787,0.9007217146087898,18.152079940202242
1983.9552717826261,12.969217663249445,77.59972543628399,0.7444874916677122,0.1862338735956423,0.9760076112388414,18.015075722790225
2596.1207769409834,12.967494815172703,77.59750087899636,0.7642121003876583,0.2788663648525237,0.9791527736727773,17.41145181972121
2037.7247112949576,12.989788985322004,77.59503900533123,0.6240348239166622,0.1747275239322243,0.9545176175630933,14.862550513232083
2065.5037725676843,12.983371849631844,77.60390533319324,0.5976265554722181,0.14550984779165332,0.8381568832805465,21.88892924239287
2190.8278765313607,12.972967466473992,77.58799158803248,0.8017174214170156,0.23259667005150142,0.8349870956572849,17.799484975999544
2722.133771633713,12.94855788064056,77.58884813550357,0.6009139245983285,0.2086406139885642,0.9795404473240934,15.888421476969159
2021.2513783365227,12.967989907767475,77.59448099176906,0.6393336059249433,0.09403493161558962,0.9811998932216731,17.266352422921443
3755.756125573521,12.998630275644052,77.58819853494906,0.7887308962459746,0.23311731598766433,0.8828005014568108,13.403859987377588
1605.392697780496,12.969293383333603,77.59968012291054,0.7034741233539024,0.30642338842508005,0.8573828092434315,14.771025595860184
2313.128355838641,12.982632175720537,77.58746807695634,0.5202856332370895,0.06997320362854884,1.01672470934457,6.672183841793753
2060.2689417258252,12.986019424019526,77.59686304207744,0.8747059144553514,0.1382146987988938,0.8640051335186754,13.45300935008959
3946.977884353733,12.97378963915856,77.59359827231214,0.6469989241220033,0.0575736455674197,0.9745932224523781,22.039552063067095
2696.554776511575,12.96318178368132,77.59674925964777,0.6597242710093583,0.19623477896295827,0.8863156825141901,15.593501109148384
3531.844539468635,12.947246876682172,77.59000258604937,0.7255784252326365,0.24951931183056764,0.7952467218963,15.426959109446447
1014.4396269630281,12.97844163208609,77.59120911705473,0.7625076797004072,0.20527503748981396,1.0612312140023703,18.994416380597123
2767.050265869259,12.963452439971764,77.59556009267997,0.8961104291291466,0.2695997849056335,0.9120063895731476,16.43130166248951
3389.630795623437,12.973361504518877,77.59662074506161,0.5339931850594303,0.24152751451650672,0.8289256020111917,11.854064782973621
2582.283989275424,12.959101796604108,77.59455798084609,0.7825952208925946,0.28510736617510885,0.7609194332224796,15.094630048761294
3565.480375065351,12.968947624595298,77.61165362356513,0.7743009694050077,0.25801053840535476,0.7709999201763167,10.45912350128594
1982.7115498996277,12.971937190549012,77.58469263081258,0.6862835089125883,0.17985284656952477,0.8627088595905399,15.734448682481135
3909.34744018558,12.974285935810444,77.59395796205047,0.7787273694816221,0.203336322811742,1.0925128883533592,11.649000190384236
4798.89812361925,12.960451778126476,77.57886370977883,0.7934274017636547,0.15656615422595135,0.8415338121325757,18.713178448134975
2137.161439560341,12.983569109487615,77.59832081478667,0.5618037215012995,0.18846719155659758,1.0447454832346206,12.959037512914687
2054.497478599228,12.96563105215268,77.58344753463624,0.8749766505880829,0.203091583600906,0.8869236331396916,11.70118436346182
3953.384477117701,12.954855305395467,77.59181689744123,0.5441237746861858,0.19575463382323233,0.7818849608898317,14.548672046754085
4079.5721457307127,12.970509765800365,77.59087935674668,0.5864683718761227,0.26711267631518054,0.8526788811549604,16.461567276518853
1977.1399728467318,12.971943753090265,77.59740891126602,0.6738212326375903,0.18349159687465846,0.7719012076262557,10.170672012640633
2079.8131829041426,12.973205894331718,77.58907209082454,0.8924940513187056,0.15339567932213216,0.8144031548036146,12.914933610705653
2218.2153911394926,12.985221324036852,77.58864694302306,0.6691743370246613,0.15651944825484065,0.8114251938124083,15.420649222773612
1155.549488965723,12.969235511632641,77.60895856464086,0.6968066109949189,0.23275501358112655,0.7096196132518734,20.35347419814611
1581.348053515802,12.970403803756312,77.59744566790475,0.8432078603904563,0.12984307959555003,1.0512796068814727,4.8851369428249
1495.859233247932,12.96056815618767,77.58898949147978,0.6699681857434527,0.18994069149245416,0.9211017030222282,17.460652814732953
1732.2024348958716,12.979805535028879,77.59209166328189,0.5821563287069323,0.26637501227277105,0.8313721594381899,13.46573774237557
2465.315112613219,12.973443090640782,77.61105354952271,0.6582765164761685,0.21462992228704153,0.922175774643339,13.021558612417328
2734.214732536521,12.967399722727059,77.59224835121749,0.8370791833805777,0.1962697305440623,0.8164519606357938,12.275492159456967
4050.500492814077,12.952553253065346,77.58770723376847,0.7070864997055136,0.1982044798180785,0.6328938034630245,13.544417665462975
1501.645959261209,12.98604412195055,77.58775003849874,0.8930658259056259,0.14852177038864137,1.195669163322655,17.483268803647977
3484.3223984765837,12.95932320035544,77.58910873519011,0.7737934926262154,0.15714326447827295,0.9189599876677059,12.8528541153789
2286.0111557744913,12.965687219906304,77.58865502277574,0.6355191063606516,0.19024091635427115,0.8410986960685235,21.63436806325449
2450.536290347567,12.97518344511076,77.5818035215165,0.7051076304465078,0.21356365150546466,0.7066085188322567,17.49546713716962
3174.8194921666036,12.959634420713833,77.58335799903053,0.614678188185812,0.24740750059010555,0.750585020485744,15.791888500611481
1377.2779784377014,12.956664902217469,77.58630679625638,0.633156696935123,0.20462803085857176,1.0654491929554906,14.335775528733507
2882.4097461840506,12.950360524172995,77.60051571018452,1.1479084251025757,0.2676387087877124,1.0501938548798466,19.75941681531241
2666.452208213056,12.978809969529056,77.59078762712727,0.801862451003381,0.28025990076047624,0.9753215035998948,20.34407874703326
2992.4512640081493,12.966148137552738,77.59252838310906,0.7861097989006672,0.2397633606241102,0.7884922961590186,10.354471410983022
2789.168643907818,13.000872700924734,77.60730088025255,0.6376819684691936,0.2612490704027942,1.050997398797701,12.192407578403639
4955.300139910894,12.961656449343693,77.60755007149939,0.8569584066281078,0.15046432393059528,0.9449782617944353,17.53852082556811
1862.260015748684,12.962385489765712,77.59177875056862,0.8099415601792936,0.14254005326559688,0.9654924448351535,18.74672377777609
1969.0030449981823,12.965946070297147,77.58829136489317,0.8881621289357771,0.2258986688145083,0.9446170944443246,13.798637806762926
1876.8594735752356,12.974031346551385,77.58595569686327,0.8833114148398449,0.13293950940664764,0.7493012815373896,12.030220561149989
1944.5228808397453,12.966897966612148,77.60152775769708,0.5520910711902478,0.18548140779920336,0.7801839049253112,15.314450503866178
1862.6128726934824,12.977723322140026,77.59255292766478,0.5890160510730093,0.23855959526648698,0.8489781833591639,20.906773722983935
3689.0165311075516,12.961814116100115,77.59073505109677,0.5996212184536363,0.27066864623426035,0.9643639707533114,15.16413704020857
3920.504247989855,12.957784082815365,77.58646335424862,0.6056059356667562,0.18728921748559674,0.7619567917756854,9.944236920699474
1929.2537062505237,12.953617852605909,77.58690333590988,0.732345236426039,0.16750278523461548,0.8824653585055809,15.438332910309683
1667.6444268957712,12.949364258320628,77.59780058191494,0.6433196547904182,0.21602308107557913,0.882339048983695,18.130992284919415
2971.415556386404,12.96641930980525,77.58144561734113,0.9072598540762518,0.14632282782380554,0.9792739689327578,14.594490754600967
1947.7769557190286,12.968590196876068,77.60454868693787,0.8904679882081638,0.19133606758532865,0.9674671535607663,20.032667249935642
3132.9318177555106,12.96528562972517,77.58926155356185,0.6993538405920959,0.19959999758618593,0.7989774070947867,18.463396142069943
2702.9230208512995,12.984034057971872,77.59310364055749,0.895532621614979,0.19860080036646027,1.0446686169487303,14.75296430521458
984.2558850027681,12.983880302096082,77.58123022041859,0.8488134627240201,0.2044251736908941,0.783676017124971,15.172576078561846
4047.505201330062,12.968251970125555,77.59447634061758,0.6549293440822741,0.15827425722139293,1.009223944190075,7.632961179267105
4295.8776730955215,12.953660788868081,77.59131679057309,0.4990784655974438,0.16365035036907916,0.8449855101651602,19.84090689964865
1887.2113095156137,12.96593294891945,77.59409919401143,0.678203161503927,0.162644186948369,0.9163925953433373,13.681930605318756
2112.2984400640157,12.96560178606083,77.60931708898362,0.6355377868921527,0.11899528304024715,0.9225987460104306,13.400173042894604
2785.865390724905,12.96502865037722,77.5963769804579,0.720650562514583,0.21709151609230531,0.9197707440708796,12.80058557389033
2834.456789987025,12.964622810961018,77.58665340815854,0.7089228286874749,0.24473287258460025,0.9674499198434571,16.826790249960386
3158.5442726728306,12.965065371042753,77.58748680089454,0.7063017658899228,0.2398155041426768,0.9391459497933533,10.485227996949362
4510.204538766349,12.967734583841024,77.60055131185914,0.7523684741379164,0.18687515697696228,0.9783649129870539,11.063308873149824
2323.0527725059505,12.965244589011846,77.60758693290994,0.5787478052916321,0.15944973802680562,0.9464619960345135,14.789899593202588
1701.7027554615463,12.973683225086257,77.59741918020751,0.7411360277569707,0.2372157321181345,0.7735544741074156,12.493946673660528
1120.6807719854728,12.975203687159048,77.60148712744555,0.6560383846982993,0.2319461511187276,0.9269799074557988,16.340934293492328
1769.069960058081,12.962493549128176,77.60069737723337,0.7199982199863687,0.2108710321218148,0.8436130097494667,12.640442882535268
2466.873027126203,12.98431065326007,77.60879064413358,0.795740984523219,0.28721556262116366,0.7890737522092717,21.380145057502347
4294.557863517788,12.961799376981594,77.57510409827275,0.577560022677897,0.19867872393164687,0.8710160107322701,17.773830027137617
1982.3887009638286,12.955421993861847,77.60127218939304,0.671870634733043,0.18715550080375556,0.9183235599035091,17.723544849515793
2723.7879516388984,12.97540778071365,77.60443736043904,0.6881465765971135,0.18000913344627,0.9249675027987785,12.580152984714768
2483.577103927248,12.963425918655856,77.58121276293865,0.6485731028429359,0.12195611467595964,1.0056024745140268,23.0
3688.393273448084,12.974812914707574,77.58574331815994,0.7899829496132957,0.23306699820711463,1.0307309118971577,13.243955942902689
5026.9324258736215,12.947563313988995,77.58609217251372,0.6279611641199528,0.19472573164211118,0.9336280830757356,12.144758890839535
1969.1312270796793,12.98552455941483,77.58731209803622,0.6444599600557661,0.22549656206783977,0.951710637700941,17.82697038782139
2010.5605574817778,12.978322934080404,77.58978282949064,0.6290080867047935,0.29209390010456204,0.9095309033175656,15.780912531761324
3544.160877069072,12.95659523450837,77.59702602813054,0.8092055411438801,0.18046241150476916,0.9767225463649585,11.72646276303529
3181.8914896263113,12.956812228761537,77.60325674651168,0.6507555887587783,0.08309956416042244,0.9486988138837065,23.0
4346.707325736033,12.988322659040977,77.60541316957769,0.7460045390883556,0.22405351847553862,0.8945511906142196,18.902397992771352
3083.928185325964,12.96422620096502,77.58622176938832,0.8975705101230074,0.2083429694946338,1.1151982567004302,15.016021205071755
2140.7079092129406,12.963258151512674,77.58615297001298,0.6925181579649414,0.163377306201434,0.8453816636558181,23.0
3090.654830692309,12.948939479058508,77.60775821840016,0.8112060680033157,0.2198633167810749,1.0454456956708338,18.24312057715301
3608.7035805829078,12.968092217943985,77.60106743935418,0.8671354084093128,0.23930481600521877,0.7645707073673063,14.952396120828427
3320.4821811973643,12.969322803851643,77.59542864841869,0.8027191560040413,0.15266950448942262,0.9813616536451455,23.0
3007.2740311072976,12.978754930967696,77.59933336675554,0.6983198684022259,0.1849334069298309,1.0436568351726838,17.635938933896824
3566.674689589154,12.957609215718156,77.59430196218149,0.7642107758998613,0.27383768649244644,0.7092780928992081,17.46098104928148
3669.295590445673,12.956397132077594,77.59984584683048,0.5712621406864654,0.16391889043853175,0.9138950573055095,13.45460949135799
3882.158991037527,12.976109626347766,77.59123933303495,0.6219956841850047,0.20333348777068927,0.9715414041244044,15.197653942798588
3148.7098875896427,12.981667300712271,77.59728804934439,0.639532481836808,0.06877944169780578,0.9251963604128066,13.35722801654314
2332.8819196831455,12.955888476488822,77.57949453949631,0.9240612120174282,0.12590772494593527,0.9378155935606963,20.75894298416581
2646.713686433323,12.982415140862997,77.58772215705174,0.6187415485744733,0.20787587486664,0.9136223162376663,8.562343426330148
3706.508966508357,12.97197541841487,77.5878298882321,0.617252324873817,0.26139939047928007,0.7905752173638408,20.463481732259392
1683.064329012764,12.982518053390747,77.59085609966793,0.5956079019751016,0.13189851589994994,1.1368045592155442,11.490629885208225
2868.673308872901,12.970897796384824,77.5853348674522,0.755981176193076,0.20372820310302484,0.8496462136684201,14.768315187345952
2106.6611876726392,12.946377220825122,77.58926456374176,0.7142621392668882,0.18121410454731418,0.9434161238778905,13.81913444870308
2528.7448229348174,12.97008032617684,77.57945585937601,0.8086758977026565,0.2476544027496247,0.8353160322914573,12.919390054019173
3778.4518626072986,12.982201438186713,77.60008700476395,0.7671259666077354,0.13910983473387076,0.6724136809979302,17.75913659254197
2691.0990680199034,12.962662539809163,77.59377486481088,0.5619610153275932,0.22150388241837426,0.8075487126251031,14.979243146684764
2546.436548156149,12.967720350310925,77.57754792392224,0.6192722229989629,0.16731546565018715,0.7552393307724862,12.329204959404455
1140.1438590200808,12.96983866496449,77.58625170089454,0.8365328748275821,0.21115190124132377,1.0091567539224489,15.615982120711175
3246.2535660272206,12.942604861201316,77.59796601427563,0.6796701755423195,0.20344655261542363,0.8393131983955545,12.215653093333962
3145.484181141075,12.988313475754374,77.58916978053614,0.8187591818018012,0.18741104629286912,0.8485908660820037,12.848898003994313
4663.25472330546,12.962586243201029,77.58763058539861,0.6850319052084682,0.22389059231346925,0.7935669287396264,9.010947643844778
2192.2217650469993,12.976657354324729,77.59385407322992,0.6032343571711478,0.20218263671514808,0.9094035398715102,13.198764026060948
2719.150327663939,12.970732988638519,77.59803597535178,0.6696739222333293,0.19335968489616526,0.8283541483638719,16.976818105578136
2749.383683710755,12.984176190563595,77.58023647542961,0.6031950204450304,0.18217917329886285,0.9992354731246789,15.14849967183215
4077.4532797634747,12.97566056122428,77.60010128481218,0.6434447237597576,0.20387991948726686,0.9302039323089161,22.26025467589257
2404.704467613048,12.96925075728479,77.58659706718393,0.7200925706565245,0.2111021774073036,0.8428174214275552,23.0
2779.0215257703394,12.962664849074807,77.5944207203175,0.751160509036902,0.15054289599596896,0.985023305183702,13.143126414717107
3107.896509716539,12.979578507013821,77.59424579859308,0.5409808676745701,0.1825264381041312,0.9007940523023238,11.666728969182845
2686.6091231563582,12.952865586960455,77.5893293388176,0.6982631992490902,0.14724070276844137,0.9021496905689951,19.519266185435775
2053.566385449472,12.97805890420276,77.5843634025387,0.6413384264440247,0.1980077288609607,0.7537365096268074,16.340832968130183
2694.0899928983076,12.960609552484451,77.59174313451908,0.6351585191041187,0.1703833897572986,0.8928913867214686,19.543497108059892
3573.631749859772,12.984122836619568,77.61085330309075,0.7132684619133076,0.2385391573990628,0.9321544639317999,16.59532292481804
1473.4847005889399,12.973212995426627,77.58098324969536,0.6449548127310788,0.2336363488878345,1.0333566822198346,14.222568613296902
2632.969674146876,12.978041237678502,77.61152313019105,0.8382137994846673,0.15386257182178154,0.8248106370096677,14.245259807124885
1799.8791850608268,12.972419888138248,77.59200278828924,0.818806187625106,0.19988463273007628,1.1278108623385512,16.7311071134642
3695.0466289248425,12.95407622904859,77.59495371417088,0.818182829394204,0.2319258289624182,0.9556868316828986,14.155544417140561
976.8130952162253,12.962992708366047,77.58373289188616,0.6505089804509697,0.19123458399179857,0.7480588123966193,19.878004972791476
1941.0781527284116,12.978323893376114,77.58688730583323,0.6037501165080678,0.16358912375972276,0.8154801885914444,9.790651041995217
2877.211875064521,12.973266558173599,77.58957090349962,0.7082029929388115,0.14537982359776022,1.042099916421682,19.85657454424439
4065.5240292343406,12.983409899053058,77.58414305029122,0.6849651633713733,0.24271337807891813,1.0243229142962396,7.5063970083358535
2434.249738927012,12.975632745630373,77.59251082042628,0.6391176837576634,0.2451356574142485,0.9018093481560503,15.580409145444888
1944.8004733068015,12.961932981092973,77.59052984108193,0.5824265553333038,0.18960262005629758,0.9149917703057853,13.675829077505805
4381.15706944059,12.963639358622794,77.61310781142436,0.6958482030731928,0.23830687922633387,0.7835389726274029,8.934577185395277
1051.986099583756,12.972629173905233,77.5829402581432,0.6595930549747526,0.051739473505732964,1.0321442740235343,6.759922333285051
500.0,12.94845955934,77.59562690516749,0.7688347037038019,0.2663777325354618,0.8012232913225533,10.609941319579326
2940.0144500533324,12.98833441885623,77.59707846281901,0.7665106051521479,0.19215275973614107,0.9844741111123417,15.182737306241357
1997.945775647389,12.976017467363777,77.58389679451348,0.8100799805422717,0.20708882803997447,1.0352042368665137,12.591263484881127
1478.767182869287,12.98387034597049,77.60146827495453,0.5740704448119961,0.18397411381670153,0.9048155554219509,10.836204395315288
3208.3564472993535,12.955793960591908,77.59061672987119,0.7401058307693632,0.26978537409337533,0.9967611366122199,20.40912433168954
2743.800713771199,12.984045651603553,77.56967610348417,0.6272534293766328,0.14696341880222333,1.0847639708025696,10.071261288285754
1935.9213692632716,12.993914989110278,77.60119849612104,0.5779585789188915,0.2737230163303418,0.9267968799210738,17.716469326197785
1219.6956013291056,12.958391216446227,77.58343059115897,0.657139776305129,0.21981354604725556,0.8824698183568054,11.444011966471182
3372.457328280145,12.979314017949038,77.58412225053861,0.8068704980134618,0.23113321079590793,0.8933147142448483,10.508776267365754
3150.201177958661,12.971611099446873,77.60147902082892,0.6627681646429515,0.1835397718335542,0.8257012097327912,12.584645492308436
2400.824136220617,12.956155661517519,77.59112838517582,0.8565454659959112,0.13458904010518147,0.8234416207263127,17.479664188816447
4346.636996047666,12.976528839718519,77.60377772150551,0.7548878515520333,0.2465255382768051,0.9442406763825704,9.51413697360768
1429.9152336738475,12.979936032048373,77.60670166095365,0.6605909521019423,0.21557041755946654,0.8836050177850716,16.149821042026804
974.4748290752611,12.965588734473313,77.58815071539678,0.8160048428906408,0.26808117291544087,0.9327569176851266,11.156960009314455
1808.0919301187555,12.983259165202552,77.60253262495955,0.7445396772114286,0.1903111839892151,0.7510063850147428,11.876932519015794
2454.413983644502,12.954932365932109,77.58704539198607,0.6067440611553294,0.17903843105505426,0.8907381174812861,16.60256635616426
2743.339449322692,12.956652438535505,77.61693115917132,0.8858802635580515,0.26940441183201513,1.0030117850090463,23.0
2258.76394214367,12.972965973955889,77.58767042995468,0.7259478823086476,0.2955947082248722,0.7881075723023983,11.355932040049604
2852.0553965142967,12.971853852779724,77.6048608744096,0.7018796191985491,0.2004673588182865,0.9016526414134551,17.879522334628007
1248.4605758095558,12.96443426511576,77.60303790025881,0.6144467330094383,0.1623621251571447,0.714539068910159,13.74915049106816
3943.7646040732598,12.979695944359719,77.5977608782211,0.8179538267607738,0.24052653813947747,0.7694537977726826,13.101026180812813
2417.848821607431,12.97690894314216,77.58789456838583,0.7517275427361306,0.1872989716914663,0.980766088767805,19.285504039000614
3617.295831588128,12.98018139070934,77.59308602508058,0.762923818029524,0.22996314127003992,0.8690715706687051,11.625908756560438
2842.725346377704,12.970368635646478,77.57306411887055,0.6492468656474231,0.18703620128106235,1.0822072865538543,10.38354709282098
2956.753219153784,12.977625802679784,77.59684420038383,0.7834100571910068,0.2782007009105907,0.9432443110424313,16.840703180876343
3069.767280232204,12.967143496969701,77.59809615331028,0.7911813593570801,0.165025524747465,0.9530595664889325,21.37913518594699
2947.708560017315,12.992138186900867,77.59593499419061,0.6331221761218877,0.22402648312609802,0.7923517950105101,17.999978821164607
3142.722759867544,12.96347454229878,77.56486693828707,0.5583009860319008,0.17556490148839382,0.8614894623155547,9.371930477053866
3829.1525301324314,12.992652974294584,77.5819436355491,0.7581373059338924,0.18592467192896156,0.8267363817952388,12.538667824124328
2696.52116970147,12.971948879470894,77.58711909017151,0.542665305039426,0.17939721726197116,0.7934558260449415,18.918392966307234
3209.003757588512,12.957844891104314,77.59751658933189,0.7152015777837779,0.23693040330467077,0.9663893126096136,21.3244408716344
2410.2643057127734,12.985280793504886,77.59749338905642,0.6552754895212692,0.24591815574669357,0.9864515865768679,15.914845301097687
3940.1172154494725,12.97285901388395,77.59289776208028,0.821866521078892,0.22788694144661856,0.9398937194167449,12.683309863568827
1823.6076979407303,12.980111240983803,77.60095245536604,0.6607156109232792,0.19460082666273648,0.8171932806774014,21.584075357474475
4300.940432910816,12.983838559185426,77.58433757624697,0.8107272972003804,0.20700900155007965,0.9330730035097463,14.701625659379328
2459.8420493556564,12.97497955554145,77.60070235005693,0.6485790555636973,0.24488607842297125,0.7087321598534344,12.576765703382558
1069.2248978819518,12.965677591551872,77.59934742104839,0.799999100505961,0.24646557936038027,1.032300926870804,11.900269847299867
2628.1044149107893,12.981357133776694,77.59837554732837,0.9060341543836832,0.06548621843232325,0.7701849824362563,10.21992661204458
1818.9483425251192,12.971607555074547,77.59277959568914,0.5931952861633759,0.18638889141136522,0.7879541017561537,23.0
3340.643548988724,12.978458578186086,77.61290743824831,0.7292035721730907,0.18878706042802573,0.9115292269570193,20.68383146184236
1847.376020697609,12.950062694262085,77.5995319568849,0.9748782415910064,0.23346262820630811,0.9204159560242046,12.374826735798889
2053.8165667852204,12.9760698171701,77.58491664136747,0.7066588826902921,0.19666145911446273,0.8927251401548215,21.927303706887667
610.4592690544689,12.96521414174855,77.59708305475736,0.7061788270229648,0.2359591690474644,0.7889872059017704,17.133208693612605
2047.6936807509232,12.988133096371786,77.60212483377074,0.7788498947351019,0.1460669614484724,1.0133347993603292,16.89643200527659
500.0,12.977830873478892,77.58871891401076,0.7041080864094754,0.21300272577303903,0.7314050798930749,12.128331879535885
916.0971765142767,12.973998577458493,77.60549272246931,0.5292774005429447,0.24501028267252473,0.7516731009551555,12.943491287416217
3260.4146561442976,12.976463099933502,77.59842033705716,0.8132287374838938,0.1262808565340926,0.8893017228045519,14.830303861667037
3285.800158650832,12.961615591471233,77.57117521662335,0.49970515861348064,0.32568217341044514,0.7735766018155612,7.137804022239509
2925.4575617849646,12.987832566905281,77.59759671977338,0.6583208348861658,0.259544296643326,1.0222625276275925,13.052719426403723
1533.0238568707869,12.99151370418417,77.59053970845588,0.8207425749156648,0.2000676651232821,0.7821785364587085,15.017958524933707
2452.2886438580204,12.975529135105482,77.59997179814542,0.6643457571357214,0.1585795946380616,1.0557027152210312,20.238075625868948
2496.3974609094316,12.987504035685737,77.60404214840251,0.6306303507535596,0.1912457424863147,1.0035122165771573,12.533809815725716
1341.6353108074572,12.965908518013276,77.59655162047142,0.787926390516656,0.20419011798056705,1.0235055735507583,18.248552444457893
4003.3983017671508,12.963628864337752,77.61125252233944,0.6148885213165614,0.2220331278406024,1.0887105982953247,6.758024719715326
3377.3622905756715,12.97200924748729,77.59281293115437,0.5777774280408046,0.27503304247300153,0.9081227924095766,19.668120701890942
2279.035826170336,12.975949410383679,77.60084817823054,0.7274513987493283,0.1761950765278577,0.7987025404180043,11.398612131552943
2526.885838994531,12.96766013318757,77.60264942573637,0.6817076701587409,0.22813549187862808,0.8896992124231359,15.52109187629904
2708.3828079475525,12.976977681903685,77.59362654031108,0.5756326885811157,0.13537854186999437,0.8433334394591038,16.625372476716876
500.0,12.974663894820734,77.60238774307977,0.763695253999487,0.17931996428373664,0.8290808727486277,15.840718229423437
2252.822617479403,12.96161693224709,77.58865327012838,0.7464487605577234,0.21883584239346793,0.9150853436806833,14.572880965384138
1818.0157520022015,12.976787930174517,77.59037431580978,0.6640244983394368,0.23456312455044026,0.8688295785792254,10.033934858506841
1498.3799901050845,12.980235282425216,77.58147511309663,0.6708667993875053,0.16233837616676902,0.8247790315683003,11.44183632684203
2218.899707114045,12.973314693175904,77.5970140911637,0.7470392742009156,0.1779604151994043,0.8754597607412742,18.985727772886417
4297.686526849522,12.983126481032617,77.59785251675855,0.8190361419752066,0.2730278317791773,0.9548978464203706,12.610490164826345
3140.84286126701,12.959425962065032,77.60639263158579,0.6717206789890675,0.25809543098140225,0.9956417206592696,14.586817626546031
1928.8210102172034,12.976279504221319,77.60251140004355,0.7654688493008144,0.21042286085261833,0.739707608680901,9.031654971637671
3072.5827813561586,12.959897192936033,77.59175204443352,0.7565200217084599,0.08816774233896424,0.8696798913671459,18.4342934460997
3899.355436586002,12.960459186417669,77.58281820312666,0.7879307292708976,0.3255566273845004,0.8858656794525296,9.72206783943964
3424.6336829127686,12.965290691662622,77.5989285040252,0.7039309198743465,0.19900342191713777,0.7817479977772368,18.66385123440843
2559.630369920174,12.962179398164258,77.60570753172415,0.6087674485933642,0.18437164709893367,0.8880294266959301,10.749152957426258
1853.063222294426,12.966120041812589,77.60215184973804,0.6537500846800031,0.17388200370729426,0.9147995609540028,19.0580321213111
3198.22331361359,12.969458496892889,77.60544477524857,0.7342853465781648,0.21881835185995546,0.9518834545280991,15.040771661225303
2893.4853854217495,12.979971544863314,77.59248110468802,0.8818464378381593,0.2193291294585465,0.9077158025631671,12.76497041421164
3395.1932200277324,12.968388409612944,77.58993381031824,0.651598037680372,0.24753139365632565,0.8119050590002445,21.401607021792493
3135.1718016819696,12.955743742932304,77.58723098647768,0.7804787443527399,0.15369689178254936,1.1012030027571846,14.724580028727068
3549.552715319335,12.983000678464952,77.59404103533386,0.6671943549323239,0.18437525609293695,0.9829126771621598,13.552750826976084
1964.7647884394319,12.96322909866385,77.59381409204032,0.7110468755886136,0.30152728616121016,0.9552719744649867,18.636471710392037
3817.3940656343257,12.971012795728955,77.59666677628539,0.8515396749263592,0.2112295316624996,1.0004831257010935,9.078171553920015
2697.5996046923997,12.976065365069408,77.59330702542964,0.7764292581420433,0.1913737813336627,0.9244609171810477,4.891337583933627
4575.260872625266,12.973596104184029,77.59326372270273,0.5758700727259043,0.15291911172081493,1.0286300885521955,19.631919894547508
1810.8121819104322,12.982541795475216,77.58683305947028,0.6427524976188409,0.2252967152910376,0.9056871950285764,11.654791685391872
4235.963803165249,12.976390031433928,77.60401619013551,0.8256221344441359,0.2515509108521222,0.9001747460274184,18.458489701545997
2697.910783462648,12.96298690420303,77.59536518062244,0.7141878042628494,0.24372938229049038,0.9635228478791205,15.184649487112083
1848.5819963855515,12.993385621739916,77.59285556065714,0.5851159880384136,0.18705995681955417,1.0576357546290924,10.344042143490087
2016.1141659456785,12.973543334633383,77.58712570746751,0.6181047555026279,0.21806261416817682,1.0512048615289307,17.429129678696786
2179.6526918056798,12.970126597733785,77.58128086889609,0.7703493522711171,0.2835829718324306,0.9592847598259996,13.35931923907569
2924.1659464019162,12.981239254230557,77.60767964192549,0.799441028121763,0.25354411460857346,0.95166118585768,10.690638654773952
3022.8354880354996,12.9740945094593,77.60014638708132,0.7017855301482174,0.16079186289033404,0.9696042411096486,10.79481451121299
1926.299996061421,12.975592281929394,77.5783608215743,0.9475313800936102,0.07269974676892652,0.9985620913336597,8.068644983313087
2475.645407739017,12.996521839986007,77.6022314230071,0.7824152363455639,0.21483862535421175,1.0298731939413241,16.61209952873095
4642.270358611864,12.96884878571745,77.60382481170232,0.6756518930367099,0.23992840633742166,0.876341591599615,11.25839702221923
4227.543170100711,12.968422391059827,77.59584376122301,0.6184293951900656,0.1455387754063369,1.0318061289837392,14.86111148918058
2936.3236696740323,12.972765785120124,77.61058110895752,0.6025115695360959,0.1995605238938611,0.9342995114071306,14.273110021950508
2538.0034781682,12.98231515935581,77.59676719642123,0.7335421320480369,0.18681504670634608,0.965093162249995,11.233773275281317
2620.0313267182614,12.956534659698097,77.5804317647205,0.6511222955086593,0.20521431611160995,1.0381949321533994,8.908401143444717
3113.5179727304167,12.951944441085235,77.59825169001049,0.8673743753983425,0.17276518564401439,0.9747062250090679,23.0
1477.2074348015944,12.965728847293798,77.59704897301712,0.8466311802917859,0.2645255498813997,0.9915995563152841,14.805869896087005
2242.6234625766547,12.955260770409408,77.58856703151221,0.7633066547497227,0.20739844403163815,0.861058146671758,22.29353181104119
831.4159261224106,12.967351686524744,77.60033558836878,0.5821003827043104,0.1560491556917625,1.049831154374968,19.65974713490716
2899.223122605279,12.976624996961293,77.57792334733809,0.6327781127447595,0.24587310767968604,0.9695686711076126,13.715338794038367
3147.1959397027413,12.962692511364478,77.60450566827443,0.8255677525741101,0.13679062020041477,0.9126065717840498,15.723858549359235
2016.813537700626,12.957331734232188,77.58581878296394,0.6436933800204898,0.26422471887675664,1.0101074386893103,15.607663127868593
4073.9867632900327,12.972293371617154,77.58475053874884,0.8122141733919523,0.2495529712111282,1.1587830497760498,22.37680275572976
1274.2343369976588,12.980225434846153,77.59346175227692,0.747460392303476,0.26948876476603933,0.7831075498178065,18.31933476657365
1035.6251197901797,12.954650265614834,77.59892972928044,0.7051717884813187,0.1920876813779192,0.8196267377076718,11.770909015894917
2724.451818559972,12.97980232398306,77.59623924063594,0.6297167187064558,0.17519430101083117,1.1685305308835885,16.406475346218897
3547.098302612155,12.979773062037383,77.58717340834228,0.6905756156475248,0.20420108804665466,0.9426694842304375,18.21725736568101
4183.927691457869,12.981140851021566,77.58953910708809,0.7189647954874897,0.19577816068222345,0.9190869678631568,10.298723804379701
2041.11573713106,12.983784802148717,77.58326957652622,0.8032538898301121,0.1673631857218244,0.8884614258337835,16.976597379221406
3578.6808334312955,12.993620139246596,77.5923532009837,0.6114264399366245,0.1723188342937179,1.020843600097144,20.38195582482048
2461.491530499293,12.96803907951381,77.60535021214511,0.6737183157473885,0.1816813576366768,1.1611247308810286,11.570109393499415
2327.3727000591803,12.972695715800779,77.59455737062356,0.7044823131932284,0.14149981567800687,0.8334811459266654,12.122725729661962
3383.6599374866723,12.96743561566752,77.6031941425476,0.7662678357686165,0.23389816447996672,0.8903123272810667,19.641890021389358
3152.32287841342,12.971619768447558,77.60915401337726,0.6091535662477223,0.1973851431214497,0.8649272871432134,13.58305474837403
923.6078430157506,12.986928733556363,77.58871981480964,0.5683430207112784,0.18458107653831768,0.9732864976819279,11.071966346323604
3976.540349725896,12.958149855160693,77.59273426746945,0.7673965151710049,0.14448229195291615,1.0222393437650574,18.529092172136302
3880.0913541474515,12.962989503278346,77.61631192861063,0.5482050885053296,0.14198135111662677,1.0620932785333117,17.30741694690336
1874.4372984904705,12.985371809365047,77.6090434341198,0.8284979714762168,0.29679570253612064,0.976671828262028,15.377575629984312
2895.803533437409,12.981800365069022,77.57787595474187,0.6844073902517092,0.16863712685692153,1.1519332791243617,19.498330513794816
2994.0301862827387,12.96796868353183,77.59847148316061,0.5452468917725553,0.23052641971046633,0.8425247016792587,19.78254097277822
2760.673765823907,12.980144020011208,77.5946055999234,0.6519579780596505,0.20813172349500886,0.8165459447567296,14.66870836470888
1949.6948461545799,12.97501215842492,77.6028645311086,0.7379123633069237,0.06124057694459489,1.046934429331621,22.897305550210813
1828.3766320619484,12.98660274609001,77.58715021232516,0.6467298912445022,0.28962254115692965,0.9122832319596337,21.333559813707993
2474.4459290085547,12.972345095938268,77.58620391627959,0.7020029748824347,0.2342041989388058,0.7624059676584719,7.062806200437564
3672.7290192593646,12.981856321138727,77.58783929284706,0.7740078365705286,0.16161649228475958,0.868393702836255,10.879530306267274
3043.6001545944323,12.998020119104927,77.58888071453802,0.679780966461238,0.19858167477852023,0.9255658654097274,5.978832721431045
2129.385667913894,12.977580991550475,77.6027532416681,0.6062942323533866,0.14254083162981673,0.8353751762092645,13.701140021100983
3271.698710648345,12.97209328165795,77.5827879882685,0.6701016002628158,0.2913110239230567,0.7985339312905412,10.155127206799747
500.0,12.97882446985221,77.5883738610004,0.841484013645926,0.1546171145879268,0.8792370863474124,11.742726405041301
3648.7657003721033,12.967947191417961,77.57670987609498,0.8685064345333183,0.17384580016526704,0.7935466579638288,19.36227258713149
760.2862212219004,12.995479677055247,77.60467117823413,0.49800738260577243,0.16352194609262044,0.9635131038980232,7.980683761059679
2137.559058596868,12.97340071037696,77.60731030099431,0.8091027909191477,0.20401897001045852,0.7056195153107154,15.51894296412325
1380.3301053738562,12.968870666797745,77.59132926569136,0.7250147716035356,0.2685158250069657,0.9090424927965423,15.494705769921657
1205.3185242790942,12.9632431099498,77.59162050635187,0.792398267912015,0.2894687224547579,0.9519509888108303,14.670442849791423
3660.8267873785194,12.982572201916065,77.59913221902283,0.644951173973237,0.18005019278888518,0.8909458760251624,15.523114727919095
2032.2987986881087,12.980271874128277,77.60934482007379,0.5231736490498513,0.21891294911589612,1.0093222897070873,6.070873158336955
2846.503881730716,12.96662645628586,77.59868610747564,0.7584488788647461,0.20409527063020366,0.7629438765795864,11.761781936809232
2453.079421120816,12.977364513451224,77.58762458057525,0.6059022738717282,0.1509195367777971,0.8298910498623886,21.172003461029558
2977.0408272231216,12.956514440317871,77.57841177428014,0.5611707568515147,0.32112777872979725,0.8669965353749111,10.212515657961276
2576.8218910602554,12.973449705750731,77.58344873737336,0.5681598617526533,0.26813797811481277,0.9712724569409307,21.666443254256798
1217.0077758114303,12.976127563520768,77.59533219450313,0.7600913782415334,0.20945579248555174,0.9218507586046121,9.372710352886376
3496.26681944714,12.988673298095593,77.58804672476799,0.7139452466029197,0.2790938046749494,1.114336598274242,8.891837470350715
2006.2434168386876,12.963891811972713,77.59654967705991,0.7782466021874673,0.2606053356358903,0.8194214103026107,11.192884730943614
943.418101340249,12.958816473711977,77.58907075983764,0.7669075254496365,0.2040930670540878,0.7605011101419349,19.516331873147674
2071.8848390340872,12.96264572039075,77.58401853568705,0.6579066435416234,0.21629818026639966,1.0789088982933062,12.815516681002489
4000.759790634311,12.95823431499685,77.58282968368547,0.6929526426122544,0.2756063071188327,0.7569141416067617,16.38162795375657
3350.221742113493,12.98496657357759,77.61022354509373,0.648856247121746,0.15269232094351598,0.9683062711399045,15.294547688068816
2151.347865592141,12.987086392950241,77.60348987749184,0.6789672227134509,0.283684534866067,0.8021329957978031,14.782151269078723
2150.7422956815712,12.974802165779488,77.61190517951827,0.6032745262018934,0.1887443719657442,0.6930681649152314,20.096472370430295
2178.3649487826174,12.983812949456851,77.59999950900755,0.7390484293874334,0.27623383714237837,0.8625216206186769,18.086071763948155
4576.747983560841,12.972939583805802,77.59030008591385,0.8075120748981757,0.199738670126859,0.9899499962477161,10.428387211350495
2881.9354522315534,12.970648883522992,77.6078334092249,0.6183386970179012,0.2168803111236486,0.7778228911526927,13.897716865633344
2930.0416471910694,12.968269623809462,77.59426931998638,0.8281269645401342,0.19828458217137707,0.9576094728144832,21.97375928012333
3530.283454031842,12.968496090086225,77.5968084177029,0.7113521496477941,0.17340781885943862,0.9762863561186452,16.278247156671743
2738.7891590265135,12.95612198443691,77.59417175620925,0.7241078976405813,0.18649725509278442,0.7728309858480696,8.968616143634721
2240.957854179297,12.974242547636074,77.56513095780716,0.5300570480392481,0.26895557015842836,0.877223871128763,9.251844390492838
2303.6501509150216,12.97119666089786,77.61064735012295,0.5192737690434266,0.08429180086637658,1.0577074822327164,18.560581234264895
2428.398740585936,12.979053607240779,77.59951003945957,0.7144116362779681,0.13805170275975814,0.9650592619963744,17.809749268704255
2462.7777634901586,12.972535234964386,77.59789823060869,0.7789732124632007,0.1637264145320949,0.8738507535423979,11.314537699450673
3227.62954363698,12.96997296298431,77.5939822393773,0.6328619556355047,0.14608276037819895,0.941529548125392,17.990520715897386
2551.9458858072994,12.962888069699924,77.59623427820387,0.8670093900583089,0.2754989805207745,0.8314736691529552,21.397568546876997
3232.6400772155794,12.972321532368218,77.58862721064153,0.7734935974254316,0.26288384889266025,1.0113695678385026,20.831435358642405
2419.283419891418,12.978982372308161,77.60076579352307,0.6091658748292015,0.22960159046973078,1.0113260064602139,21.417112147289828
2578.6351903160908,12.960166610089162,77.581529016556,0.7030848667053506,0.16810979662612324,0.9120905915086055,17.22195510025122
501.79931546789226,12.972474737536809,77.59646068432471,0.9476929133723412,0.26675259333970686,0.9230706156457694,14.28936072348045
3416.3276747024815,12.973930429515296,77.60021573470571,0.5757435997200294,0.1205935037002228,0.8001203124994327,13.390079678132656
2846.488475897993,12.964419352163818,77.59261330866177,0.7528269938915105,0.3070991320073968,0.764796357293217,14.930452445548626
3498.0101098596524,12.96572143695092,77.5983086779247,0.6677255447276658,0.16576851014112248,0.8623395256058469,11.495906782172536
500.0,12.973906108487663,77.58468665607765,0.7706896290918511,0.18689823890792812,0.8912598290308822,13.562805101923878
4588.374704780727,12.960265789817074,77.58494173229104,0.8267273646318382,0.1785328074752643,1.0062627497387988,20.100478993190404
2360.4103718448264,12.975099237152495,77.59696717121027,0.6613762911288632,0.14634462929506617,0.9922427750618311,8.563715966250026
3608.1828167375165,12.962646456263409,77.60138549654621,0.8118912271707174,0.29625565619684596,0.9184832888359094,8.837321097234327
1460.094072874469,12.982228536930332,77.57585134344498,0.9221203394271961,0.23944473153922435,1.0190538984372788,18.322122417673715
3112.7739050625696,12.994978277453884,77.59982020635111,0.7066274737344235,0.2607735271039894,0.8056513821185597,13.5993083012661
1446.5844368263438,12.962992431982983,77.58916798499624,0.7784888687494185,0.13881653639696145,1.007733688727837,7.297427901766664
1876.2310393041948,12.976942078623747,77.59267193912693,0.6409559229796724,0.2090468913502,0.8209571285650532,14.754663374638238
4414.031353866786,12.964332580951181,77.58120482076436,0.7019259309031212,0.2260514344665702,1.0239694530064243,14.18351366074557
2309.317599236653,12.982009541737979,77.58608382759813,0.6823324907291757,0.21353782617749217,0.8986653535230019,13.275662094034665
2717.4328731797227,12.95894741590915,77.6042612532553,0.7796935925658596,0.14198132744660003,0.7001713323462263,17.742824105925937
3370.067730688754,12.976405867584278,77.5949286337398,0.8204675935756925,0.2537750010565319,0.9730157164031442,9.667217724833613
2995.6818879726047,12.962870110331107,77.59077221598291,0.689034515088254,0.20607750413925774,0.9809545759500781,15.051941659438379
2650.4189051435765,12.969530154109016,77.59343511647369,0.8533622845732923,0.15225179821784987,0.8543419945511418,14.156110021550251
2864.961002466225,12.961289747248527,77.59949211824664,0.8530047441561629,0.10723747302236683,0.8628740421605984,15.151300911646816
4903.4155852382755,12.979823504708959,77.59900494496164,0.78468537431799,0.23033332567449402,0.8840454720115396,8.07125536745312
2442.3812029664145,12.963230196455605,77.59384972999604,0.6483973468278271,0.3225227867065751,0.7074848187373729,12.909404447439965
2701.0990467149677,12.977119642593319,77.60552959110896,0.6388171183260096,0.14923728633268593,0.6635271826904856,15.07907676414891
3550.654396007612,12.968159019717378,77.60430462636907,0.618761864530996,0.2085223525206483,1.030162563813039,17.164638545191586
3605.525932957984,12.970455276282012,77.5987337202913,0.7949166070238161,0.25552486395457885,0.8175932332589424,22.38558602165
3687.03030556038,12.973077559074001,77.5951461178291,0.5788231792510635,0.13651738669493496,1.0855264109576364,18.22379355495608
3138.7302220291845,12.963981753283411,77.60117321095119,0.7676837654111006,0.17600216154574877,1.0370401801138915,16.84462080253366
1356.9950872695165,12.973703671135409,77.59774267421801,0.5918890652175887,0.15699206103692992,1.056719531426974,20.08589916912151
4133.431532301096,12.986903345643544,77.60520800071806,0.7823546119841973,0.24923383474122732,0.8349701047532845,13.784710213827063
1353.654606981312,12.963819052141673,77.60359561376738,0.7017219582730561,0.266276128467703,0.7391598813069419,21.21571265453942
2802.6354652390332,12.983318101432738,77.58441746098582,0.8333638561859827,0.20795181323658676,0.7913117693405645,19.477091160248463
1745.724149980642,12.986580976334878,77.58374036829258,0.8141454578321271,0.15791329655029496,0.8553545272847088,13.216488837430152
2435.8616534070075,12.96343845010972,77.58758750455596,0.8435065412002112,0.17786045310360762,0.662677026714936,22.695820702933162
2828.7624103034805,12.957049453949095,77.60436138690066,0.8460818718289113,0.16847507428766234,0.8524574310875833,16.787741259626713
2821.357215450273,12.974619609001719,77.5788369100323,0.7143630833988197,0.15113655691884967,0.879832197248889,23.0
2921.9207542352847,12.966125924772332,77.59854757389108,0.5841206933575395,0.1948980899590768,0.7705579028413305,16.212729017133224
4113.711269058647,12.99028603219163,77.59822543091093,0.5947476945002621,0.22874132422309312,0.7959514901754168,12.752280561957456
2953.5343015139797,12.971948075404999,77.60622648058686,0.4913151470684062,0.224512872221426,0.8779401478819199,11.929853426586373
2255.843364709351,12.963578005919649,77.59640338690664,0.5916334166571906,0.19958838177152446,0.9356286548310302,13.577026181068243
3464.087168288357,12.960128404889883,77.58116790609417,0.7068823657704648,0.2028526918412682,0.8109177331999756,12.714820231881335
3689.4704889246404,12.982499049590908,77.58500645039352,0.6440345819174838,0.19592246024551108,0.9292252609576269,20.085554227834777
1272.3921848630075,12.965888160259158,77.58278004478102,0.6819864395590148,0.13513942304168636,0.9136846007987856,14.884103021798992
3097.400069849858,12.972038287994605,77.58922056033667,0.7492715419461401,0.20800674484914364,0.9046885859018391,8.543909309750363
3201.1727423108982,12.981158027451125,77.59277098432577,0.6695934741934242,0.1708187207272675,0.8347985876143423,15.852017263486754
2202.436496640008,12.966757416480693,77.58294558473779,0.5878171199587415,0.1326328390420281,0.7666620403964617,15.502052172441147
3875.7068133116195,12.971140711712598,77.60930661990652,0.6946766332436567,0.21853527835577918,1.069645197990074,13.125569515323956
2349.9444129674735,12.971434315901774,77.58134718628048,0.6101509513227155,0.16941349817907275,0.9630305916457427,16.070368087937084
2625.576453471542,12.978433245115161,77.60806103423863,0.6729213503020937,0.2113876960629418,1.0005731653060739,14.82356226748441
2326.92817571613,12.977507443355103,77.6064516303144,0.8342776964423003,0.24238189075347139,0.8916370315161078,17.535061469506267
2515.5790475814674,12.969398862687452,77.60358302549689,0.6729494695903825,0.15248806394273842,0.8835974557739862,17.299915754732883
1403.7249131047981,12.972236490614966,77.58766233392504,0.8770957553347745,0.2046060641036486,0.9490659680725387,16.459611425596286
1059.9491174057057,12.967882209884765,77.59802450879177,0.843163598693797,0.10947885591348194,0.7165311649547754,9.804576384919741
4094.505063224972,12.956823875930805,77.58182628866449,0.6420694691420956,0.2766266545304638,0.7885356530646855,23.0
1653.038651681672,12.974176008573982,77.60370907035033,0.5888876233584224,0.1320466751555609,0.8202225121971627,8.776057186670757
1508.6076505436927,12.990521917608332,77.59386015218463,0.6947445838079807,0.17425901688013126,0.8545433577458238,14.485163292739639
500.0,12.962762808593089,77.59050679785413,0.8153327763396889,0.2669189951881979,0.8120304320529846,10.622266594604788
1861.0382523104977,12.963869702903974,77.58236255153344,0.6509809093771312,0.1882738536959507,0.9332807125250746,16.5853526466405
1176.9102065925017,12.962892722283563,77.56982493881371,0.7908090298262138,0.140130115684985,0.9081447234462836,15.553622899229234
4142.015160136369,12.97884591778723,77.58421459142964,0.8208439989136088,0.23565366161432677,1.0392864689751378,14.324935661519165
3509.817089342634,12.976084854541964,77.60572798195614,0.6225974349637393,0.23452662310755926,1.1473759157112562,21.07109113575141
1811.849654822276,12.970014623075835,77.59057166571525,0.6323948911711412,0.16834068303173833,0.7737149759851567,19.433983668708464
4752.435805344308,12.962419809383611,77.59290671142885,0.7712662032127007,0.17375367396098004,0.9147305213968445,13.691538627633877
3481.765486991594,12.9725237679164,77.60115554358289,0.715184754964157,0.1782295514690957,0.9145525878206975,18.216538567665015
2175.1686164913776,12.955953778726643,77.61265668878116,0.6313938473456321,0.18964880196569844,0.8985801930235338,21.258721031353815
500.0,12.973034265668575,77.60785004654946,0.6647819551880412,0.10535144615390968,0.7915175429034499,19.40538015817185
4790.942572590742,12.980315243860879,77.58487664996184,0.692948044727258,0.19092880694409503,0.808280255435745,14.455125658129983
1110.427533236404,12.959088008633664,77.57517429428563,0.5435145575044539,0.28919570990915744,0.9240405611916119,8.638796394281933
854.6012530431083,12.956274817231703,77.618196142591,0.7765643106482695,0.1552015016381648,0.8054649926692764,16.298591619679442
3522.57043200964,12.98739437891695,77.61728991611659,0.6521307811060808,0.17082532032651182,0.9159271972167008,17.67444134157596
4939.752406339273,12.965482403604955,77.5964845359643,0.42162837762019006,0.14081911684018023,0.8754050215454395,11.921532398865914
3884.272818510518,12.982959478459438,77.58189511754418,0.6976129031690547,0.2306080963197677,0.9141657903121282,15.090181068232166
3063.90912005236,12.970060023348022,77.60423226533894,0.6258428741106492,0.26015986790711887,0.8046699529565566,14.6684487649359
3094.754341665286,12.969980451830587,77.59352016313987,0.8688822192302676,0.25901589195888125,0.9157469242334537,20.550842543220973
3353.415558780308,12.975984126994966,77.59347018876893,0.6414554979080032,0.13759947055531702,0.8119047416523409,22.415264702360357
3258.928589786765,12.962760011432536,77.60354458843105,0.5902356636421389,0.22498958652484802,0.9160695608656918,19.700857881202808
2781.191423969376,12.972924971434956,77.59794374746873,0.7507932669962015,0.2716875017107118,1.0339396122439157,14.65777726729556
2604.201103951876,12.96778510585176,77.58274185088985,0.6339552631992417,0.22548315538550617,0.9260983850016071,19.590864987791267
2437.406872100478,12.95839506556595,77.59135258064919,0.6220543798747767,0.22392048416718885,0.9321870382383057,17.59515282332108
1746.0354111333236,12.974974820747265,77.60121152928662,0.7509501382824405,0.17641787106824208,0.9817206517497549,14.700401694473038
2219.324923133226,12.968966921931221,77.59970252222405,0.5959532692110433,0.2110054911896832,0.7596441655526738,23.0
807.0431858046145,12.970029751715554,77.59722016574358,0.5542726341800547,0.26181590898532026,1.0718921573723013,12.047926240469998
2401.66037320525,12.959498390565859,77.60393422954476,0.8725998002094337,0.2164104484214382,0.794441000738763,17.41563590243817
1511.4088928490826,12.987514003677628,77.59098283012183,0.7579498737600644,0.1375862621985137,0.9879660997368938,18.358242582215695
1396.410682784229,12.980367141863862,77.5963866977522,0.6735790715005634,0.17719791628570145,0.9746909987256323,13.850004641905066
2679.8941511534786,12.98124155884172,77.56084420899822,0.6996522790298063,0.26046397694444967,0.809783363849524,17.236552751517365
3892.0022863445993,12.968545552975584,77.59010349806157,0.7505864358116155,0.21623716601755477,1.0008886136766764,18.78198900088458
3418.316606002313,12.954308171104966,77.60223902908575,0.797333744961342,0.20595310391215382,0.9497812766413309,15.978537682111657
929.4993963768229,12.991129173824895,77.59069605532883,0.6244024708684988,0.172299223337665,1.0889978644402258,16.889982253371127
1510.3718634296624,12.970989024919941,77.58993772608282,0.7366146525965682,0.2594299590267218,0.9193378751341293,15.421724491796084
3440.771187988216,12.9641120020398,77.58418547048225,0.6493295823789761,0.28312062989111286,0.8891456668477403,18.19008044610684
1517.5126064616904,12.975768015744832,77.6046336589273,0.6811018755487375,0.26315945615090164,0.8485237472081796,14.084085323224777
2275.3668500029753,12.983271207880033,77.6000846327354,0.7160692867464904,0.27212958107226864,0.7256644728648827,13.75280886642858
3050.052099024552,12.971369494439147,77.60285414597823,0.6993321426947328,0.18206468796169167,0.868177243524884,15.082240615396604
1531.6555451363647,12.984385751679394,77.57733786038042,0.7735566898302572,0.17499154513130483,0.8724101605741124,19.734675496793237
2605.37550614596,12.98242999938517,77.59299549956734,0.7487086559115593,0.1921827413250407,0.9262058182557436,8.010547405316064
1165.9745050817955,12.96083618812598,77.5917988899225,0.5491830790627822,0.2019286620988127,0.7576896889117535,11.362522733156732
1898.6323560487863,12.964862098943406,77.59179428293402,0.5642176792934557,0.2715509890062628,0.8760987788813122,23.0
2819.781934142537,12.981175371632798,77.58843972456282,0.6630283315240707,0.25829433697342086,0.9576251392022116,16.100753667097198
907.0062664683308,12.944473874361895,77.5911389572822,0.8828625262441825,0.22692346936272473,0.9675509675492517,13.371855812149192
2940.474737960399,12.97010544306835,77.60309644782707,0.6148408167498397,0.12844066170765567,0.7140184823862673,18.179407341953148
2480.362201073319,12.957291687983753,77.57547148646653,0.6791777290387246,0.11559890777015625,0.9706406608653224,11.859891999191898
3052.4899544171476,12.966834461985664,77.6123729476803,0.6463653973043477,0.21202313724008517,0.8753426086878509,6.58884435122005
2723.9141340646615,12.96861179910971,77.59943841125026,0.6445955615911919,0.24401316028003583,0.8814989122501447,16.419199790989556
3864.140429973844,12.968017556220925,77.5941766810434,0.7178239743905055,0.19602164755069312,0.6635484630144162,12.076864663820686
2625.2245026479072,12.966077387478874,77.60366834146373,0.8400777276195651,0.2957452252489203,1.049357116255788,15.4055591125196
2070.594458874747,12.960628563503713,77.58008165254832,0.7455968399880588,0.14587794781097824,0.9176798885011296,16.317603159353876
2622.2975030322837,12.994519112668188,77.5879529909485,0.6196469038572907,0.13958240252522006,0.7468539573477293,15.568464678263108
3043.298029036388,12.990274620041614,77.5933892456761,0.9753229510803207,0.16678595127628396,0.9375201574916466,8.16401835155207
2548.8600703257043,12.959979341797437,77.60825560370432,0.7078573220961125,0.16488513934043822,0.9344478440847025,15.105123370349633
2540.5916912038824,12.987421167513036,77.59413503418874,0.6422779043617887,0.22631429343409898,1.0222544152932989,16.77840776545763
1798.0083121932446,12.967605345095272,77.59910054671185,0.8412096374677589,0.17891440740782488,0.8690311230709122,9.39976294710302
1837.0990824490518,12.972891874733318,77.58870421004063,0.6530929382056181,0.12260797693606693,0.9011996068938587,8.923305764613865
1097.3947282003064,12.97096726040103,77.59946842068967,0.8662913654987443,0.24457892283475585,0.8357192199762092,10.723901656582413
4249.576743186939,12.96500251358746,77.61137239592975,0.6129357209033333,0.11200240369639353,0.9597948613992738,17.987058955040947
1256.1367646087149,12.981438523436061,77.60455526691675,0.8430030388921369,0.14643908884946455,0.8216509658324951,7.006737014049717
1807.0948022040927,12.972858865305767,77.59378544012222,0.7201047664281695,0.11886467146280656,0.810700948291977,18.319095404577418
1781.5927344308025,12.966834485767809,77.60135490847266,0.8291052232702434,0.2103560638535437,0.893220246222008,16.56822299316092
3394.924376944441,12.958554105561996,77.60037516954607,0.8901765708701543,0.20930238560756062,0.7774136228696171,13.969992197872342
2205.050321707972,12.96266404986281,77.59966587671697,0.5867392709478746,0.29582271605081767,1.0602131218539235,9.07748135039835
3747.7420726737337,12.955186198843979,77.6057195336086,0.8275771820758322,0.2456913328072775,1.0927266727741876,11.814129820435127
1826.5093757561315,12.971722235484153,77.60564477703838,0.5591096095574595,0.27208230916711007,0.8546409914578185,18.12761620804254
2778.994162223802,12.959633344077156,77.59332841403125,0.5952815644751771,0.21443048256492467,0.7613404993442835,20.026900807373444
1664.6529467402427,12.968944394874814,77.60101879061477,0.6196590540207563,0.15115340894547183,0.9336592038902062,10.874548729434945
4645.1491277733885,12.985301018536104,77.5907690507884,0.7503636636177861,0.20640538009967482,0.8517897482031076,19.567454041135115
1312.4015809704872,12.983592995729216,77.58536927603684,0.7033015876934859,0.22962105036936536,1.0174681132528032,17.743500930832514
2809.8207102270276,12.971277231058973,77.59190506244296,0.6832863915837164,0.23519036911257876,0.8212853404470096,14.972651208940862
3133.7768809320987,12.970729152738569,77.5938372184826,0.714623527902236,0.1763793927945829,0.9544513222428443,12.048579481438392
2913.7990974514983,12.990398745494211,77.57798419010822,0.7591289589293473,0.22443932368911998,0.9113993589391693,12.67443991488004
2314.712341122292,12.976807561203588,77.60320332559417,0.7668248123941352,0.15334860145793677,0.8323738489386591,22.291690464617197
2370.179300266574,12.968321935401235,77.56692674577397,0.8094166835615131,0.14783612029446416,0.9240049828491942,15.71376725685223
2543.8114719791097,12.957339818828796,77.62174816939486,0.8820034812767439,0.14421076443072578,0.987853255847485,20.319473368043635
2352.9979983715116,12.975538732181647,77.60961879133797,0.6978637627558523,0.20123129942783985,0.9086848519055397,15.966231933152564
3463.87911679491,12.979893237725829,77.59198991275828,0.6478911037869083,0.14110818224618482,0.9097284665126258,13.189208297634268
4710.523001591351,12.965283484754863,77.59469426360563,0.7613536129185188,0.17876278050644961,0.8127216572146325,17.336360721740544
1942.5082149921664,12.97451202755138,77.59762971873587,0.5855745183735379,0.24514582757069792,1.0144204797904135,23.0
1130.1970204209222,12.967964267050851,77.58870839612011,0.6321295867888388,0.14854351609608477,1.0044546578143183,12.423533358055613
2411.7179516487454,12.96975967600801,77.59652619147587,0.7999380946392789,0.17478439832478415,0.8589440811313503,18.65547561378941
5079.709337654318,12.946721779424378,77.59316000022298,0.6875871625182295,0.2035815638388085,0.8875711540517005,15.762035929150505
1696.3254320302692,12.96938218596284,77.59365727282768,0.579180754164196,0.21234434507661334,1.0414220672690326,9.20192793451075
4139.116805444068,12.981293693024082,77.59641461063481,0.5510196934634826,0.17503547045972195,0.7866429178952545,9.112504628640334
4177.700814076441,12.965285974444335,77.58146472201646,0.7048716679393807,0.23934300343675785,0.9604288391358782,13.192065012245815
1946.4117582920053,12.972125263682154,77.59499569724133,0.814189653696801,0.22952261503923624,0.8441386226868872,16.389954336563676
3068.9830791852755,12.964040492933082,77.59623447746617,0.8128545777531186,0.25699283021808517,1.0778077876751642,18.513491878754053
4128.396623128538,12.975204416762928,77.59588849621356,0.7110880502892837,0.195919903782647,0.9063446728665338,8.716347784075062
2120.872259012513,12.96943476802464,77.59244169244563,0.9008909419096127,0.17435905952718284,1.0260378518140043,17.610790080628547
2296.4196398976383,12.96220758459318,77.6059785777597,0.6895179634059537,0.16586839889939392,0.8238672651538872,14.52647897787918
1918.3190860513564,12.984925514676652,77.59106347445119,0.6861432376602589,0.21535137589646816,0.7751471317675732,15.013255126130193
1485.2432693071332,12.980889320135322,77.59687325906823,0.4432564090261,0.18114221085943638,0.8765740542798888,17.354447384131383
1850.722454933993,12.965550932360719,77.60757297533925,0.6552637050838784,0.17154151111596055,0.9262683457946836,21.984421280469295
1276.0597332377436,12.976577883094178,77.5938062385998,0.7852015034908494,0.1775856367877339,0.8489268317983587,16.21456720162439
2534.0834682592263,12.976974120028204,77.59674463267467,0.8563961336859703,0.1658154757437874,0.9758307426274968,9.573052069163838
1730.0267689413581,12.978023012350112,77.59363615363685,0.6169765366332715,0.20995105563813662,0.8790046432189571,14.251629948283103
2733.785911790748,12.95465744104005,77.60697369793563,0.7462252329293048,0.12937084087279696,0.6918562838233394,18.408536092585926
944.1043537963726,12.981666065410327,77.59202275438413,0.8046879032323287,0.21515081462374816,0.9552811979193001,18.54017358766619
2830.880232214457,12.965903010370743,77.60743354577288,0.7011208153195899,0.23382743802014755,0.8117462940852843,17.66329749636123
3333.528961608925,12.968021720665588,77.59356412105353,0.4716719542472769,0.17095604309113513,0.8638402618323482,12.959875378643725
506.2643574285446,12.997978817522602,77.58600540276552,0.7247289999574252,0.2961018469803274,1.0553131203539357,9.528698809530823
2874.056569847572,12.97461873380721,77.60139373170574,0.7761430624060892,0.20088106554884266,1.077281172412109,17.358031023295716
3727.6689924732923,12.967736775245529,77.59155332166245,0.605257710498154,0.12193285084500557,0.8424506564907189,10.143052561608274
1290.3589813087945,12.949547056272442,77.60080500899099,0.6745845469125613,0.18593785468316648,0.957778663063184,17.772044065700733
4172.572386837704,12.985497641339464,77.56730595615076,0.5844503957871235,0.20313280724678984,0.8447725509577355,17.773157434778536
2919.0190093660453,12.958147903291914,77.59465205261895,0.4429852451419647,0.2224483777785107,0.8713127021101397,13.129228253075878
1794.9881442415913,12.961565610965005,77.59000394701242,0.8027004411787656,0.18712847379445768,0.8394224585101447,14.550146840063391
2444.230922342294,12.968286477009123,77.58396741313469,0.6996251466198148,0.14942148621478046,0.7275656319603515,15.794711468478212
3058.3269125217225,12.985764117917004,77.5890675899816,0.8597674996704983,0.14525096909438587,0.909505522373371,12.540741306715564
2576.0053914124114,12.979332399866658,77.58886296855707,0.7857322191906176,0.16732003574091645,0.9288165386946167,9.473279863559789
3038.7559924463694,12.970021624901598,77.5941201420515,0.664579023833455,0.17211123187406185,0.8328998254688862,14.843122891812385
1579.3264069206339,12.974682920636388,77.58092673538715,0.6916819339895591,0.14325129175503715,1.0087791711437109,15.260130441919378
2669.360824036078,12.96559614307129,77.5977627378026,0.7566177390770172,0.16335934194481505,0.8563919782904781,20.444189454612207
1086.2855030950197,12.972996536895653,77.60826214785206,0.7966883416755743,0.23297292622196775,0.8362788175140985,11.872031713488564
2388.7739386513,12.972333367447781,77.59740928496947,0.7322670630742011,0.28242063038472437,0.9526503118108106,19.273984695124444
1596.0923585352102,12.981287698956814,77.60268988609229,0.8105593145289484,0.23777308569354816,0.7457318010027472,10.411722084294256
1764.4700574102335,12.98127178122439,77.60554562454614,0.6703331263325528,0.26529305430934064,0.9906679031702806,9.621591201204918
3736.093175210437,12.976539773822056,77.60696489512185,0.6002856453214314,0.2487059234116849,0.8597830842605637,13.7965502211629
3591.310120594269,12.96797652442454,77.61330138692821,0.693519074643887,0.24165651641991723,0.998928607639409,11.236363957561112
3109.138120907177,12.979018222943902,77.58960798001723,0.7205184890736183,0.1831101868471336,1.0288130525829156,9.565536770486226
1407.687235327421,12.97068031533797,77.58741516014838,0.5798464605260713,0.20704554391934737,0.9640153442357141,22.777321263259093
2183.5915503051983,12.96078085631287,77.60243465648325,0.5663277915853377,0.17896903287719892,0.818802670727169,13.193409454576232
3713.0976999791833,12.967567122080892,77.60168266219658,0.7447386296473427,0.18904464188331865,0.7749168293515596,23.0
2641.7169136399048,12.972445269837843,77.60235675299616,0.6593643148629575,0.20340835501932933,0.7565927336664764,11.021064804405695
4819.329539981694,12.980702157836648,77.6134928245425,0.6834159094337997,0.23567830757895136,1.010291070170131,8.165813733468006
2893.3178393943717,12.969764718278428,77.59471369908799,0.6640307334299176,0.2211661690757562,0.8865199887799817,20.165158875713296
2692.049116490032,12.959508012887605,77.59886156559647,0.8520600901763211,0.1919085368492822,0.8400778205469152,12.093373470959005
2190.8835357974986,12.972167416832969,77.58479611748517,0.8261761160395,0.20277693704458333,0.8867917848461109,15.555463192795278
2633.5409047822823,12.972734560400566,77.61595321123976,0.5762646309960832,0.22167318370967634,1.0080621208954168,9.577466059948469
2347.5301636194563,12.973458376289027,77.5912345507879,0.6467206786919553,0.23336972190289176,0.977873978535955,14.847547432279825
3208.1086766885905,12.980798715159544,77.5915178407184,0.7850004267969592,0.12405024183713988,0.9438506155708855,9.51349572057163
3456.702316794584,12.9817892324009,77.59113250108992,0.7601936237103242,0.14613055180505316,0.9637886057426406,14.704370409156143
1714.0105394920506,12.965657891276184,77.58815104141355,0.6958542037670213,0.2553655266969671,0.9180172355496949,13.10426984204608
1168.767046442222,12.965438565419511,77.58730562951152,0.5862399795035764,0.1969565215034471,0.9302113057296425,15.921070921544414
663.7946268967034,12.961198012890446,77.5893629571711,0.6317459953846454,0.17879617033165107,0.9221025231151048,17.502765484435248
3007.9913269125436,12.978588156702806,77.58094204071949,0.6483232432453709,0.18682502635369808,0.8999938754372446,15.964319996796881
1396.6333938261264,12.986088201083378,77.58674682079737,0.72769943311191,0.18681473472117233,0.9753373883831282,16.804186168648595
500.0,12.968449180720912,77.61408963111448,0.8703727154697237,0.2278968890762187,0.9361282106200395,14.563869298401904
2888.578604530964,12.96918569435275,77.60195655143642,0.6313119765211872,0.14459918030096167,0.8119284968893042,13.258725193737451
4992.9995174327905,12.98626782556899,77.60385904176728,0.5973964752444759,0.20123888732483808,0.9528874385522654,16.880474731158273
2493.929088460107,12.976655578532151,77.60637208787416,0.6891413523172056,0.21230588647252022,0.9247247066379305,14.554208736487261
3338.4907744516418,12.975962357048012,77.61294134564362,0.8031738980514058,0.21981339582827517,0.96114134689151,14.706760871543423
2581.829358547565,12.959690834940263,77.57688577448556,0.5553117033239297,0.21114319981051466,0.8895793086384972,16.590979861787446
2401.1103468088572,12.978387280692795,77.58230116884714,0.8453634150874947,0.22579531151570142,0.9811740313767158,10.867137607909928
3419.0764829877685,12.962308636594903,77.58656276339106,0.682796863788433,0.17136519244708437,0.8938591449133844,20.71844437637773
2209.7254558113486,12.960259798140651,77.5899027020351,0.6265679997686626,0.15290986338375223,0.9723879686600545,14.002573677774949
2767.392314071903,12.968132284232333,77.59159430609415,0.539981071323784,0.3228502221625257,0.854352848404949,15.496726463880284
2821.6978061960135,12.965742072765513,77.59013022447193,0.7706520773420626,0.1849367657712882,0.8612745945901048,14.821922208277687
1831.9095463569513,12.96938400305615,77.59679308913132,0.6828828804758464,0.1907772764672716,0.9602052523210125,17.610972615608482
3492.042349536523,12.95719018365475,77.59495295390745,0.7170705482754507,0.23389200488589423,0.8668226606255256,16.35672668388336
2325.0402433045915,12.981188163064678,77.58737165204822,0.6099188258988636,0.2798044646097121,1.120578269474816,14.80030421252202
1744.2548405071552,12.982876862945165,77.57284451223012,0.6680903965748975,0.1727735941532652,0.9566444986779027,20.795016464547487
3036.5098435704035,12.952126575258593,77.58467131294621,0.6513418753645261,0.15005923659052373,0.90249234861542,2.1866175631812563
1601.5320182089627,12.981384578056666,77.58910761346688,0.6899406894621792,0.1378923324604195,0.981990077675885,19.970697521867788
2528.1811573691284,12.963494713701785,77.59212920563192,0.6330447673624189,0.2796553110751463,0.8519319590023483,18.68086162076384
2490.8810033557966,12.980169755369829,77.58330332540689,0.5465819039312778,0.1480946506769483,0.9923014819233018,7.6567334687902155
3585.895565831578,12.970915535073336,77.58969193533504,0.9728499745296606,0.19862220317422166,0.9895235216663533,18.71713287086901
2974.6982328799527,12.971887755640811,77.58329012611514,0.5636595752662485,0.15113575839785157,1.025353405777955,19.233869782238155
2474.973041254856,12.969749023505788,77.59334180648452,0.7181459006942539,0.12758220410208482,0.8559190468651423,17.247053959524226
3317.766299200287,12.983721292042336,77.58386908671638,0.5227972171575958,0.1853812323453157,0.7777266745862255,8.76365022527433
3890.2075490173133,12.95920411987475,77.58611095343629,0.5002952563382025,0.153110666682942,0.8389845360797452,17.730610870256903
3057.810306351862,12.977678403387351,77.58151315869011,0.7097826491852267,0.16541857872883436,0.8718369484027253,19.028787424007714
2510.3526198433806,12.982613301648897,77.59306499304431,0.7174367587768303,0.30030525487087023,1.0667211600851756,12.711174020876511
1188.1637676498403,12.978763400805404,77.58593552230047,0.8261498990802383,0.22124480520862017,1.1195012029127749,16.764535423944228
1434.8863369246274,12.994846989143234,77.60366784266675,0.7399546841015705,0.24657347597769946,0.9344662304643983,13.587168417922193
2194.7752956453323,12.966310532372754,77.59865850266692,0.6850189281254209,0.24123297814246267,0.9009390608018599,18.54150796206737
1890.487797840717,12.981173048225935,77.59390148131817,0.6050399755934995,0.19495695384604877,0.8650092169525789,13.745973259089027
2313.028697014554,12.970539093646586,77.58662514502656,0.8499012068233548,0.17801408203111882,0.9824690350210867,12.67953014861595
2556.649924897107,12.983934060763527,77.59840520305316,0.7928851246050224,0.21244673059305585,1.1188581391991517,14.842813829321123
3029.692754356731,12.971523110042787,77.60150700889349,0.5753670522251575,0.20842253849662473,1.0785850891188271,9.63339151806657
2429.5012219409086,12.967721242181376,77.59602688412201,0.7037963728210634,0.17155972914173462,1.0137976612605835,14.445672067070554
2986.501643826202,12.984660722038717,77.61063701855467,0.7144052231526496,0.20649239152334303,1.0123302531113856,16.448370949432952
2564.4744148101204,12.966684380609811,77.59919637318075,0.6654346343394331,0.1646835146651854,0.9832309886254115,18.479837077465405
524.5334336461287,12.957472742410994,77.60373607217568,0.7771850485806795,0.19142710346795802,0.8952709354291466,15.995826954552797
1560.6646061812457,12.966431531168261,77.59593565415535,0.7831733138348177,0.18323582627413315,0.8263451777459204,9.269593451654409
2355.9124442783846,12.977790329465886,77.60135664453257,0.6809514302194893,0.13655637036971105,0.8979185910672058,20.40908455291905
1290.3052571588923,12.985520387515871,77.5866321876733,0.6719130754202342,0.08244208934439151,0.9422339602131353,20.744634025496957
3099.9287299962043,12.972711293752965,77.59001601636787,0.8498958462667532,0.15304683750301507,0.7546366101281705,15.450269021083129
4030.7508323436973,12.98478197067234,77.59809363553482,0.7932838892362237,0.2902052332293151,0.8847049270633791,11.992233515405381
3718.7618516973166,12.958018250785225,77.59802099481557,0.7072360389908384,0.1845159108981636,0.8174067645408727,12.873528254153818
2286.557129069792,12.967167365351822,77.59967611822944,0.5370790960919946,0.23879840804482022,1.0013841161068142,14.18591040912766
3990.726136849952,12.968714248828459,77.60560392892279,0.7344000106305035,0.0937777428453321,0.8450291597843289,16.11467382479064
2648.6674572021116,12.970454405725276,77.58035028828185,0.7698083464917668,0.1495856966017836,0.9328220331980988,13.782058873961041
2162.914028881961,12.972440943882502,77.58485547452389,0.42454783716016264,0.13227551913188249,0.8299979707064423,11.566449864395297
1886.5973364590602,12.978509109573922,77.59689572641074,0.7251869448318025,0.18988499949564427,1.0597699325960916,19.092039536865748
2197.5303135118716,12.967151931618295,77.58735636368196,0.6583308013204264,0.3210977740267622,0.7299243063465415,16.029143552296404
2111.823181458771,12.972990286869532,77.62837768241289,0.6779145719870447,0.2230119471613959,0.9475840376843967,10.790511910256207
2670.416222375488,12.97114877109676,77.5997571961917,0.6092619047236679,0.28478062666390436,0.7722742331560067,16.165241825143163
2660.5739810498644,12.962341100961089,77.5938166915107,0.6851810709596358,0.18727816361571684,0.849066734951515,15.647483315116327
2503.0460201534142,12.970463333109187,77.58944530726916,0.8391991576181331,0.2682434686927536,0.9206186703684505,12.127788352222435
2936.93816974635,12.97016340470103,77.58979837716807,0.6553601501184484,0.30366283533414457,0.9255357031316838,19.780199038443946
3690.6462747863416,12.96994919434997,77.59490140661315,0.7965573558793183,0.19453154667947709,0.9229266841095413,15.539556825709262
3449.5541354413235,12.971917594565815,77.5957198193262,0.6193668781120389,0.17303676443863175,0.91517491409755,14.133513431671329
1015.1020315500964,12.972356735406134,77.59003300855306,0.7758756192656039,0.13410945315049239,0.8358155738126558,14.666073007698314
500.0,12.967277048208928,77.5918684775348,0.7001655855621951,0.18454698707115152,0.8835946676911189,16.775667183419305
3434.3199112392736,12.984327147339712,77.60804284575235,0.735202482878928,0.20409483376003956,0.9031634016178915,14.711266341879583
1133.121301584579,12.95990519370797,77.60844504962651,0.7007153256097487,0.3015476808674575,0.9195360396758883,14.677825307844499
2275.2345981073163,12.964390298915301,77.59712033979935,0.7641625232441208,0.1352513012951957,0.8934319527193012,19.263860273301518
1329.8869739406405,12.999399636242236,77.58118740272764,0.4432414882066241,0.20298309468484893,0.9729590420984455,9.326382690050938
698.0195624199803,12.961220086450108,77.59998503156639,0.558017468654243,0.10928459393051915,0.9093386970150943,9.993787441620155
3041.462728204788,12.958062453252904,77.61014282441612,0.7417080498008645,0.1786618585580716,0.9201325967621614,18.107853439967748
3259.155160302647,12.978944767450013,77.60829781101963,0.49564616461037636,0.21556976787060095,0.8617347651688483,23.0
1923.4895992732804,12.950828801462261,77.60194425852809,0.6469419644352791,0.22562915763442792,0.7947558073385578,18.505981800608208
500.0,12.969247260900277,77.60882422955285,0.694565915896335,0.2294511539820961,0.9154028930732471,22.4568351842909
1953.7555517475173,12.993058249250765,77.59513384272479,0.6171859862387102,0.2198702016443423,1.0207446043962938,13.262513545137088
2891.8040054025464,12.956150640778466,77.60088102969834,0.6308438597306226,0.22902109700481207,0.9443861230730414,12.451675286648728
1021.0884312258713,12.951780355142613,77.58779224433675,0.7271582200153592,0.20228695645013317,0.8182506058785208,16.826132692984206
2683.3599197791555,12.956608187980423,77.59752265456156,0.8009294955779809,0.14760668470055144,0.9814740025818605,18.814595839308122
2484.6901508270043,12.98058359568347,77.6078953424397,0.6041550618745192,0.1074171518159972,0.8664882932206044,9.75379639487058
3079.2914996010886,12.982847767199859,77.58870576588514,0.6424941803812629,0.17266560891313917,0.9714653980480288,14.147126508680667
2619.5803684141533,12.966474112030216,77.58598556570536,0.6268739026672955,0.19326922834683852,0.8631204135103839,14.891931329423786
1526.9310591184444,12.978432124040012,77.59557488939024,0.4578620248122721,0.26269658985877403,0.935330643982737,12.284519137258505
3696.5715016644913,12.98550255327512,77.59233337796276,0.7141711790317509,0.19496991624219065,0.8481502663375653,12.751112693817024
2341.47042697303,12.989473464144298,77.6010914772107,0.7934717745828492,0.19017154828916538,0.8506947503529666,18.372277204236774
2472.695460490068,12.969136647188202,77.59006740474052,0.8016643207315882,0.219276356342089,0.7433734632904261,16.878737924363293
1566.732040926804,12.9485852828233,77.61178439615603,0.612923362355926,0.18649940062743992,0.951207481916116,18.193805687437816
2056.71774880849,12.963391210775903,77.58170323902038,0.5748301951479857,0.24052709994734695,0.9370169634820338,16.347498761491096
1615.197285973099,12.967331958050648,77.60713734786219,0.7021605547591684,0.29896668091919393,0.9426442716260943,11.506973292589848
2327.053940076577,12.969010612034216,77.58695150771692,0.7829273686566467,0.3095392757105351,0.9275330561131812,16.692412207356686
4211.708480142343,12.969721405989914,77.57664017265417,0.7154850448310384,0.20485203136222446,0.8237749966676697,11.191628390489965
1128.0988570686436,12.982788945979307,77.59697875156348,0.7289304635873761,0.2168446182347724,0.9965899264493581,13.752986643862632
886.4386021232588,12.984344284266877,77.59205392013986,0.8141830927736233,0.27894280601867416,0.999277930009227,10.8550053807271
3971.1703274936085,12.969883263460753,77.58350390632097,0.6260863440769296,0.19250189885518645,0.8211762534829418,12.556448831716532
2290.676322848134,12.982584848760519,77.57778623108285,0.6780029913326969,0.23395960709620897,0.9532123991349958,15.361915389418062
1830.9272613400835,12.975176613666312,77.59451639212729,0.8634605511761201,0.14324199351570877,0.9874991185367977,13.170037582018715
3539.9046873960765,12.972245059728627,77.60435836891624,0.6803188876902373,0.18445804258625012,0.8529901726656279,11.467350359902085
1894.384460263136,12.9806654415711,77.60044953493086,0.5732663034033428,0.2578057308322654,0.8703964310755649,19.55118988632832
4326.009713546936,12.972322520482379,77.59516706648839,0.6330643903749704,0.16409021831061885,0.9534113408211786,14.521633130488562
3177.925871339269,12.992178111770977,77.59938847573218,0.6061820148778757,0.19359744106351612,0.7489670230585699,12.888287814268303
2012.0885918542974,12.957215888332055,77.59432785867622,0.735716258570127,0.12128951771989403,0.7911482778466,10.670403557192095
4657.308213265504,12.96644829100908,77.5803027575697,0.610405299641122,0.30028841472548184,0.8010224992130439,7.512020459427405
1894.2850769966617,12.970334811030462,77.58039106014776,0.7271034252861244,0.2631514034908452,0.7203683635174505,14.111811945075514
3242.095372009307,12.97599452690458,77.59256831471015,0.6263934781459349,0.20940497830763743,1.008493977418748,9.487125185920114
2799.292580406492,12.98427960487103,77.59299346713634,0.4876621461601771,0.2253756436041164,0.7011868185808333,17.848145837443813
3801.741289398798,12.97135601432764,77.60310982678507,0.7306619786981922,0.21979490534716845,0.9343110663431367,15.117964778394116
4061.5111967268526,12.957377703504939,77.60217304223775,0.7148463681546888,0.2692155876515393,0.981168339475522,21.233443116552543
2532.004149065767,12.980025138964551,77.60065133015759,0.751775781570884,0.1740599978814314,0.8706404045586733,15.892297092948526
1746.5821296538165,12.97914958766142,77.59179717286924,0.6327012780834743,0.2366133809964116,0.8331632375268755,12.093368810961401
2959.9721429391166,12.952181413406207,77.5807934782989,0.6220455524640622,0.2538708249426087,0.9232842450736639,7.479969590526203
1822.2846302478938,12.971561958663292,77.59872071137066,0.7401466858481545,0.2607662985238229,0.9001833000594481,18.226175454967027
4513.3872475266235,12.955698581693197,77.59985169313262,0.851901957253098,0.08703145580841512,1.0003504862416417,9.80420695785844
2636.5353310827372,12.96495348902498,77.57071468537522,0.7011168009506328,0.17003627608674277,0.6371478859602042,13.367421909240953
2134.6784486878914,12.962571910730372,77.58625661813417,0.7424585096047145,0.1490414689349048,0.8081292523851873,21.696352986219654
2684.6803058649084,12.97969264698242,77.58768945622606,0.6678412315574292,0.2074794142785343,0.9561576883916055,17.443933396194907
1152.8737104703034,12.972768301741722,77.59578350201123,0.5456369478126315,0.0991984890242864,0.9050447442774461,16.559461818139763
1528.3859614893486,12.95874408999244,77.58656639567235,0.7967429419154057,0.09771885545271985,0.9752034159196867,18.777289772480437
3700.4139079444253,12.980400659629574,77.59421865431176,0.7908414239086161,0.308504749593813,0.9262019976239663,18.628199275622112
1843.1057210286044,12.957261941760716,77.59249465059646,0.7710774025175193,0.23088446941316704,0.8865262936758688,21.32378572781668
1453.0890173180603,12.97490113790471,77.59300850528463,0.681805456165758,0.2060504621599406,0.8697711556906496,12.591282598124526
3036.6527525272863,12.963459893307085,77.58743605706299,0.7597056099738541,0.21818363239194913,1.1325055015875587,13.49326338627694
3685.704154662997,12.967943229174695,77.58821014945933,0.789376179738783,0.207317046187459,1.0534946274031511,11.310461483753251
3218.953310665067,12.976642707480384,77.58379732940219,0.8620158684956707,0.24986753282757632,0.9495505098095223,14.869209454464107
3496.0476858058164,12.976814493990595,77.59840067440574,0.7988526104647442,0.16837779039680106,0.9078463893448415,14.471069083319223
1743.2049114305391,12.98496969073556,77.60031102628591,0.7063821225033639,0.20933074130367849,0.9538132549353434,7.980191050657704
1078.1893332581562,12.970777463003285,77.58689382049874,0.5691746744575628,0.21137106339688577,0.9826834717872908,12.384396971621815
4001.333651955487,12.974664508629633,77.60980640096017,0.7155658297671741,0.14765710207708313,0.941882668570451,20.756466136795865
2177.3201611578643,12.967222626775957,77.59145398552558,0.7256577395849307,0.26384915295315264,0.8248619876613442,15.976834379548341
2249.1669835449525,12.97341989882623,77.60990185623797,0.7709029775318303,0.17771616300492954,1.0784510767724511,17.86159447234685
3828.194141849058,12.975994860480085,77.58817872826168,0.8353891859323426,0.25087108349044507,0.9246208227754019,14.517821328597275
3056.23000940066,12.970616901525457,77.574334222234,0.690484948794322,0.205745636318574,1.1013930030389814,7.451625903208633
2955.8877720816076,12.953562495159076,77.59862197824913,0.9100987189813111,0.28167924162045294,0.9187147486877334,14.485456312681842
4665.002344901084,12.97491470896331,77.59708545105119,0.5240712979959422,0.1479310455739238,0.8754346647874466,19.166786230083915
1856.481769619857,12.975245614773556,77.59494393795308,0.7419341872461624,0.14576205992447752,1.0384140124046464,10.257264835024362
3427.8401280812373,12.96479826523652,77.58817767521556,0.6201479607815972,0.15471522044978459,0.9301186958077767,17.98815570697455
2557.0131248970847,12.958756129639275,77.59425427774514,0.5092778000311197,0.2066647775257187,0.913342263450929,8.192673322829293
2768.592278863257,12.98635879150504,77.58948740542131,0.6798225623700841,0.27707341978891026,0.7799635794357406,15.080764952929323
4028.4684264125317,12.976514455108944,77.59157650433669,0.5542827301579043,0.2796546809082625,0.9660217805135829,17.178073800586517
3007.8357562896235,12.969309189690783,77.60301632255765,0.6838572101967183,0.084501569978078,0.8506689617044092,13.75154990292243
3038.2960790496327,12.960229671168525,77.5964421722953,0.7034769248094457,0.21248535806112695,0.8552208790926026,23.0
3572.507337309802,12.963381851715788,77.60069951387332,0.8118541409335949,0.03935231947424886,0.8509451154594829,13.02723825164559
2135.047270457115,12.984625903967864,77.59228131493374,0.5492414865236062,0.23975158968925175,0.9439033834695303,12.686335049287191
1660.7903326609935,12.972976619408682,77.59117982654195,0.7908445165645772,0.25590847074476036,0.746462372642431,15.817968167420018
1455.1908059789664,12.966094129329994,77.58306517469111,0.7098080450279793,0.19798778626539074,0.8789154657274193,11.980107456651165
533.6434106239983,12.976696892312248,77.59089963387432,0.8028849153609594,0.20419907887473773,0.9980278991109378,9.234649624738754
4556.207129940322,12.963456018125537,77.5613888544441,0.6568248824968872,0.203681944647012,0.7754331130659993,10.609320900311133
1396.791634278317,12.986608430302804,77.58869778033694,0.5667755413236554,0.16077790406293768,0.9172878960934585,18.031947038191582
2278.746376414228,12.985128005348967,77.59378125822809,0.5782500673784133,0.22158528926607401,0.8368600579729166,13.78024176449858
2223.1867001110795,12.966934259287973,77.6002367365427,0.5708192546332883,0.18842959991733715,0.8596306880534367,21.808083802007705
2807.406697809101,12.965313297529692,77.59191322122474,0.7477814152920654,0.24651458546448093,1.0655152260389906,13.23505501970986
3315.7372125392967,12.945418668013078,77.59807673542245,0.8476922022214699,0.19431865327403852,0.7349510816454992,17.842041418929192
3360.4734883597453,12.956784192284486,77.5728021133861,0.6435048473344779,0.15694884467558706,0.9765630338171617,17.043367917847483
1916.9225614310617,12.958205302250423,77.59403163147793,0.7629135298257783,0.12320676645672449,0.8522071731222788,13.175396771279916
2332.8782862135886,12.972951903409875,77.57780497207087,0.547655794186438,0.1067967587472144,0.8472336014854333,11.484764283336363
2782.5799504883,12.968337662955587,77.5825169648434,0.7180321249177298,0.2656254671977218,0.7888437657511733,8.07278520429621
2251.308873816453,12.958146645125849,77.59272834452136,0.7668562616337127,0.17711053235704904,0.9753899637273636,17.21248311872037
4107.345576019992,12.968788359575354,77.60736263987873,0.5551875224723131,0.21692870950408244,0.8808595383715984,19.79303893020058
2990.9749516382512,12.976653371476473,77.5983120676347,0.6796116531020145,0.28916149458722595,0.8682330586205348,8.640277312983063
3234.8777860498176,12.976878393499156,77.59478230997136,0.7715917140485564,0.17185978343510544,0.9109836929204075,13.518220260013303
3162.8812686674128,12.952603297191411,77.59440469610533,0.40662293527705223,0.16862612578094233,0.88297128742582,12.332326679229006
3673.473857485325,12.970317365195163,77.58746371106795,0.8335453061701742,0.19339191238223383,0.6999312120246476,17.205476601280832
2681.021558703707,12.957766592230284,77.58916016586628,0.7353679375891048,0.20147163502099966,0.8509175817022642,13.68538924818933
1203.1680520441535,12.980617286971404,77.59887376045471,0.7716727647717342,0.2943775675127923,0.9895440890948325,20.291922281671265
2899.6879517526418,12.979441464163536,77.58074639481555,0.6587280720805235,0.27829102970470565,0.7493383535887692,13.462427236132601
1848.643106208171,12.962619727736756,77.60053054050283,0.5277277518434644,0.2310437707953374,0.7910062100143646,10.054466161856382
1971.383318250243,12.963939547975997,77.59071492932881,0.7534062956316951,0.2724706884498434,0.8573208604601474,13.124778699156751
3086.364018755093,12.966987329495018,77.6028555707487,0.6917409674583488,0.1910890493716072,0.8274376581362858,13.565541599364986
3738.283071433636,12.949072066052688,77.60421093457232,0.7032115455432321,0.21495822835942394,0.8972114517858392,17.104399781978646
2521.2715767360614,12.974959681734406,77.57786915987494,0.8087606985198953,0.18492431777306526,0.7906923248321259,13.505923778538062
2808.8330125989637,12.9688715545366,77.58878419236773,0.7762063873862598,0.13548158087101803,0.8612145476190627,16.76038605360151
4202.214944635238,12.98130175082568,77.5860447231206,0.8921237417089612,0.26019373708967974,0.8952005468400666,11.838062911643926
2740.753179488568,12.960615907820374,77.57647272034927,0.7153854228873499,0.22658493669949303,0.9648940416207972,13.821293280821376
5101.683114180395,12.9654087705175,77.5842746672379,0.6308787562208882,0.2009036736711832,1.0244789386099595,11.859862893149915
3065.509645631544,12.95653474741961,77.61901255845265,0.6811583153091273,0.19987660753439124,0.873845284614656,11.613433641295448
739.2372408441822,12.961557094365057,77.60069509896212,0.7415663372538606,0.12468925645467459,1.0888060241245825,20.099334229136048
3253.3416211045324,12.959780180039319,77.61377287968605,0.8015856518992976,0.15112623334236425,0.8816095419455476,12.139481714162924
2881.1583848827777,12.981559736788466,77.60289098440019,0.5532966048561281,0.21680765850570125,0.9828875148256531,13.609580871408939
3789.752754082746,12.964617381512486,77.58718156838991,0.7008537615179169,0.1735443666362747,1.093150773472678,19.178417839797717
3173.181351269958,12.972841756847446,77.59078228803325,0.8609541657038369,0.18911434793912552,0.9139308409235936,18.000005585086118
2361.544016016226,12.967792365961383,77.6004843618024,0.6759791128997479,0.19476719676104493,0.7626473378422465,21.56482886664614
1275.7017637106342,12.958905347339872,77.59897506203473,0.7931011854869104,0.16587656154914449,0.9090903857207632,16.93120745801671
2290.9767427139745,12.969916995768283,77.58882657984292,0.7493117527216004,0.1516040839987975,0.838835711179509,12.598402441255768
1649.4795457906998,12.977591033318637,77.57950006829421,0.7955860606524979,0.11938211845373133,0.8725567973027548,23.0
1919.4765501952772,12.959522406074568,77.62747761187389,0.6190239458400068,0.192674086049423,1.0984976882495214,17.328322978221074
3088.5784044206093,12.979691127907314,77.59318850327656,0.6194598329934419,0.2309304273805142,0.7777236576776124,14.381218644793336
4169.904504351406,12.963102790785223,77.59134261106817,0.7020271892122287,0.11781829288900249,0.930046682230586,15.22986219880208
2894.671529822981,12.966770160739273,77.59573334463906,0.5467778212759689,0.1987976087450087,0.8122278719678275,15.717126317802858
1304.1169379648156,12.976906831230101,77.5921727141069,0.6730259393388341,0.21405716263457805,0.8692342058799085,14.0527525008427
2944.602668220141,12.964965638427806,77.59582728907705,0.7252876657515667,0.1505209798135428,0.9744842335204484,9.496577592331331
3696.6314866456514,12.971975748593358,77.60746947286117,0.8784635606949772,0.27110709057740445,0.9318163943473023,21.506884208986328
1890.2170956806178,12.968453091712119,77.59335451520313,0.7402718189269821,0.1807142315480796,0.8774967731038411,14.912663695300918
2365.9828333270825,12.972893680067038,77.58297289560672,0.7625228470873102,0.19493701557717447,0.8350199674735372,15.733986050810573
2514.688194729197,12.947792608944766,77.59298356205521,0.8164475847050006,0.19193652497010108,0.9316078192153614,23.0
1715.1016869177602,12.95330318184792,77.5899559821859,0.6035342411104943,0.11146127887044721,1.070768671715337,12.26685894712966
3148.280433843859,12.977759670060468,77.60883898937247,0.6834917337629014,0.2504376035842022,0.8098648057376376,17.621941298856417
2379.0518513922184,12.981971814056491,77.60631119064738,0.9425412591803892,0.15222406157903814,1.0911663885457772,11.830805265720066
2919.5324439070278,12.962495132964685,77.5956752500043,0.6920877777615491,0.1881739742297132,1.0199497450725152,16.284084650181754
1612.5078221979,12.96915971647829,77.5818126414518,0.8116430748782206,0.22988305006389978,1.0369353367577767,15.806022985005432
2062.54169967659,12.974547192529023,77.5823410773656,0.7963737877173107,0.2730451713072267,0.9308432380929601,18.162404388561267
3222.3813578277714,12.978532176016587,77.59475123261585,0.552188628561231,0.14600338590515805,1.0171129775509895,19.832674870761334
2127.166847908233,12.951323227283291,77.5979632296932,0.7310479277005932,0.17767582072027865,0.7991168717549374,12.681915635201314
4226.963851233405,12.962739597530216,77.59085377180674,0.7146747472205225,0.2691209315003577,0.8331956092151489,20.666699362895674
2100.3638143853977,12.968274206201501,77.58979830415792,0.7329958787840434,0.22318569396377236,0.9765813813920392,20.949923754245248
2724.6847257518857,12.978631401972361,77.58867200766821,0.6245887520208939,0.23355856795258043,0.9295845055223817,14.000058461225962
3432.59083187309,12.996584304837215,77.59436606039756,0.5883080488087841,0.14744341321119162,0.8851620741502231,14.973669674387482
1081.6342670669683,12.969319942731904,77.57077237647927,0.6523989999979148,0.1810395235036721,0.6497391109392578,13.022599520202244
739.1911880192242,12.95753022537896,77.58358673371231,0.6902205002915797,0.19160822838097846,0.8564525951961829,13.778235144625448
974.3436854299052,12.975622680772014,77.58832949154552,0.8184984447600315,0.1571052621328513,0.7825946219701735,10.186097378999728
3762.584103427182,12.984809957895408,77.60667503194952,0.8817310819725607,0.11627151871630464,0.9493534311311502,18.11014308931676
1948.1418541075532,12.972680141209796,77.58646186358071,0.8396597846223177,0.17447507206182022,0.8808831471432764,6.798824429900913
5058.199285668252,12.962533514548458,77.5964046814183,0.7860185210781844,0.2677144099792215,0.8371699455833496,12.211620596949256
1935.7524013426114,12.981179939414801,77.59686542750931,0.599565973770041,0.2029586732780248,1.1642910482624305,14.81535179572173
2684.5513031970368,12.978235456184985,77.6075791650566,0.6591103825010504,0.2687145456786688,1.0038174476694235,20.199189321711756
4042.1099525678756,12.961339191558045,77.60722577406965,0.7209926052412997,0.208951045711476,1.005587214135606,12.819021722792375
4506.092888159123,12.975414256175345,77.59402497031205,0.6367560961923825,0.1617646135206019,1.1202215144682173,16.711406684410314
4561.503576636398,12.981572655676588,77.58984515258811,0.7577205652527951,0.2638809506615861,0.980219178268311,14.676063542199078
3708.3662305931425,12.983418900425589,77.58796166897174,0.7720486108254287,0.21061630703339496,0.8229045990527134,18.780475601889336
3524.0625258114624,12.970935510246905,77.59218936777535,0.7536290062565468,0.24809194162136988,0.8112103648308264,16.502342995829483
3092.526949201183,12.968019205538207,77.59025966645676,0.8025134604557581,0.14658359144397143,0.9964902758754235,18.32083755215889
3278.3610761666378,12.983872738220812,77.60013627409359,0.6095408786286926,0.25193781448072516,0.6940645720224823,12.79746033938164
1948.8142836714665,12.959498394970192,77.59880309817486,0.7932828704092197,0.25344446377720997,0.8922220368990434,10.943900423366657
1681.801116577693,12.97598579290921,77.60051801191145,0.6304354549879804,0.21448835721782677,0.6828875622443552,16.46851327621345
2496.625542589048,12.957899733726356,77.60719283711437,0.6059064047357114,0.15965389570951088,0.9098843508389507,13.049087923842956
2329.8153774750717,12.982253762722596,77.613228691214,0.7532116134186382,0.1976995585643694,0.9854070250711954,15.121295487399887
2046.7719506727249,12.969019544843889,77.59584663393407,0.8215873562198981,0.23056455736191223,0.9279415534603632,16.26909976105636
3196.3874474567156,12.984285832356475,77.60559463771396,0.748801348637601,0.2117285009968267,0.9938109358970598,19.9676301226189
3455.305208570511,12.976514127563556,77.59108339816166,0.7020804023772543,0.23005413690538823,1.0964826941659915,18.146282573559997
2588.4068862918475,12.95936779769938,77.60645006983583,0.7310153826101506,0.2506122953826453,0.8856461562737992,12.275961308904119
3977.5300810552617,12.985846277320773,77.60521509157176,0.713642691806728,0.16757766733140395,1.1807650783278882,10.419911048969773
1358.310885866495,12.987112452664277,77.60468415969943,0.5874049103864605,0.14224621895199305,0.9212669956170155,21.82952441901779
2306.3405407202818,12.980422864925993,77.59554069841191,0.5757379855055085,0.19812305993138793,0.9949165062690359,8.66936131210262
1783.177679397195,12.963984121349638,77.5879164183601,0.6921174120526544,0.18351284205650661,0.8388937285434933,13.189988609235796
633.4633829269401,12.968539860456426,77.58065471562135,0.7079856835769304,0.23929232065780753,1.0619313979630682,17.580979281288467
2417.3193141573006,12.973054272174059,77.5941996279248,0.7011332378367734,0.14627508051705962,1.004171019854263,21.55504498780013
2378.2524916167163,12.964562896006687,77.6099301254225,0.7676101613649913,0.251019093708884,1.0471451302567998,14.24135389950322
4013.4497432421313,12.988523465724633,77.59150155098637,0.678452328383566,0.2676806054773383,0.9054504421773955,15.109371977083574
3130.8116845547775,12.97304326471726,77.6024512658546,0.7562979181904855,0.2000152482131145,0.774458243561671,11.4998903136103
1475.813175670795,12.944566519528927,77.60303951400519,0.6855413232673552,0.20303680627906523,0.9460397439625406,15.506464448540818
4354.092566334188,12.974993558127563,77.59176313779072,0.8823358962036466,0.16162267493849236,0.7302980186676484,10.399384082796482
3721.033695525353,12.968118426031827,77.6077634483752,0.7080713726726446,0.17286695505129668,0.8663814196378048,11.998860187125388
3082.0977034686157,12.970850734438816,77.56551339255519,0.9340722611525677,0.17958316596771584,0.9191080436632251,18.055562216553923
2273.5159011501682,12.967913806342143,77.58237249721262,0.7352011591090863,0.27214700339189657,1.1377224292510768,13.265692732552298
1540.5607632765202,12.979670464166068,77.58544367703641,0.6786322829411784,0.1964064607094613,0.9318548611941941,18.66899568821228
2127.793223928947,12.982796877785534,77.58640284977133,0.6100552023740325,0.13389135216799958,0.913953746908304,14.385971493403558
3588.7486197041862,12.974430531622588,77.59796262951185,0.5557111425942306,0.2127677171056002,0.8936967575964707,9.524639628516741
4384.586305934609,12.968206888128618,77.59750037803055,0.6008557715603843,0.2413145062311138,0.7657909095234983,19.673461102845202
4043.243528272189,12.971186627951909,77.59853990572175,0.612039369083601,0.19872943153392025,0.9085825840013008,9.738695659792446
2011.150578213726,12.971795996165778,77.60056081494132,0.7394820020412176,0.2734606719863495,0.9102882676136773,12.59284996455754
1380.3825667109888,12.963575699601352,77.58509895430855,0.6473834628939812,0.23887543336329492,0.8031391504546284,14.201203672247427
2640.886246911204,12.977389286485712,77.58241823933193,0.7186927052554497,0.14754356350560732,0.7813254385571635,19.023314482636827
731.5606344371483,12.976200423238605,77.59856319682008,0.8281978362376685,0.17242835938017992,0.8518429317232267,12.894060709239026
2823.1677141847813,12.987004412397766,77.58829767926353,0.6912191648365146,0.21131131407123047,0.9064932978572693,11.293131350119664
2352.3974137013315,12.984153497802886,77.57889524954632,0.9079156698466804,0.11669053809866964,0.8542445818618543,15.650692286241584
2033.9634981317577,12.9647432508241,77.60431344284541,0.5824189019660801,0.21681783687353073,0.7949124550348479,14.144137107093524
905.2969327332046,12.97980298374509,77.60855101906502,0.6849416451625072,0.11192087863726759,0.9289272252004306,13.130437603843355
3013.6001065697164,12.962090466169055,77.61017160889699,0.6460687076389021,0.2511716727782255,0.9538866824169229,15.865941425951382
1967.2991603380888,12.978559321009408,77.59647007721475,0.7936506606057008,0.24536368423958543,0.9121297709222236,10.185615138427472
1330.083164289712,12.9664338580124,77.60085932095973,0.4760208369633878,0.22523906804575355,0.8437017286123067,8.112637836137278
500.0,12.961367467766244,77.60829868223362,0.5556884710822189,0.16620608178238444,0.9594841021232259,23.0
2472.485094949364,12.974400453426975,77.58818584209976,0.6892653177549036,0.20851014123067696,0.8809462710273019,15.41674437344631
4272.251596669744,12.94485432871846,77.60570677684053,0.8551377721009493,0.17433112562426756,0.781091629265485,15.696723527849079
4161.25921454787,12.954090244255948,77.59735396234143,0.7225841834037307,0.1484592361274967,1.0036244355001398,11.87204247729169
2042.903743413728,12.969825081162258,77.60373711652342,0.5648452545735766,0.18306284941142947,0.935350801926649,18.590795373976043
1897.7879396382195,12.97242441766635,77.59646093020876,0.5802833407309769,0.23491327682460478,0.8880709694304261,12.866058959416614
2968.774256075024,12.967906812298418,77.60756256709747,0.8672989702844952,0.20219070964158806,0.7428947795165275,3.855409248877862
1501.6145608117085,12.955805637012825,77.59683523762541,0.6378865201203758,0.2725354962067212,0.8255139720864788,12.731866637965474
2801.791899819466,12.963421081578616,77.57976020940532,0.6057036627550235,0.23828902697401375,1.1018565712382928,13.8743476883022
3266.0802783846902,12.975512093272375,77.60911926632315,0.847737256063086,0.23293454069528094,0.7491657938119303,14.31966558266195
3726.9332238843076,12.977417817706284,77.58512469259028,0.801109700558699,0.11955367252771981,0.8748650720358307,14.20395334902167
2399.845923520047,12.97143776882404,77.60713058210244,0.8274059643266796,0.1857420734922361,0.898366423764638,12.420341532094891
2296.3262498230342,12.98316833781037,77.5936975711856,0.6049958119734182,0.14678137947829004,0.9320476789411555,12.033915761186528
1622.017413243439,12.975573970234592,77.60636010985198,0.5474894358985639,0.1908498560188048,0.7502829064173586,13.808085332831878
1673.11964596014,12.964125443460418,77.60594768614867,0.7133166489362706,0.16533619380384218,0.91741762564046,8.41809565185634
2273.521108098473,12.968794979465883,77.59890142974315,0.7335126133073664,0.1811197523471031,0.731389453752832,7.169614824757831
2867.365506816178,12.957571338427922,77.59968535317627,0.7364601803704831,0.25305813661869253,0.9097428796195511,15.392221959678555
3413.5846262332493,12.970518610096086,77.59882628617193,0.8478183935639001,0.2237624964502917,0.8347602080990417,15.458939497059962
1696.8210493196552,12.982721006192214,77.57446175243719,0.5266232909991752,0.25035572144908175,0.813413073308219,18.51760232021599
3992.688568959522,12.97845290084711,77.59578330218898,0.7859695051297766,0.11996584454920073,0.9834817158667588,13.977738758516912
2228.8763989574313,12.985620093259191,77.58343935823927,0.5903374955852682,0.2028987348307832,0.8764393756636119,10.225491147569883
2478.632705651564,12.968571147562011,77.59631187143745,0.785573532086084,0.24833524906983007,0.9473710804907571,7.241412739208134
1752.7883208521766,12.985060997945142,77.58317057453617,0.6525043295478622,0.2753147957443578,0.9506826911377817,11.439215696172536
500.0,12.969666957735521,77.58275048058773,0.6186028204109488,0.12259558051537535,1.0269953488955101,16.690078976230076
3384.04539636105,12.986315850825699,77.61064934501753,0.6390097293050797,0.1824258181919415,0.7791742258378975,20.76579561363569
3236.8438970924335,12.971381432525579,77.60529447388124,0.5554389799223437,0.2517113337002381,0.9919015662519757,15.216341651086056
2218.6724428817865,12.978672313738043,77.59455857415055,0.7040428939833466,0.19038608435942775,0.9016461622438047,10.145640438655553
2566.990717224872,12.986351123643098,77.59644768650249,0.6227326609339543,0.1544791162915138,0.8621875419630407,11.48031758997972
3015.9392177040995,12.969665723714188,77.59212083974256,0.7786298230900278,0.12250004107519963,0.7850749480809718,11.605176303742729
937.4541431134573,12.973783889875442,77.6002987637598,0.7640056081032917,0.15256492326684168,0.9606590861542862,13.376045593740757
1970.9473226537052,12.984488634252063,77.5878394563345,0.8688157052902791,0.11555491657181355,0.8077775478666115,19.48358169997948
3294.264679621827,12.9702699683607,77.60453740262868,0.7366327483541076,0.2029230228417013,0.9517806586977143,19.795637800627127
1245.7105768307506,12.958391077174939,77.59206913158985,0.7520677767080073,0.244815509288933,1.0927830772967133,14.310976420900454
2793.557932166629,12.99303007054585,77.59040153004169,0.8400099811827814,0.1369512620545698,0.9979977040359329,15.73228044045439
1143.418195376595,12.966902355356629,77.59481713018485,0.6372337303973303,0.21288648706055263,1.0391434325150648,11.809768428506137
2966.429982433526,12.973187560509375,77.58868853170074,0.5511741787176967,0.24226355147229336,0.8280995222774968,8.160366222585175
2464.3585177025166,12.983160066694511,77.59788682349496,0.7200094059128394,0.19986458365758253,0.9762733046131995,22.153353413850983
884.8681840944905,12.965515060962689,77.58922637410687,0.5577366530785596,0.11946528525413774,0.785578504486361,5.710051797625843
3664.7393544571714,12.96152132086778,77.5992852360282,0.9453938672925389,0.21931057773312518,0.8766517097425386,7.65663872934179
1765.4084232019509,12.974137372967748,77.60676006538911,0.8455498292078942,0.1972676527617765,1.074127205621912,22.185623420638585
1689.747562985619,12.953669236020877,77.58740678313191,0.916397633330158,0.19217476756995724,0.8392157793573516,15.066461618681787
2700.569197230943,12.968720939231321,77.59329424542705,0.7062446976663129,0.17265813771197677,1.0111356184173093,10.496340371647829
3648.6373494287154,12.974050386643155,77.59921330713036,0.7550573593701597,0.20433937131370208,1.0015646732999715,17.730814524357246
1484.178181021603,12.96890048103175,77.59024142645019,0.6540524568047356,0.22549089542234801,1.0074741250220838,18.09221322418391
2561.6798498479716,12.956165490568143,77.59924320560826,0.7882924805586752,0.31953240671679245,0.7732998023878728,9.669257419409021
2928.816500330573,12.98754177956204,77.60015398860652,0.5784456787948943,0.20561660341936025,0.952520096601568,12.868618494121701
3193.105607263144,12.972635381539492,77.60543261776294,0.4456906810525221,0.2755570580006337,0.8843401434083137,18.504983454822884
2676.4415552772252,12.985911521177618,77.58854009953914,0.6209289380511432,0.21788775417134384,1.0088496857529112,11.732377014518036
2132.9721609166777,12.968999637498197,77.5851722475977,0.5544526524382684,0.19502358361761235,0.7344999600273154,16.128654954455328
1672.4097793512803,12.962799880183093,77.59152422610437,0.8477926736159536,0.20742737638556463,0.9367787889065603,20.69924874546509
2586.143883046375,12.974291809202551,77.58492247660453,0.8815677455080315,0.13891318151537455,0.9226375202840067,5.430060673835527
1427.8609880143931,12.969442128736718,77.60024498204048,0.5597070927586889,0.21529301353760188,0.7009883262751064,13.63500672268495
500.0,12.959822385420086,77.58298248699823,0.829171560752124,0.10039674675893139,0.8114579643905023,16.046543994269957
2936.5598041576677,12.986297842587875,77.61793016418252,0.795138498350077,0.15686668210557342,0.7169847786883149,7.8318024562263675
3403.9348410861953,12.965377297771061,77.60755927861574,0.5430223315281123,0.20549215465669055,0.8273644698077094,12.881554438990127
500.0,12.953197336152044,77.594725757696,0.6609732469068381,0.2596991136589422,0.9549217084665148,19.177994576567254
1490.2692952900625,12.984881660539573,77.60327394492998,0.641983627787548,0.27153121984991974,0.9195365575648607,12.182739405024442
3119.154261005198,12.966557019841874,77.5782319813569,0.77479953986272,0.18817267101795326,0.9169400080593549,9.062694256456965
4557.495469711699,12.965521761073845,77.619833733314,0.5771220649094986,0.20778586597652204,0.7960251891068617,19.523327292649043
2520.793707675408,12.9539461241297,77.58869785387799,0.6901127374340517,0.2492181234791014,1.0120450491510533,16.778006774121728
1771.9970587708656,12.98900941486597,77.593395025861,0.6314065496050382,0.13352532139035406,0.898118032163866,14.724574833981517
2317.10355889516,12.958705194127903,77.57604066712811,0.7473341183385143,0.2202373752657752,0.9033703812257509,14.606432691567912
3874.876419148185,12.972184494807056,77.59946287304741,0.678320796831207,0.15860535663170955,0.9940399568946131,19.113129884419767
1854.0358208754647,12.980726203225405,77.58353655842923,0.6464754296059605,0.19140874776616407,0.8008654252307461,16.178113300036916
1700.8079933497465,12.975817169330032,77.59561655761566,0.6786703424367921,0.17704883747528424,0.9228547769871923,17.582448585074168
2017.2564778179676,12.971003456880078,77.58915725567076,0.9036042832840112,0.2217679063524074,0.942346249160142,12.22973442077166
1546.6713917412876,12.954583341417127,77.5838225606507,0.6583100363880611,0.22751518370045454,0.8454431849706152,7.330579964773021
2622.6703159947956,12.963502751642327,77.58655638498237,0.5958994781716213,0.24455393386986987,0.9652373380759777,17.48765480083382
4124.678458469561,12.973478003380425,77.59685788034085,0.7583433569155965,0.21740994142322242,0.9477123170629568,19.403711686664728
2823.079273116029,12.963728259300131,77.58178509027131,0.6856475330577043,0.20858268849844483,0.8898823287722575,14.101752129310064
2247.646497873712,12.973633594599988,77.58711188328977,0.5584766069133527,0.2927011900219301,0.8867849109865139,18.551026335174054
2208.188731084456,12.978417434088152,77.60123273381265,0.9231496335202466,0.12378204649014114,0.9523547657871305,13.65914882729233
936.8091913033429,12.981225028858,77.62062479874874,0.6647521054413351,0.284780493006462,0.978847104001319,14.637203354726111
3383.109777147159,12.959338206421874,77.59937588819552,0.6622130546038648,0.18550890455658017,0.906289991740664,22.00971515354909
2422.162802987198,12.99356646054979,77.58542738357822,0.7159835351908097,0.22854457931841526,1.0120189460406848,13.833919785174277
2319.5200864093745,12.979274793445542,77.59092885829928,0.8730116769208839,0.18371701597031995,0.9658525962430583,13.597722429786423
5693.1075678448615,12.971582858463309,77.59491589006153,0.5320254673481004,0.1648729185224187,0.7211536050273185,7.520081907170743
2798.7529083656864,12.982495365830767,77.59110575049364,0.7275985849420539,0.22422885963971145,0.7595103302457857,17.760292639923968
1748.2089499048157,12.99525407772,77.60363058166737,0.9087272161793627,0.2521064154307222,1.0182235219021663,12.160634538182773
2073.6424037944566,12.957212798989431,77.59677473483015,0.7128728680739648,0.22365039774837026,0.8753226868529103,15.58890004405077
3648.4457091967547,12.969347373575086,77.6036785238491,0.576466602069652,0.1728942106658559,0.9164175822797475,13.739843650269128
2613.2704105377643,12.947815683401267,77.59145556209702,0.6381603147039348,0.38056750314078347,1.0139290517659145,13.216829138032228
1061.7220216826333,12.97352651532648,77.60785500219721,0.720688252975679,0.2599286835433126,0.8993588782628159,14.529082040553426
3419.2289345752033,12.975253942419252,77.59293514415718,0.8330803915639862,0.24666711521036266,0.9037267609589349,14.836590641762367
1831.855914461006,12.971208378845573,77.58488810130862,0.6660664155583939,0.1823517884628898,0.8131270767208272,19.704316238540898
4373.297776217545,12.965054664290017,77.61637320381043,0.7826651797432431,0.16874171058554804,0.936999450722752,21.080847426770315
3580.0480657146486,12.951104854838118,77.5763502225304,0.5564631172953111,0.18600804620785305,0.9586512218966824,17.60286040976635
2052.678104341249,12.975335336834117,77.58721261274695,0.5556281630404944,0.2540703272196242,0.8422118162997144,20.086223653883426
3781.0163617351127,12.986154344839154,77.5883297214817,0.651719931131505,0.15046978314620862,0.8077978621694133,18.416589882986862
2567.855510527403,12.965689815442666,77.61968306273056,0.8438028721873262,0.14658980842728417,1.1626289255195228,16.97845640774328
3352.7736751222196,12.976000599290233,77.61266858884146,0.7068874639513769,0.22697737666805093,0.8907091530151717,20.82057174117378
2984.732817294475,12.9559185568658,77.60953928143643,0.7289811195566619,0.21595982223210602,0.8316307660390709,9.766101476298706
1653.6433450091265,12.976172130636925,77.59129341337623,0.7278079595573527,0.1614843231054552,0.9706586445292262,12.262151195003053
1856.450167682538,12.967666177022554,77.61886178003842,0.810920798258673,0.14543982107923878,0.8949205964772108,11.716393892575628
3529.960817581161,12.963975820493971,77.59828352003841,0.6389779307462146,0.2718948496684216,0.7914233676737896,13.794448333442165
2165.224667893459,12.963996363587839,77.60437263370304,0.7688285108488232,0.2178502212649781,0.9483053571651445,17.74360143233718
2096.3515367580035,12.96766388417967,77.59639695381107,0.6169117336144869,0.13182320681359838,0.8146879030924181,10.539586191253008
1544.877420650647,12.975424333156926,77.59410533428677,0.898327265592076,0.1353187231958853,1.0576458002155635,17.011196787244423
2923.599065593461,12.958478367988045,77.59208221326074,0.619960889570331,0.18192440137747654,0.9494504629752403,12.65175632638305
4562.524919243146,12.967628846684322,77.59250360006581,0.6117610696921378,0.23664209034988168,0.8723119575473917,13.611743787252227
1432.4670857457272,12.97118528222001,77.60068491648678,0.7549669813488049,0.229750440105414,0.9109347018022114,15.801662653735425
2524.219456672758,12.960609607754682,77.59827199798775,0.7079788431432323,0.25658392685006093,0.9903288121098194,21.724992556245997
3912.2205554154293,12.98956665201675,77.59428528629796,0.7326852406260934,0.12548250962696011,0.9185961253560799,12.15061179098349
2420.358608754285,12.963065045199388,77.60969523992699,0.7227313795492317,0.21119233448898284,1.1122109457233549,14.679626426026257
2952.371796249734,12.964905630863665,77.5649324693126,0.590960780119256,0.27129551661606804,1.0135867516395525,10.687099097611778
1437.6064718531202,12.961816920501775,77.59969887247921,0.8613358929079484,0.26664008652380494,0.9487607367561122,12.112209134621112
2928.3070972076484,12.989584800871382,77.60177738706659,0.7893542205889109,0.21794549907063432,0.8063014126491517,10.650634260302102
2312.8557349954513,12.977129052285996,77.60606962868255,0.8358949951267116,0.3174009254326938,0.8853111896098009,15.979140351866286
3485.729995679863,12.962234079937565,77.59395128558947,0.6471669110889575,0.230464255820793,0.9478874970052453,16.701235077955115
3687.386051564751,12.9826623155886,77.59667920067383,0.7416523544715171,0.2521373316420672,0.8177138584241862,17.748197386895306
5089.563642018614,12.973606986942888,77.60445948383315,0.7197368462234691,0.20222239593877533,1.029342687496295,11.985401156374635
3079.633173213576,12.974172534211116,77.6095116640428,0.8128002626201507,0.16095123535778566,0.802584265822196,17.031772314180103
2825.7963165821666,12.968155227912476,77.59159464014822,0.8160248131829618,0.1562395399610627,0.8362774301954098,15.452400312992072
2694.384301577336,12.964105840130431,77.59726975783127,0.7193050802958114,0.209080760739721,0.8437700815105119,14.768990010994688
2146.8337071893116,12.974977660990547,77.61138573964348,0.5482048868156748,0.18942489965748965,0.9743824460633134,10.03430868996916
2838.4838434616913,12.966149127700044,77.5733597292412,0.8779661887087689,0.11157071650432594,0.8195063632829227,15.61301399727246
2204.5985898609706,12.989767556295751,77.58769987400186,0.7555987433690139,0.14871032075371296,0.7200023429580945,15.739826479644659
2668.460976269614,12.95890708894757,77.60925835978603,0.6391562958608857,0.18407982129729536,1.0088038835761712,15.406913778168935
3817.59753560796,12.98696156772855,77.60552537833608,0.7406542138266694,0.23636396879685798,0.8555613714894439,16.600203029108837
1493.4574347203588,12.970486811512023,77.59982445210926,0.5488906451547476,0.19919630569189628,0.7931492367848063,17.778382636277723
3639.8785611290455,12.974590857340212,77.59011403126891,0.8055353067471044,0.19639678947497433,0.824514144679746,10.607906764169122
3817.115067339865,12.979931577666294,77.58578181501015,0.5528788255720847,0.1506543686498342,1.0716762749184352,14.133215654286591
2381.9314730089213,12.965297507049955,77.58868784380758,0.6779165507962917,0.20115830400310494,0.8342956302727089,17.063070406256976
500.0,12.980242483846986,77.61008008220819,0.724445444960555,0.2659550513722994,0.8876631894623098,13.92642071649999
1892.1780129055676,12.944524561446189,77.58831557310845,0.8038839711982093,0.20777875563792786,0.8553081637713984,18.83769422824738
3796.994546561109,12.964400104667781,77.5956142296424,0.7106544676434373,0.12463432092590691,0.7767337456566243,15.36071398677026
2477.1319377011177,12.96235937192659,77.58706292355139,0.763496287361255,0.13742386028477344,0.8257281437753037,7.180309435505796
1500.697767705089,12.959064939876283,77.60302774030099,0.6971833091550447,0.22943944386115767,0.7698891592993505,18.357715676790775
1995.2250787717826,12.969450451619212,77.58921273719653,0.6967814049055717,0.18878422623886904,0.9955881275680715,14.531587092578679
3340.620026504553,12.975457499681818,77.59362406109845,0.7085477250348297,0.1962709884948243,0.9100879064613596,7.921156667498854
3046.733568201379,12.978626599984993,77.57776617866958,0.6810942079147625,0.16936329124926217,1.1482677762174323,13.99084055885281
2261.067900830306,12.974008767572004,77.57846631763795,0.5313429756918564,0.22517061060999563,0.8291089275009411,9.926542485541546
2133.1755881853123,12.964943065351065,77.59467673193322,0.6231676506303372,0.18495411433773254,0.8141139753854381,18.012525142376614
2108.241850956178,12.975290164378253,77.58134842844802,0.7244774841111699,0.19066933891356977,1.0533759768355329,14.856636079415338
1577.5898155014975,12.972842856948509,77.61565086639334,0.675087899651128,0.1574388304168437,1.0057977032068135,11.305018540792936
4115.375689469442,12.98096056167936,77.57398476887887,0.6844190917818093,0.2460845649071385,0.9384765021771022,18.24339222785144
2177.67953078866,12.979369367029316,77.58659824701336,0.6676646330561284,0.18894336041917895,0.7886308484911728,16.834102663984993
3717.1585208254965,12.971904764139207,77.59476700867268,0.6136401607268182,0.23039401665598802,1.0744996267727935,14.056941051898567
4021.316051922451,12.962627469938388,77.59094867062204,0.6506900539023706,0.14032042179829912,0.8927896840229652,10.017610241854557
3498.3108981479604,12.96507049844168,77.58355854543336,0.6693168255611405,0.2866941569189304,0.8569324871504964,11.630104825853627
2068.3796872819516,12.96610210640362,77.58502072160505,0.7005143140541849,0.26386870192566114,1.014295973691828,11.570168361175845
2903.7300903366095,12.968447336660837,77.58469345922501,0.7393378344469712,0.10451011651705366,0.897770487874627,17.985988813057553
2475.804393609084,12.974280504275898,77.5917327830518,0.681944970911426,0.15990312624681424,0.7834329914368118,8.276410857423091
1596.2981392698719,12.978751743901281,77.61411929089518,0.597034474430758,0.22388171955049424,0.9040302599498582,14.811060733747668
2824.359281721603,12.971088813069846,77.59537937296558,0.5601917960081216,0.1340135671925498,0.8218651198429237,13.998862436911654
1320.9602088401975,12.971761247879005,77.60642900489387,0.9597437207375223,0.1934202958918337,0.5990658857316826,19.142156071101667
3687.6793884615636,12.97303306305,77.59966976345828,0.5870184969735437,0.22133158929883986,0.8118289807849868,15.93094623070128
2035.3827027016068,12.966440946868676,77.60573862397982,0.6481374998735616,0.19076370440102583,0.8472264429132149,17.140841140574675
2701.1596558728393,12.962346077423572,77.56660035697406,0.7517000302513934,0.22694193517685482,0.7844354890706953,12.898559985079926
2783.287871546142,12.954045621026893,77.59155541978852,0.736086060956568,0.16533350476990594,0.9575246532114038,10.076007249978954
2241.0950262959227,12.964648506419232,77.60767135423151,0.7520865692561572,0.0877909228915939,0.8222552242671218,13.69809609649403
3086.693801475275,12.976331454532678,77.5888826417725,0.6557282930467824,0.24910576560825304,0.9478426200834457,18.10864954370573
2025.0963433774755,12.964570885619604,77.6122247316487,0.7238558070639547,0.24879073268012653,0.7766680263631686,18.099562524607073
3371.297297457244,12.969221929625741,77.60943890153767,0.7061343664240863,0.32518183211441665,0.9909218921082539,13.277649715537214
1154.0203197532514,12.976264312874124,77.58990869283872,0.6687868632458712,0.08964067410328427,0.7723517473333509,11.557024781405769
2626.3795795464116,12.976806894964227,77.58956836480954,0.7245409741771339,0.2375416054673408,0.6658469590608926,10.773283500371253
4438.928999058285,12.960804671478341,77.58446394157646,0.8055365546750706,0.10156589309583065,1.0237262585163227,14.453493589093755
1499.6686753944252,12.981570593564538,77.58830405768136,0.6977799776564675,0.28782466408376595,0.8144106196268829,15.546204686877331
1822.2550294751486,12.982873500893556,77.58227410935831,0.6984452846356425,0.2243933416848005,1.075692905819941,20.892766051903035
3013.907849658915,12.960301501427814,77.59888811180433,0.8068161034875984,0.15240355761618735,0.956459190120807,15.493323030475498
2679.581781939598,12.96336163130359,77.58003953506653,0.7961360359818813,0.2390111237300718,0.9790263318381254,17.455063975228555
2850.630099273559,12.983510906831462,77.6006373301619,0.8583936440963483,0.17234774961415322,1.0045472500466073,11.878128048383125
2989.1871301476635,12.970131464787448,77.600880786969,0.5243769765520423,0.21502080497756346,0.911267934624907,15.166804019716496
3134.72146856177,12.949402220525482,77.57798795594816,0.7905119183169389,0.2102980358104542,0.9124055417838539,15.560313822147462
3609.6998419562233,12.957603184952674,77.61009818606328,0.7601580045402179,0.28720840680736476,1.028134002419431,14.437877888622488
2909.8186569285126,12.969106303748276,77.59973609294416,0.6114347602246735,0.2907462955043256,0.9111358495698099,14.912724812520295
2258.7423453814577,12.959969573497155,77.60209698021445,0.7251587917998844,0.1701367313363247,0.827182315320339,15.504873870480424
3172.573701202731,12.967465762293637,77.58701334798457,0.8051121747757998,0.2529052808998018,0.9585758560162224,16.924147252377264
4399.881934895216,12.971923962136836,77.60082379118474,0.6170841077514599,0.21774200777851488,0.6886356585615048,19.676472173655046
2367.3662536174265,12.986222546040347,77.60586393449722,0.7442562429022807,0.12936589664965442,1.0319558801560214,5.93780883344116
1525.4706953293585,12.968695460837722,77.59361391600996,0.7871353675731017,0.165188580981391,1.0340439135965092,19.45495005655475
3607.080669286973,12.982325417995728,77.61461922459249,0.5928980437468512,0.3168073049799812,1.0198166668123079,8.156767534728093
2379.6188360464016,12.985887601620368,77.59504064634913,0.6857714307554852,0.21789272005523277,1.0159771962377695,16.23505128414701
500.0,12.985943096693521,77.60600785800453,0.730096837664241,0.24998897897587613,0.8915824674658878,23.0
3347.4216771504216,12.974447545933856,77.59753008807259,0.6203868494457044,0.18939778438165045,0.8893317615506978,14.829838846296873
1964.6718140460773,12.951967108521611,77.60045521532857,0.6120846800906453,0.17300290426403292,0.7770359910229144,15.720076557658567
2409.466717695839,12.97620824865404,77.57788667732365,0.6864955398137226,0.20136322538172374,1.074804125171105,13.758961144318128
2831.9803305690148,12.982083998878135,77.59831053738215,0.7801639716903692,0.18669479723768914,0.8514981826973722,17.669049389059747
2690.4996797790664,12.970789328945646,77.58725024898743,0.764373400119211,0.1253373534484201,0.9339885309751881,16.448834210558967
3209.4518171390396,12.989045838700752,77.58613601694222,0.6138587270813658,0.14983372712729842,0.9254045282954778,12.295811020883715
2064.5136294301565,12.980198335614675,77.61204103184465,0.7652167885115686,0.23539422572061156,0.7659580818395844,14.542587779260716
3013.1057981760828,12.977282733771528,77.59246229751938,0.6164060223833491,0.18096546554487947,0.7255324975876795,10.526253984891149
2240.4533224160828,12.982463807112058,77.58456698169024,0.5389830202006565,0.20128524410139537,0.9005586620867349,14.524234315070741
3238.810480887503,12.97493369851261,77.59100868371891,0.6632856428952768,0.21174615252486054,0.8546243882388491,13.322511252333053
3115.3674840130534,12.946671895006046,77.58159549771078,0.8122969371585735,0.215652502440936,0.8910563140756665,15.546163806362866
1564.5612979554048,12.966608610485297,77.60893884468196,0.7655960552141373,0.25732895306576853,1.0065415630203232,12.160344411432243
3585.9821161750324,12.98357168027248,77.58764319255833,0.6998428192626805,0.1450652092465734,0.9224944150537023,14.142273239655202
1964.036554885952,12.963524086599017,77.59989299933943,0.6583294516408942,0.22851263617718123,0.9758522540764731,15.035091100752577
3308.057798281145,12.96936527494763,77.6081610671421,0.6610237863883568,0.23775138967598242,0.9445328162175578,15.31367079182663
2867.2873134013407,12.96115163686097,77.58959847318785,0.7108784905860795,0.24929258895007528,0.8683665806760168,16.09713486282337
4338.183676795123,12.989439225952019,77.59992022432273,0.5931562514154171,0.1293541200292564,0.7998196832806936,14.303329338876054
2276.534017628148,12.988414924574181,77.58429913945096,0.6651892654798702,0.21274096091734992,0.9264717868113469,11.853225364273214
2150.6832038818025,12.962761311048594,77.61905769569114,0.678443053864023,0.2858037973199259,0.9083892619346091,15.328293090598311
2480.580394112267,12.973072980003892,77.60396380134617,0.5648925541548502,0.19504397404216886,0.9915156337504747,14.28456869761695
2196.8202171657244,12.964795059522359,77.5926739356124,0.6161551749102425,0.2241747350982146,0.8849099930277508,19.09858256842884
3299.94190194205,12.977749446390314,77.58687166269111,0.7410506791486381,0.23901977972925925,0.8702658454884478,19.602966003641438
883.6893915634121,12.976696830772424,77.5934600344716,0.7009511839940994,0.148726507780087,0.8770500616218401,9.511678258251914
1446.317580853646,12.979717055716133,77.59120016277649,0.6691238208806617,0.2916912364499987,0.8081273364994555,17.468618193671002
1432.197078420807,12.974919184477079,77.61412944554,0.6088572562462036,0.2249750398484452,1.0446909944820457,18.27097664435963
3450.3075919735757,13.000954062063885,77.58234465277785,0.8576849825589217,0.2259751407096713,1.0139628754615762,9.61667481654344
4210.613372581925,12.961320762349892,77.5959480142329,0.6162020785320681,0.11689863109947325,0.7786970171041954,17.317891275650855
2395.5507814625284,12.954493966455635,77.59441661933366,0.7251592807261737,0.23972723991066566,0.9803948141972549,18.583819671065203
2331.1782768099893,12.967669097992985,77.59342589699655,0.6512130911926204,0.2253205170689569,0.7154994936067635,11.201413448485638
2570.0521631131815,12.955920117344398,77.59351383345061,0.7036279292638334,0.2812095663861032,0.9985289233111023,14.054633507515845
3661.8783026081906,12.956675377299941,77.59343929189879,0.7457609741940372,0.18443673928478233,0.8303649548892325,15.745279743280886
1572.646865809426,12.961586853458021,77.60333066066332,0.5629743410792114,0.1506170835200779,0.9359900557678251,17.28183224039711
2738.3689827347853,12.962378110945684,77.60068984446492,0.6993383755846512,0.16588805026128334,0.7070490310458328,11.046242358209586
3475.19762978243,12.9620538189805,77.59878911611372,0.8190728648979845,0.17475108824963506,0.780129576832205,19.62802679126245
3001.0941699398454,12.976782189504455,77.56426010637854,0.8761501893492003,0.14405767409343131,0.9468702967249409,6.8826074797375885
2689.5816165987435,12.966538109389147,77.59759794874164,0.6869986026744869,0.26450800118829965,0.829909181661722,20.294982195701998
3501.0460925671414,12.969804854251276,77.5780436063983,0.7041681207216909,0.26638489314658337,0.8160037129627802,17.201069871159675
500.0,12.98054232774501,77.60106320163136,0.9211333028601533,0.19021041494299726,1.0395861697452098,12.512913955428782
3177.8753195309077,12.963936774752186,77.6093449736757,0.8134924281599198,0.18036200389579032,1.1210959211272875,18.457623370828323
1845.9243168725761,12.968954541012954,77.58533760887411,0.6382715430744781,0.1092259043340344,0.9937013936819483,10.80880382559148
669.3671031435431,12.97525759986093,77.59198219277657,0.6381016549113877,0.23479806276518025,0.7908119428264937,15.459744217575501
3011.2025995249805,12.952184321993798,77.58860644294947,0.7956549461787268,0.2826720054412922,1.07635193328177,15.95401949523438
3873.658545162958,12.947750944910494,77.60695431775757,0.5988962869954269,0.16814026413702218,0.7438567740351618,15.944539255836057
2362.551485372308,12.975061173287978,77.59555027885273,0.8087726751338853,0.1941607737111801,0.8695508545924674,11.641129771538616
3452.8745472029386,12.97652014280567,77.61188329380566,0.7334299963751008,0.22171457306578657,0.9054777766987373,13.015691310569691
4112.278257988645,12.992242201348525,77.59873754202947,0.7517720764027072,0.2862209180304953,1.092403784383875,15.506979464603262
3814.9144535840474,12.97318094875867,77.59702450180636,0.6743266196519946,0.20998881109175474,0.9912659137551726,12.093025028133685
4139.964529371393,12.97979739717258,77.59528206782603,0.637017519575359,0.20977149580132595,0.8536242305200481,16.085811177106432
3242.127491071892,12.96964527356414,77.60277992099257,0.846199283086832,0.20896592505799017,0.805504372922025,12.543496127093686
2575.433638901593,12.974572272215852,77.57722313801754,0.6753262719446524,0.12874837465481637,1.0002192653803255,19.000000104308974
898.0341881028314,12.988272568417496,77.5954534395552,0.6589064923426138,0.12766046730850678,0.8466641042779645,21.250739802283743
2253.9375118700514,12.950360071818745,77.59389953556273,0.691986293212019,0.1596002415442564,0.9216740087864975,13.810143301370964
1656.7534046838082,12.975736162575718,77.60185418827157,0.7193022132717942,0.25064452870186865,0.7630223510740884,18.68103504388042
4670.942717497814,12.992955867300774,77.59272298394126,0.596917487328055,0.18323214647270036,0.95692578552242,14.150781833693602
2324.1141875676635,12.974420342192094,77.58421265565838,0.6435128505793088,0.17351979755988536,0.9488695145747479,11.254275213034626
2623.2048067844858,12.988105729632329,77.5946735067492,0.6381967926093942,0.17264126979281164,0.7758379938341828,13.297129037779351
3051.4853760404676,12.965307878504706,77.58377159471132,0.7845280304606848,0.19311715607636615,1.0031623112871642,15.342278963024851
2543.602446372454,12.971279525058364,77.57534737787412,0.611403743200011,0.28510539670508206,0.9554745808242782,7.852169342291713
4195.051040430753,12.971935247023886,77.60187122481486,0.5244232142241946,0.19244013071514393,0.9740024252780098,17.502627045781985
1877.350638265548,12.949424089206413,77.60039061572695,0.5032905437093845,0.1606851297312571,0.862132130724987,15.344083395745455
2694.607455237243,12.959918221721498,77.59927090943994,0.5529619865324282,0.20126228145408165,0.9178956411286443,19.00217582987662
1757.5294143019519,12.96063124920616,77.60762928421946,0.8361538202848111,0.28775418028807687,0.9063378868865325,17.432550215085435
1179.9774887792942,12.979820660780327,77.58794968109696,0.7016206599484052,0.1748587640532192,0.8851829595245769,15.479793268655554
1888.2309090947147,12.980321531056841,77.58028885857229,0.7501249086807202,0.14094974957845274,0.9170503278165846,13.576660258602148
2462.963202951588,12.974840364427067,77.59389970223192,0.7536487727121328,0.17495043651347916,1.0256442973796382,21.09144688681195
2070.69777548274,12.979841028968558,77.59112499700294,0.705618391839232,0.20643818681742165,1.0074950638703928,23.0
1807.5790201261439,12.969958505872782,77.5861770428323,0.6925218703348691,0.23441204754126702,0.7818139322531144,13.643402379760754
1093.6825363281662,12.983619316695396,77.59380150846512,0.8044526429818141,0.2503441789341123,0.998540181690694,19.169173894810204
2416.894427371305,12.971687884426322,77.58848394853796,0.714599591431264,0.1477141363018836,1.0191143372748035,12.17300136413879
995.2796259689978,12.972178640474269,77.57623994716643,0.8399097479263414,0.15245773327704654,0.8848822326647634,12.64925618524376
3260.0559636896023,12.968944073667377,77.59018823309206,0.7620829945289865,0.1838368870306255,0.9508447103797777,13.455020194006005
2582.4397529345033,12.978444504776364,77.58323624833297,0.6382203726518971,0.23422465123484482,0.9494001667303018,17.738730750425397
1042.4485005350693,12.96738801183387,77.5969164807161,0.6502865976130063,0.13699960511738724,0.8150033383325699,10.700346822643768
2190.7909229501365,12.981364313771982,77.58803965241759,0.627253519354572,0.16963365447911516,0.8618043712471672,21.199856908016937
1747.8435944094167,12.96027850859284,77.60571631474141,0.8217548021950716,0.1703628135294026,0.9750810238851607,18.751489029492117
2819.1745104191805,12.960610837452718,77.61063866067268,0.6594949047054447,0.24708744276821853,0.8504177763168549,17.646060821715523
3840.4504460231447,12.978474267551265,77.60139381373011,0.6201527203200368,0.22641303803322188,0.9975499559262307,13.824741335989245
624.8275303542555,12.970714557854171,77.57908973818017,0.731977804112682,0.245185918052496,1.0304972440849762,18.317950359426966
2615.026079147417,12.96706108583847,77.6096519599888,0.6902832893627496,0.26693389871165274,1.014367184198047,3.3305485547877414
2339.86720443336,12.980500577324754,77.61035720450374,0.7294568512575164,0.18471749524554598,1.0979804603169456,16.763605453969998
3171.340076450466,12.96552738585914,77.59478790511308,0.8889813903893843,0.14062969225731592,0.8909267717708887,15.640488270650982
2713.1966282376893,12.969597987456996,77.60782926160336,0.7913070805928859,0.140951819107649,0.9177201073969063,7.455137739128421
1748.0306682611808,12.985592279500713,77.58908324861953,0.7027010554301906,0.10809462174705801,0.9320663047762641,16.625011930928675
2180.946064333382,12.986991423458107,77.57593754065151,0.5591576615793991,0.17706165851669037,0.8939602075009262,17.363566903504292
1703.974143196511,12.987323982102703,77.58699715561379,0.6500037502791364,0.1807888692584131,0.9542178974101645,7.585069020663286
3576.0071385985984,12.968778742230661,77.61189300866045,0.7711046102545303,0.2393776703402524,0.7288795970988011,10.252914329391677
2521.3116486719423,12.983907029049846,77.57968920076388,0.5828958960338183,0.2008457108588302,0.9204905388692519,23.0
4401.1906857530075,12.962110471722314,77.59459521281931,0.9140970296330353,0.17548357778286972,0.7622563350117104,14.254585815590135
2439.3391861853793,12.96253097125278,77.5949414389334,0.7014416562635548,0.1942000636919707,0.8037376722392422,18.902504237993547
1791.593233089537,12.948095441473757,77.58947025756032,0.7048848393209485,0.1480513258142618,0.9732889811029913,19.5072076971587
986.2856073871728,12.988328682018986,77.59016478400163,0.6333354807042022,0.25127032853756437,0.880088376155098,16.57574725598107
696.860323744055,12.96296020150924,77.59532249134236,0.7496737756775718,0.1607042218595246,0.9697614474715807,19.068965404757115
915.8640569945103,12.97033467420253,77.58897837658066,0.5841998193477768,0.14300343640320523,0.877922339639887,6.548446567341127
2767.1266510114833,12.962496756580718,77.58037941502832,0.9164892589101457,0.2408940983353735,1.0106406316391157,14.07788235327737
3008.725023229934,12.978551652483302,77.59675031942943,0.8317351304652011,0.2287082104181926,0.8760919294378697,2.67760509130429
918.8092979678665,12.967843663392827,77.60533366582445,0.7984296445197046,0.11381573107204943,0.7045081510436877,8.015625341731008
3395.0383140761155,12.95855183109567,77.60329572518653,0.560957099421019,0.24275008173551113,0.9225392582011271,12.81594201206021
2016.9389483165605,12.976016625641861,77.5865026453261,0.720541327045775,0.1629203680452972,0.6831140154297449,12.338462244015275
2646.793011985549,12.957262699751897,77.58208772084622,0.8209086398014004,0.18129477362180402,0.7547279097467593,15.165641156569919
4112.220628255424,12.963225942746845,77.59175812117846,0.7593105399357739,0.2093510053846969,0.811705347100143,14.917397953588042
3396.8393158655317,12.95053110885374,77.61027791509795,0.5997890895366225,0.2293312441308411,0.7992290522229812,15.534969719924927
2231.469352094168,12.957360418878025,77.6010559807896,0.6349906244691345,0.22227395873437633,0.8454949195583715,15.698838594522716
1608.8077745847127,12.973385291697205,77.60163964676794,0.6548063861994009,0.1975090834546999,0.7957932176468894,16.331690898411885
500.0,12.951954639618972,77.60349856951785,0.6396562165511392,0.17876783355420447,0.7594047336414327,11.163821290352153
1780.8466807575799,12.956788542753783,77.59880766562519,0.8528778835710307,0.22061103467827237,1.0541835744840775,12.100830722544794
2288.8697611723055,12.971576310838673,77.59580608547614,0.5078986861176743,0.1940806081327886,0.8321855453608105,14.852487762820989
1512.820472848816,12.96616393103907,77.60122306896648,0.7655919139658836,0.2902677229562962,0.6769232346852603,14.914628197308305
2368.743032907695,12.991520366359593,77.58913833895782,0.5707696625071548,0.22932045049849512,0.8639081626990743,10.672290538814806
2576.8518829587683,12.989938965460244,77.58045536988634,0.6038748512548932,0.15382921875048228,0.7875268941972446,19.326237524052203
2275.1440181919215,12.962920775372488,77.60182996934624,0.49902666331312817,0.17612000243131745,0.8115032372707187,17.8992027102033
1849.9974191765402,12.977171376184035,77.60697738105749,0.6450945568841133,0.20240960886299147,0.9710342481352485,11.561133258547486
2668.6546719667276,12.979092825568795,77.58341768060644,0.8510731651539213,0.26497156075352274,0.8551842381214783,14.166535948333257
2941.9406495694093,12.965625211419756,77.60281921482417,0.7264824242464778,0.2705552504556068,0.7847403398782115,23.0
1409.600922557154,12.956644584635018,77.61140765713388,0.5801638453000902,0.1801932639817218,0.9446253509957245,15.642308151337126
3910.9323797462703,12.97147701550692,77.59457753798243,0.8017147674379312,0.15331828917052787,1.0149940830609085,16.582743820800264
2401.4118677157385,12.969871543251859,77.58641997815258,0.8231304263568685,0.14692511793969065,0.9536872162639844,12.56425779547548
2518.849622944848,12.967242355030294,77.59583018673527,0.7104046481039085,0.21262143786078902,0.6546444428349575,13.747551565886635
3208.214423256557,12.976023168681646,77.589094660318,0.903474915815259,0.3151892154608747,0.7885010497602987,21.04530394313361
2733.2161312635017,12.964092703929945,77.58843269890043,0.7821564124624614,0.22695470521275513,0.9047448530636205,15.453177709170145
3453.136633913245,12.96008002452421,77.59893184067272,0.7682652507292588,0.12030437366579964,0.8755700594735984,14.716287124508474
2787.1241652018243,12.972690829703499,77.5785627052497,0.6196621292833709,0.16369979483769995,0.8672724846060804,15.030564343745862
1887.562625359562,12.97545970092569,77.58016071077508,0.7627398485621341,0.16880428990775437,0.8017243307159166,23.0
2861.5035252061016,12.959833550561,77.59479290880374,0.7216791277604493,0.1588998739942546,0.759441591692256,15.15923001259154
1356.2737926793382,12.980880906109912,77.59437691461088,0.7519829002671026,0.180605308753289,1.100778171781302,11.679693203145595
2608.559705776523,12.953895188622239,77.5980355457704,0.6315414380858669,0.2184697430509971,0.9027110953138913,12.378596393539047
2466.770009355539,12.965818865412844,77.61335225388483,0.7128098884358987,0.23409905846613235,0.9642121788867418,18.123024009552417
2291.8831427274604,12.969019914638025,77.59564514036076,0.6183138499785041,0.2545881745458322,0.9006251173583809,9.286075493412893
2371.462488561069,12.965237762873482,77.60058172150335,0.48528679000339675,0.2262101286523589,0.9046348698637989,16.80233192585692
618.150954502361,12.965949395264488,77.58484467064385,0.7998304568578383,0.10229248798355796,0.8937896600190712,12.104729889402229
1951.2750922590385,12.990310744823082,77.60227937663517,0.5497611018310482,0.14713477062343433,0.7879554140925568,7.564921774191969
2592.844901141115,12.963091159109611,77.5893360913489,0.7107186464782416,0.19209529815704046,0.7485510541965752,11.07971113234562
2659.8563919974004,12.99601221722472,77.59531420832582,0.7333002129449039,0.20736399278837395,0.9386225373744987,15.110135238714639
1472.3248590740418,12.975971267797311,77.5935115137493,0.7326563015863055,0.24307091799381286,0.9187842407271167,20.580669573971267
3765.7078408647008,12.97252055137312,77.60492974234914,0.6716920926401749,0.20215920881083865,0.9938280898459707,18.65331764778655
1633.8251517854992,12.976362403533876,77.58150023445624,0.7271211475279973,0.20253536269318373,0.9735360826642027,13.825239095316988
3469.457200526737,12.99689927749252,77.57176761365385,0.7470967069785162,0.211889868156953,0.8191487807250329,18.88874827927237
2927.194361871685,12.961664069960685,77.59246567302912,0.7734964815751985,0.1872489130609399,1.0132591308921872,13.572880683043781
1853.7726901561969,12.960395820810637,77.59928531256905,0.8733441339384262,0.20434425699389058,0.9765027195154518,9.133953661016442
4275.310892609512,12.964051338034281,77.59612269375808,0.7234194151498204,0.25629160895058756,0.9690841569857336,15.084350542530707
1306.36316824352,12.971921431469646,77.60692204237414,0.7064048845017702,0.19580445506079985,1.1249326791978809,8.976264019972861
3419.1541736100016,12.954342288751874,77.59897372674179,0.6093271034649905,0.19848936366078584,1.1043958762508188,18.165633229940248
3500.5823180429784,12.971823392393187,77.58896151668141,0.7435946323899336,0.19832072976164053,0.9689913766554886,18.22352035602751
1829.3797909233551,12.988535471334137,77.57134579845861,0.7667383103140568,0.26488869068955845,0.956519720583753,11.48012024187895
3892.465300064329,12.973114073906249,77.59222687765805,0.6807696815718373,0.1445973336585279,1.008165518176968,15.582390027302647
2249.953485401047,12.968673145410248,77.60487959002258,0.7544612504184036,0.2887923447395598,0.8416046230329629,15.544196936765765
2788.693629279857,12.965418395513165,77.59067952217333,0.6707483806450658,0.14118090727422436,0.843017074240895,18.487853527068964
2760.321838771221,12.980585117045516,77.59488320263678,0.7670992652088924,0.16728898693361205,0.9673421407091913,10.019726984064608
2365.691258529452,12.96334167226762,77.59881360254306,0.7912602314029743,0.237236913485766,0.8143523910872428,17.397950094272723
3310.808273159782,12.990063959205992,77.5844470762575,0.7898627866730485,0.25151583477368356,0.9592769485523256,9.732922995977962
3293.4887205522127,12.990933597477143,77.60083235896639,0.71178443261413,0.1298250491500756,0.9156832166536191,18.108754950691484
751.4680267618191,12.974167507986618,77.61097121790002,0.5960031848382948,0.14536490683764572,0.8143809895407881,19.250789605332585
3804.340242878153,12.971484849119234,77.59287186648106,0.6388086947358179,0.2138921404735924,0.90258665102883,12.321634425440429
837.5080119643258,12.981906598082416,77.58330935578168,0.7595157323884728,0.31722096938818983,1.0305081592138416,19.876515466166158
3532.5462043416574,12.982547985022274,77.59393398972978,0.9448812305740226,0.26231313904993403,0.9082370450653837,8.703868147924846
3626.7051368275834,12.963540082689406,77.5723561589139,0.6659279228467918,0.1875951475184095,0.9086547647617977,19.398333780842194
1409.0335697848018,12.966334448668633,77.59796903263977,0.745583767838814,0.0790435430962122,0.9328985278904597,20.75382495265056
2089.185712045415,12.958376525653167,77.59912274377649,0.6443947442520597,0.20408213672105796,0.945918852289161,16.383260776606125
1394.2953315140642,12.97569064938334,77.61135636293845,0.6026032955750898,0.21811484018232769,0.8669159533918808,14.217896875882555
2285.0789697112646,12.97826627883457,77.59266005207434,0.6323684136422637,0.18086524294585982,0.9350261047967048,16.249679280399693
2191.9657158142586,12.958100743621388,77.59868485338147,0.4917528023297328,0.15746380047267022,0.7950929640409267,12.584966525075492
3279.66053226934,12.967048010951839,77.58598711897613,0.835343506290775,0.20795826301606943,0.8200928943166113,23.0
3810.3087461196083,12.958127460824187,77.59103572879475,0.47698697470853857,0.15288694030530198,0.8328850891924378,12.653874838262835
3895.683810789956,12.962612001897561,77.57934814563338,0.6736171769599367,0.2936224330404362,0.9469762689634108,20.269604678629275
1937.831973421698,12.977110170602263,77.59265210378717,0.5821872104649946,0.27583723987669084,0.9160232827556277,12.035090330303431
2290.778126255472,12.964265179333218,77.59154690846482,0.6115619784637795,0.23289563157963805,0.8865640422756047,21.3872331180146
816.5618077790498,12.968591740439678,77.59759199766088,0.8376522659738668,0.20448552845596582,0.9690769989585287,23.0
1694.1299335038111,12.955326882720527,77.58836403119668,0.7201066990031392,0.166991795669322,0.9378862082742336,16.543963244077375
3464.8516330974576,12.973469902097246,77.59543345350976,0.6034603840818299,0.19896064080545495,0.8710023220017128,16.146629074268603
4115.582823548231,12.971157266801553,77.59126619944392,0.6410482867503489,0.2819648567603638,0.7964769157180188,11.173683900861686
1265.651128120078,12.964310407499669,77.591285006117,0.6234518779557914,0.24343270292183142,0.8180291198773247,10.69732956172686
1907.535740847106,12.969709857023176,77.59540362325963,0.6956454327921119,0.21018461392382298,0.7533190534607108,16.191658420662513
2473.594243041073,12.973402948805035,77.59500522942317,0.7172891684787692,0.24619871670837978,0.9140569550150826,20.832769908724483
2780.161158819607,12.963451318510907,77.60221174039052,0.889557477322856,0.22728053316904143,0.8137861217546328,12.807190043403878
1690.3964800783538,12.956837374559983,77.5933935696587,0.5083699234002292,0.2198138769943436,0.8504677018016129,23.0
2924.0610444640897,12.98965574432687,77.59110114650878,0.6965187685242047,0.2490281629495768,0.8872409319371136,12.559416241480648
2026.1606529290839,12.965267272952898,77.59279192554912,0.6684432307465478,0.2258513822412379,1.0043995191330686,15.917567762999884
2485.5477291217207,12.970632398968132,77.5874533588316,0.7946548527716781,0.24292757350516894,0.992879059831682,15.928065865614622
3046.2842480036998,12.981708397350204,77.59100088906433,0.7354818118178393,0.20806935248172548,0.8945291528746026,14.593862499057932
2506.422269810938,13.006890551875705,77.61491158713073,0.7590362208114945,0.18729370884049484,1.02655034894003,6.82468993469508
2063.614109473431,12.959155135501112,77.58547321239304,0.7345086186015082,0.17259185605299257,0.6987651490679139,12.523707598276417
2390.390196074169,12.976098272137266,77.59181343666121,0.606800887471646,0.16663451972645207,1.0877220549766513,15.798557169211488
2411.6370407946647,12.964524477147059,77.5907251133673,0.8211265496493012,0.11974147787792339,0.9692499714304585,14.616059616079145
2129.988970117872,12.966212096954234,77.59212828387756,0.7798504904615668,0.15440300265941678,0.9102803285019929,17.544810637611132
2241.2039373328976,12.964397879789933,77.59128760691121,0.7915529791724742,0.15295732352089095,0.8108640319247937,18.027343647967406
4098.647170504717,12.960343450321995,77.59739240101221,0.8264050170507165,0.17463274020079822,0.8561932633869536,14.039686155284361
3060.9194479412386,12.971187086382153,77.57749824898609,0.7417675100651959,0.2781122105319146,0.9609350895578042,11.150278510738215
2204.51968197084,12.956854973129518,77.60497171472532,0.8480992404117492,0.19212190222231115,0.9632079383531414,21.193270821533652
3196.954404510736,12.981068075665119,77.60092582799642,0.737763957178664,0.2120883444942155,0.9668393370590787,9.578150677937392
2166.1805102439903,12.972150029360334,77.58217128413936,0.6780941411975391,0.21366598222559635,0.827150326563354,12.618771106271407
3673.1246375866413,12.975824349729015,77.57190922727048,0.6993396089516635,0.27937904564211835,0.8070152286984791,11.600160304104795
2869.642192198094,12.966938113880538,77.58482927853859,0.6976156231863883,0.17122072730773544,0.9195205244352507,17.985830487208432
2392.697855995771,12.967927960657883,77.59217333538572,0.6480608677909456,0.18887389598709692,0.9769853957771474,20.268087897922364
2947.7169258102776,12.974475639051674,77.62040291898691,0.863188884837022,0.19469003141129085,0.9003184849504858,14.30522649795622
929.1238479315007,12.959959493675942,77.60003256964974,0.7296295365503667,0.2568267427887384,1.0481484246885167,15.91910704133965
1373.2325310901947,12.968020095655866,77.57652410350819,0.7094738475832906,0.26720528468772275,0.9033137462190112,16.7150872839566
1306.0749936009445,12.963003864861216,77.58770344495099,0.7388274254926434,0.22372919098469723,0.8999291356167014,22.216016394355442
2642.9430947637065,12.96269431189409,77.59406787563726,0.9979854516737147,0.261645468703094,0.9670559991192669,7.90570623114729
4232.514999485092,12.950501617593744,77.59713683554298,0.586827581140034,0.20888304982344946,1.021923013759204,17.976887596507716
4731.300146192632,12.9849932658948,77.58145251139689,0.6154961488283723,0.19136983761915888,0.7650744740195455,16.506098991758012
3138.051101440757,12.964734612468463,77.59325009772023,0.5619428982553003,0.2589362043292811,0.7881988291964401,13.516641899016719
3000.844474944457,12.983233760551636,77.5874236086239,0.6767400761564514,0.2243808837616899,0.8686738562255962,16.304906942881182
698.9422658472611,12.982287923213944,77.58356241437397,0.724551844332736,0.1632234667046209,1.2158941784588664,17.96331590331967
1957.3262002659783,12.958740002934835,77.59719595646699,0.6534677481658923,0.24987104690621756,0.8738531437459068,17.332650849931213
1712.2162480917611,12.960715887643271,77.60233877173442,0.646027320184823,0.18957536844898604,0.8878217056989431,23.0
1879.1524017488841,12.997205029593557,77.60301041276962,0.7142404866628131,0.18345882386378978,0.9618351929807918,15.509926351174741
2331.8561814152104,12.989109259419273,77.60034386351134,0.6497892175170302,0.24465021840998563,0.9976928902813474,15.107620733161307
2027.9094223028726,12.971284814866719,77.5896263046686,0.7310175827182838,0.19555839295775437,0.9169785116454756,14.2748048573209
520.7001896242123,12.974173731064173,77.60174549761463,0.8114234346742604,0.2194479268020145,1.0164347495040256,17.211915348583553
3247.9102561175337,12.965291535970529,77.59769054438104,0.7677030469800806,0.23309697920354,0.780602881697408,14.87176695405621
1427.2569742601936,12.975923527142005,77.59593941882952,0.7881013347165202,0.16085284603638078,0.8233911575257276,15.052836580259068
2739.2468641111495,12.964428180992776,77.58848306878298,0.808591841150672,0.2192425282341101,1.016248695057964,15.071319440025027
4574.082669749973,12.951276462357017,77.58963123872658,0.7282828160118703,0.2674736552630812,0.9010943114783474,14.461565722039628
1580.6154084135765,12.95838444213489,77.59533886936124,0.6841358973956898,0.1521766428130195,0.7737549394991335,12.565308791390368
500.0,12.971810927478506,77.61899874466985,0.6227746929116804,0.2224954444415614,0.7677462068382792,16.672426152787644
2213.995778119889,12.960289327644974,77.59761242480091,0.6608821836364278,0.15852661327098563,0.8189059194655295,13.859809739933524
3600.9596349985713,12.970927225350865,77.5884881149775,0.6476314467323105,0.2510698841920199,0.9002125542157916,17.454718011281777
4458.347454220594,12.960853389605672,77.58627610555031,0.7731672326620911,0.2505952791874886,0.9467379569726789,15.443070515711987
1270.4504055475832,12.96377646077498,77.58968233387344,0.7346782554594196,0.18228388298754508,0.8670940000055861,13.453700494683813
2996.699223236522,12.980131653064133,77.61637293447549,0.7696757862714301,0.31048143260954314,0.9384999189239519,21.25932162014026
2034.6895432199467,12.974074805476402,77.59060743354054,0.5839663143899848,0.25533126545686424,0.8562933513306386,14.590749657812095
2394.0516456958644,12.971503355786867,77.60366870534611,0.8431749484241079,0.23534644925680848,1.0223920201616918,17.491292058247225
5144.343347017035,12.980389639730706,77.59084071754529,0.6573019628493237,0.2325305448053068,1.1551840094572356,12.200068376031595
997.0296716048467,12.976406085933474,77.5972118454128,0.5899983357925337,0.2491963454603112,0.8607387267915576,6.897842675475282
2753.7396614945733,12.986065632912513,77.60251745274009,0.6560782235178186,0.150217879637792,0.9479932810798946,12.732003329291812
2967.6931717654334,12.967001407376848,77.5888809715019,0.9483765992587507,0.2097303799230512,0.9398410824150113,6.450205174400825
3585.786324939347,12.967303650214726,77.58818888345847,0.6612283133508432,0.2191595192688664,0.9138695426259925,14.052548532723007
2597.9831534708956,12.958588907336088,77.61118869694455,0.6674903528529074,0.179993196834872,0.9653250945341292,20.874588058156213
2808.0505395041023,12.967310192826277,77.60444592894896,0.6807895319370323,0.2232397634721983,0.9478821188979827,11.378859911693397
2108.351432578209,12.981247698943024,77.6025067231869,0.6851379616568545,0.26158471502170033,0.8528946429615105,6.575824569623247
2769.1269412451074,12.984599873722622,77.60247276293123,0.6218523934198745,0.1789115456117047,1.0316545772622687,21.001027964050106
2156.8077245025897,12.981203051680867,77.59919575488311,0.714321308320613,0.19727878498143472,0.9201666247486776,13.098580946702993
3121.571889856051,12.953658081334506,77.61477775813175,0.807559490819833,0.1589707352073028,0.8615199580169637,14.93704647132525
2130.389663956366,12.982431452126608,77.59503908301878,0.7314289315478707,0.11065054950946039,1.1443202523847402,18.153119876524308
2877.1003939021866,12.95321481376728,77.60037262367202,0.5888834701100014,0.23894660902602555,0.8883786622844401,17.092691059956596
2470.7371863150215,12.980581173241223,77.58009087071406,0.6655654095066291,0.19871331025803762,0.925494384142375,18.002049678447477
3626.050250772168,12.967922154734289,77.58635039313408,0.6448472599898369,0.2023789708576394,0.9175440344580337,18.601715958181696
2448.6062764115136,12.97862533313934,77.58259181000165,0.70529394682348,0.15066131909132366,0.8870105389048792,8.015541469642182
726.9675317931185,12.958275516521056,77.60734063583516,0.8330451671562317,0.19072482354819048,0.9448664705044015,9.342609039439923
3761.921500713992,12.983311676327062,77.56907459847979,0.6851117203979117,0.25482968945910617,0.8155000090908375,19.684678650515366
1594.267699137381,12.956950252538952,77.59057689977247,0.6911845131129609,0.20004106683897302,0.9596543386523058,11.873043427633252
1846.2336613511802,12.96491545089147,77.5646629339734,0.8777644818819429,0.20145918790277065,0.7241645971607571,12.309416620145763
1904.338705956508,12.96161905372231,77.58628712104517,0.787620599167166,0.21037641389317113,0.7701930248742871,9.948629911342728
3874.4380931708174,12.954057151471776,77.58969051050268,0.7574081282106535,0.13818089357967722,1.0825724547168516,13.380208442610073
500.0,12.972545275675886,77.60844871093794,0.8958131615301775,0.23124602320511786,0.7743819973278214,13.602735745262116
5637.748533659994,12.98966089117837,77.59856627939222,0.7489811254794012,0.13724009425420847,0.704004114796314,11.25015724925937
3556.0568090660518,12.9982690522232,77.58626858476671,0.5013472858022477,0.1530192209360487,0.7768583830933813,10.787669020497022
2723.2389141291596,12.972571557870863,77.60525963719732,0.783266575788036,0.14753926154964178,1.0740057269196734,16.274652368702824
2445.1059993837134,12.982766812750675,77.5947783225453,0.540799154288135,0.19123875166847273,0.7208138259727285,11.769322932446283
2785.554074857657,12.973920946379286,77.59497566858707,0.7452005368582447,0.18237736482310712,0.8044185817408449,12.574750972086953
3021.122428379338,12.976588831947682,77.58257328492228,0.5286256425870759,0.19993874808458728,0.7541807515683013,6.254886612903677
3145.215585950057,12.968178513488729,77.58469986286097,0.653314458960008,0.15473719201117786,0.8725870802909992,22.7528009701241
3055.6044660034486,12.973550769254226,77.58634902700055,0.6636215470390129,0.25027476601531895,0.8563979101819263,18.767296117898802
2589.5806812552487,12.976974787046064,77.59506461273155,0.6229880892768246,0.24170137843631656,0.8519243493272967,13.020775786692232
2302.661579692674,12.965815402711238,77.59537885726981,0.66511480028088,0.19130932435541398,1.0856133799405137,11.403676257369119
2348.7267163464885,12.97082505700107,77.61004092663524,0.8032561720360551,0.1760816641706031,0.7800924682362452,15.0435551889325
2305.091719647319,12.971015698810026,77.59845055167938,0.6286047087840446,0.17103212533274004,0.8897812220282889,14.933865641609383
3633.7700968670642,12.979864033173305,77.56752434306328,0.754514087951054,0.18449275024946604,0.9338601246320735,9.89613372194141
3093.556722280862,12.960939678283724,77.59722641987872,0.60343503603927,0.12998773856244117,0.8019790737927857,4.7978550843105605
500.0,12.971084577913924,77.58009983643832,0.681050042360787,0.15201963438940796,0.9486589981246603,12.895696369933324
3155.900776529761,12.990720054690527,77.58494029075388,0.732383926632745,0.24300601959924834,0.8600189505446693,8.746501876401947
2694.7361947187746,12.98324060152586,77.58647830528274,0.600347158338144,0.21509062430379344,0.9374309066189856,15.685519786894167
2481.2912435541025,12.985091790488887,77.58796661676487,0.5688279567089309,0.2817137242988266,0.8892000748474347,15.712326266642698
2111.481546911114,12.97184431840178,77.58084850607959,0.7491878150578888,0.18504024249153395,0.6949468774433696,11.107149206632366
3624.1127199860134,12.97480997563686,77.59663482003452,0.8123080399340639,0.18192433864465665,1.030609871276574,12.861662929378188
3447.526462122858,12.98162236166703,77.5804919771491,0.6920934980512627,0.1796050537728176,1.1070458315354073,22.052166767912333
1727.122332176391,12.98720255529531,77.5981666760725,0.6542687093443296,0.1840417758390916,0.8823245818065186,18.10051410508385
2907.0522871245353,12.952083970871172,77.61696971077062,0.7155675387688386,0.1670022993426701,0.8102047948133396,13.190988917164384
1528.343265458714,12.958445586929502,77.58130640941066,0.705547991876538,0.21354941073436,1.0506012721175688,23.0
1120.3818352110695,12.984694441014026,77.5917548969566,0.7242902540711251,0.20145520335742056,1.089038290286747,10.212250352113422
1873.282775410035,12.968831106442313,77.56936542637487,0.4471754899686285,0.1745042749080864,0.8831204588410003,11.74922110073378
3362.393472382759,12.964882792107419,77.5915906470703,0.5930895708834036,0.26255744565094513,0.8781319384779486,14.557943317168291
3453.1250453760867,12.959058390130044,77.60102717152631,0.6154769894563146,0.2948291461243154,0.8920088902328501,8.875971738494737
3013.085420097293,12.96604983298456,77.60180639231358,0.7150867628511562,0.25832886027867,0.7325451110754695,22.161236658511385
3225.0957868479973,12.957576307165763,77.59537363730284,0.7185877883622266,0.22790620065416978,0.8708874121306772,15.732608154837122
3016.1782871149585,12.992510942727325,77.60349263424759,0.7636180488684036,0.2380884863131887,1.0714941887549245,11.840204572400822
1858.5184047770476,12.971375639480195,77.62006054535942,0.7257581749210437,0.2928207758913168,0.883131133922944,16.791147805619048
2931.9225446739406,12.971020494582373,77.61172304687437,0.5699264929612664,0.2380159657879712,0.7959965472127795,15.584223393191564
3300.409525227682,12.977480766751679,77.5893747907059,0.844700461758506,0.17074070737003577,0.949668561930448,13.781395663496614
3254.2913298135745,12.981223451692665,77.58008896013533,0.8271918303422365,0.21961362633252743,0.8332801201505888,10.165939332714078
3688.913371474643,12.981058881565547,77.59053848583426,0.5741802709973074,0.2313122133031659,0.8933547876332073,9.255152297883573
3208.303847201064,12.982336219439077,77.58513017234382,0.7332705294374182,0.150264136298204,0.7731151219452721,23.0
2851.448207541583,12.965291544492091,77.59911347547865,0.6404575614756984,0.18575345906784113,0.7963375838813268,9.589060459560011
3570.1502383164275,12.968621331950432,77.58278806460571,0.7138863989200548,0.2550195912027733,0.9737659254863593,21.791862077405504
2473.47874075094,12.979290316554422,77.5938717756741,0.805331027964187,0.10882536324752069,0.9115866779401088,11.620963409536177
1618.1253487722822,12.966326109383605,77.60298014054537,0.9130104266320959,0.13747857274797032,0.8223942613157184,18.16013027016129
2336.9330360562362,12.971548933679728,77.59359304127183,0.775127770514261,0.1911796473185836,0.9119535130304903,16.861732360323117
1755.0973551935508,12.97558763764425,77.58513686177253,0.7294934735110136,0.21768397977528522,0.8392853291272742,17.66167480118567
1824.8217250256184,12.979451850823104,77.60634814057586,0.6660178831691702,0.13211837775255464,0.821623983062983,17.928057088960763
2355.481329284482,12.953823190376298,77.57581019055246,0.7182134871011177,0.19366053741670294,1.0164034397248307,8.553737510649956
1707.5800790000387,12.97874745649889,77.59132204944123,0.8359771893328314,0.25768842695442834,0.9782877553188772,12.294616030103292
2192.0384703609598,12.969262759421483,77.59418339976618,0.6955291243240415,0.2034325728537142,0.8978727150368906,9.527808163129144
606.3853330462143,12.978674577108645,77.59475908658399,0.6113887348652349,0.24695444718155654,0.9144337337249704,15.757204243390388
2713.2937073729386,12.979369316923549,77.59640496056078,0.5380310134483373,0.17039429393324984,0.8991601982665657,9.706622671503094
2501.205475362224,12.987679150611193,77.60070439819809,0.7513047867410251,0.15950415716054092,0.9487009259173539,7.075811291707115
1682.9113689318094,12.985134536476213,77.59424592560954,0.7247288125627739,0.24244369151425238,0.8200498341544306,14.050090653825702
3159.245668432405,12.985065716626103,77.59091941717857,0.6354091826737703,0.2184632767328095,0.9862504733368643,6.163683790050216
3437.5701376265583,12.986036703191663,77.5905241065534,0.8026014125707297,0.14072019961127705,0.9353565837890813,16.034952778883827
892.4401356310259,12.97451378984816,77.58848484197962,0.6578223135612369,0.15995795419186057,0.8736943662110449,9.969481906489033
1737.2752214337856,12.971921850870368,77.60247543324327,0.6865355908175205,0.27822906205287073,0.8512221968491458,11.637681007679088
1730.8576502127016,12.980328170831784,77.58813471520523,0.6983335866702056,0.1537722390265342,0.9841130941766809,5.878336107369199
1560.0968988911354,12.97892080951433,77.60306771109008,0.6649047257861912,0.2467164373362999,0.8849513683849894,21.600408855234186
3329.4748419317484,12.968509337632618,77.5947899908226,0.723586506574957,0.17609066513831503,0.8301106904170162,9.148340452087684
2306.1738612271965,12.975648234088084,77.58938745193144,0.8151515145933,0.19984120716164344,0.8615430233025676,13.54399506180842
2235.485158689389,12.971249035332155,77.60078407215744,0.5857518101881577,0.21472963104716863,0.976920464888916,7.8330456301550155
500.0,12.9630606709154,77.58732546075277,0.7488520138474009,0.09495093947502008,0.738944679875396,11.657328766476912
3135.4180302092263,12.984504607413763,77.60098184040729,0.7172158669606441,0.12686413322863505,0.8644591094419528,22.00728712409684
1260.7416051465275,12.972151992425301,77.59672726121192,0.7153763829544706,0.20431665093935814,1.0070582669675765,16.18990694106139
2559.932630266328,12.992087082576989,77.58863675310909,0.787184456987409,0.163784621810806,0.8831783227896742,12.10547601475768
2777.376937958192,12.955345077298002,77.59988634815335,0.7049297425217158,0.24982906476373112,0.9272816732277841,14.863306081378147
3860.6585958386513,12.966032212271568,77.60006589725688,0.7480229261905702,0.11969395595659377,1.0086768964537196,12.757763773253554
1191.1796008808878,12.97192638836691,77.6061751960581,0.7715864629571146,0.22826275281289937,0.989232965339717,14.630317680689652
500.0,12.98297381097629,77.60426147012409,0.6495634799619393,0.13118893897978368,0.8559941226960078,17.975474876131845
2683.8495447536948,12.975594693726022,77.59951274020726,0.7299183460813798,0.18239475029277857,0.8869606447796163,13.675608040371843
4300.511181510854,12.974704727541807,77.5833240904879,0.6749212392789368,0.14678111178810183,0.9904763901729013,15.879965895700419
3738.946352939437,12.960327362074459,77.61908586988174,0.6867318220280104,0.2951214940235599,0.9939469487283898,15.94598199059302
2709.6594152746256,12.960030586027706,77.58056383788929,0.6677938603521668,0.1330253918514982,0.8911949874685059,13.695417410809027
2008.3638143679527,12.9748250466029,77.60409263174282,0.7471080404096886,0.19389701523154884,0.8946454347707573,12.056296041319778
3307.1225966373104,12.957958940061816,77.59891283816886,0.7081644709018253,0.1136581925989924,0.9267683694533851,12.899266573582157
1526.4538002955314,12.966281222497107,77.58285857627519,0.7394544034316674,0.2799785061035295,1.0366900690017293,17.79674100614031
2976.3577693562193,12.976609173290859,77.59335699061121,0.6982482637104251,0.22006412080886026,1.0067566120657956,18.129666819901804
3005.4701591666267,12.961776757277233,77.59381247113755,0.5395878987529674,0.2068486544799334,0.9693386703799018,10.448822674926117
3560.20990749888,12.987653559623618,77.60765582715811,0.7031368416099708,0.2737156469645863,0.7921330723936109,13.956042662447967
5259.660038911077,12.98383936344238,77.58746689099719,0.7063537955156817,0.20737112207113062,0.8725166593451743,11.988312523590661
2892.415967178767,12.955885800016617,77.59198054993576,0.724259593715346,0.21097856780705385,0.8777713326310097,18.199809718864564
1991.0363742925013,12.96227628756818,77.57123930394978,0.6406270806314258,0.20658626440325759,1.0418485032603473,13.115187840880397
2474.4256878080055,12.948742227555051,77.61194762793123,0.5804530283334488,0.22818171627215597,0.8761135608820363,23.0
730.9240951108818,12.963774086374519,77.5838953175698,0.7624606644894277,0.17537793080393688,1.0253442823077614,15.87158955958821
1805.2868689109418,12.979263884765725,77.59786910864239,0.672639344346583,0.1892856346318334,0.8429301329468916,19.72798581689289
2090.717561886896,12.967461050577253,77.59358592170278,0.7171244047684995,0.2405167314228723,0.8509116042339241,10.941556692786536
1975.9116020654074,12.97620797243616,77.59361999033217,0.6718539920111704,0.21386864757789412,0.9481454105813141,15.046888596343463
2652.354872033722,12.956376656817183,77.60269861984871,0.6993938174226405,0.19428780429489373,1.0568146705571757,17.464692393480895
1677.5800676177994,12.979579752545819,77.61131262460303,0.6550714652064191,0.1299738804484644,0.8788222870732123,10.866799032712798
3621.0306673244713,12.966048907720717,77.59711493669941,0.6031916410846172,0.27490251422682976,0.6437232138138802,15.08137084724231
2500.207064918197,12.97172169682283,77.60115078017631,0.7473731660768657,0.16692729450246147,0.7435816597661113,19.207436128802144
2490.6996788613856,12.97067125498607,77.59788891536726,0.639687991177388,0.24936186192096285,0.9297961556164457,13.690199968306057
2172.105283487082,12.958884514791079,77.6047753142393,0.716395148089481,0.20878768258440428,0.7525203973218232,11.592989981709499
2655.1906838589794,12.960069156682602,77.58997083620514,0.7410460221902078,0.1353274738635065,0.8134437173603588,22.21183782189007
3325.098264667635,12.981277944690035,77.60535390554416,0.6413187284396917,0.2626137738765308,0.9012341950638257,10.313018793414805
1632.8697842890997,12.975589921575017,77.60570499865648,0.5796114365627014,0.212727032319977,0.6550632754253539,15.62356251352635
1841.8835109247434,12.982100490415535,77.60542537008683,0.9426085613853052,0.2667672678368521,0.8620274210674546,12.166894646652773
2196.273971223335,12.974846582355026,77.58799852132664,0.6472228124054573,0.19087956496320407,0.7835191442139731,11.252663044569791
1154.1290765267852,12.973029906348092,77.59291662365763,0.7623417158601158,0.23520256149835272,0.750082028209925,17.966628330813037
1680.7421402785021,12.954339893813334,77.5969946698878,0.8939463549570124,0.11187364443274932,0.819781556078194,14.17785635334985
2023.779126455341,12.968896333032388,77.5808915795517,0.7789907746853892,0.17498920682031216,0.7930791074930569,16.623545861678792
3374.3891807127275,12.971326156795962,77.61054920208086,0.6699557191172448,0.13635033338843644,0.9469480217992303,5.979417115499222
2762.561329001925,12.991131071982727,77.59447723466498,0.6932883612464888,0.18126080749808043,1.0196526786682885,17.01247912784824
2693.589911367544,12.978469566320987,77.59743927887605,0.6167392780261152,0.22359058697530726,0.8635573148388938,12.117616352734668
3350.8979621679723,12.986960611817096,77.58882995560273,0.7881696426957742,0.16977099561729272,0.8403874220953165,7.484592195366925
2362.628211600603,12.977575377058947,77.58133122440633,0.7566270708058688,0.2431921046819391,0.8585794998842101,22.538958219148704
2890.4648499288896,12.964486967730506,77.58855970114526,0.6485574181738256,0.15716936782249943,0.7891812892061538,17.40405410597851
2396.778247067504,12.9727712421615,77.59679204187634,0.5957825192901555,0.24426183068249893,0.7711258104380322,15.909109650718392
2765.3623493996283,12.973962236462643,77.60133428812753,0.5678766262336308,0.2654878582937018,0.7354445547106663,19.997675398959462
1917.241342388418,12.962208444302293,77.59621791540603,0.79865140038042,0.2506763067545493,0.7670479041681827,15.990277125554144
500.0,12.967756126234072,77.59806724016242,0.712037312895556,0.18279054740851136,1.063199100711263,11.805543959425576
2365.7208378136957,12.969542330063229,77.59122973625318,0.7214984536332751,0.09372732010279286,0.8309578964636543,14.300129558070491
3922.74813609994,12.987656198325652,77.59956248566246,0.6177051374137642,0.2291083498368674,0.6058371528236237,12.28653514723179
3426.2154022415925,12.95079259474609,77.60942832866385,0.5536496896695593,0.19373826426423482,0.8412943061518994,12.998588428701161
3465.3974845911707,12.983658184207162,77.60164789442439,0.7962613574711632,0.15108035299363234,0.7409585463239179,9.969185336563035
3736.130721806218,12.962232047650406,77.60269541888253,0.7042039036997231,0.1721860467564795,0.9059484939997163,11.119917696798723
2588.6575909614376,12.957879208127304,77.59754016399306,0.790723466005762,0.2717212658222401,0.8951646344762996,18.578342130674702
2697.3157074055957,12.983399421300385,77.579568449304,0.6614066873484435,0.14313298996949228,0.9055885637692055,16.32830175521299
1882.34810456565,12.978918980692344,77.58415333469368,0.6763182156963141,0.22341545878106062,0.8959273921254816,12.987947789873965
2183.92714397295,12.984145187023813,77.59914875800663,0.7713298176620632,0.2108979087818702,0.8627289695380251,10.88787254214746
3115.7711497711416,12.979607019475456,77.5944906094804,0.7732348079650524,0.1821306167668384,0.7544103878460013,13.378412084768268
3703.8844371688165,12.992198450017375,77.59899842886473,0.7797565622685954,0.23222663436565236,0.8925345928028576,8.264600788131725
2360.5537243190006,12.977187238369446,77.61136423417844,0.6704798746897304,0.2816122629449433,1.0018924589135694,15.50652239769741
2049.8107351485883,12.97003522623877,77.60186035999229,0.7614547237650867,0.1852014248056901,1.0813673083795203,18.781885927970258
2500.5279588565973,12.975029263773214,77.60718886205743,0.8109099465476719,0.18784095259614494,0.8762008672693994,23.0
3101.206748929115,12.98403469128346,77.59554681389471,0.6895227988318465,0.23110324524951,0.8870390054716315,10.586965109743527
1056.1451838664582,12.9638062467474,77.58652784322516,0.6486511636225946,0.24591214107175008,0.9500427179088894,18.615209783802435
500.0,12.965081114174687,77.59402133840786,0.8342747603316766,0.19361463964256825,1.0493241559472104,12.171154217208496
1949.4631505084164,12.968510399854022,77.58655248186281,0.6345554266448692,0.1847313131953176,0.8513703389495453,10.48617483979595
1279.2875740858415,12.950554172012348,77.61018294956773,0.7629476497114477,0.08911767396401199,0.9692651316950338,10.484407484576092
1991.859802352689,12.972980784084175,77.60250391076535,0.6941577689480138,0.16109955438167234,0.8177180734475612,15.562942905707867
2352.2196811825283,12.95273871296049,77.59980512496628,0.5158434383515439,0.14303441639662248,0.9329848990265504,11.276825505226922
2046.7515909769866,12.972130593129327,77.60695943202228,0.812859406747858,0.23423124981559457,0.9970604176618371,12.57261691482606
3952.4675344707457,12.980252897561353,77.57439943585477,0.42421463704526313,0.1878048525699579,0.7709139393452203,13.238394677050952
2826.74476460232,12.966831235393562,77.60048137951343,0.5015871933242391,0.1858489197230536,0.8474855277981782,12.040128640404358
2800.4743596108283,12.988371158701868,77.58149354215696,0.7527330079480671,0.19954718681885095,0.9954783096695001,11.749661789203417
3122.207144043402,12.956994991005816,77.59452744301534,0.7527071198678115,0.15649117649373,0.9616161230514795,5.283360949926099
1361.166882219231,12.98351260681632,77.59148292407532,0.6362420142122464,0.2776623593344377,1.0035946140314855,15.347813160447476
3539.1117874202687,12.97835137056407,77.60121736612096,0.7147822090303244,0.2649096955848306,0.9848439646454067,15.270685958233807
2424.23571346454,12.954439667516894,77.59688187288961,0.4468569954221995,0.2809053391523844,0.8658896472083295,11.810620601057952
3170.4806172412127,12.998707942990405,77.60805117173612,0.7706975464470599,0.23417086156194458,1.119919014839469,16.441537081553484
1428.1427669598445,12.97096254714496,77.58858102839068,0.7249725487053597,0.19852609424890316,0.9136909990753395,20.587630128262745
946.2412339839357,12.962825159778443,77.60169114389633,0.6954357146666205,0.2807364651503443,0.5944291050855799,15.094319331337134
3317.8896580250284,12.95752912805216,77.59622223216898,0.7020841482137772,0.16595165820435104,0.8717653627622701,20.321031116624912
2876.4095260975164,12.969399819723403,77.57824709729928,0.7493254176193032,0.1564395510483494,0.8530828743000671,23.0
1597.9484456424896,12.9703259312761,77.58541383541477,0.6971098476502139,0.16992442426150706,0.9795249167367278,23.0
1630.3369187253056,12.972626455285397,77.59310121966477,0.512594449726878,0.22614356334571495,0.854881468480187,10.247055653959997
3625.4347844147696,12.968622038437761,77.60572292449892,0.9196332234522522,0.16189474033061638,1.0098969995819138,10.267747974325319
1310.5881071326721,12.977932253101152,77.59923723057557,0.8200800819428451,0.19223135058910007,0.9558099372406708,13.222280013097155
4142.672953255964,12.967723701673368,77.58292499176119,0.5715055338045172,0.1199072353057612,0.799990953852994,15.514860805039362
1599.3792653521314,12.952250358827596,77.59319683771953,0.6654862769523409,0.2240548832714122,0.8859626664388576,21.34660799937432
3138.3919256083827,12.970106385043504,77.61477806448794,0.6763965809843959,0.12414483164084456,0.82244665557246,17.50896488436382
2171.3815242510154,12.947925223466267,77.59571223334841,0.8078849566508963,0.15339194725673191,0.918475864685367,10.18685148131
3103.187431082343,12.975137706308914,77.59132674424927,0.48407310646802315,0.2608583567448322,0.821850913276488,12.553370366102687
1955.8859978858075,12.961806997697174,77.59951739640756,0.6500991735570211,0.2590159158493055,0.9074435230509063,14.831999168137942
2337.207093927706,12.973233603549158,77.60223393079582,0.5239363556662495,0.2187156544773249,0.8727694249009589,9.04336008741802
2540.919175395721,12.984740749815247,77.5900383165252,0.6714904484171661,0.21378317908676153,0.8847776745320176,15.054673830163658
1497.8125442185274,12.96211251304732,77.59962574774372,0.6527499106915096,0.17345201764228704,1.10509403797981,10.246257635763019
3240.8243454201256,12.982212562585122,77.5913111050333,0.7079694067382711,0.16135481681288993,0.8639514773292796,8.397115465770511
1986.7864335284148,12.967266104333138,77.6017932760183,0.6395125600990816,0.18188791511213104,0.706556691238281,11.212058882121543
2271.4000846599815,12.989131948020656,77.59629693157972,0.6248976608609476,0.12431729127688412,1.0015826144734348,16.644084219569343
1505.6506253914877,12.967948473868018,77.59941967827052,0.7619656691763147,0.2126224277476832,1.0007955901802008,16.616462843946078
500.0,12.963195070144934,77.58700816453832,0.7454672740942581,0.20244155624042048,0.7021059826203174,15.386615666749758
2308.972237399831,12.978472384503954,77.58638713615927,0.7551398342778242,0.15332893666448666,0.8299100378791933,18.96645464216351
4912.615421612916,12.967242102703764,77.60405497304659,0.6823099909509157,0.2784340959420679,0.9435810556846523,18.54233293685374
3284.604287898024,12.96318550485871,77.59380603618615,0.642826141777481,0.23034568551435242,0.9524203261217067,15.81752536828111
2480.7396202656055,12.966821601492963,77.59745034742099,0.6881147517979229,0.23459209020044283,0.8995276236547279,15.265527400102817
2237.109170791732,12.97115393467817,77.59153604572913,0.7501162070068452,0.17563300369804175,0.9017825378933285,15.518186820880386
2522.4658928120466,12.985021801312449,77.60358726774014,0.48232202990281514,0.19993349609868383,0.8061412126916816,14.409419280251672
3047.11911517521,12.952259122545405,77.58852190019971,0.7394111930370858,0.23136863350937112,0.6600151286544313,6.302629093489296
1319.1871846911552,12.971830806589505,77.59324398760099,0.7309138187334797,0.20763911835501178,1.1049507318183536,19.541939379279277
3614.321694668872,12.97784903594654,77.60245992812703,0.7062150906085727,0.2800950392384936,0.8031332722293286,16.590091327574708
3215.381315441244,12.97353448574992,77.60632967699165,0.6850686578128324,0.18981062152916245,0.9176505690064483,10.134690216691755
3218.1857257079346,12.984698651694336,77.58936240708974,0.44338806140675857,0.17477197338819447,0.8841152004340664,20.711266477089747
2938.4757388097273,12.970856546702414,77.61419683981956,0.6560146736899594,0.23171264382357132,0.9897197552273547,12.640080527148918
2519.61665769399,12.969754485578141,77.59773241693694,0.8789438711077373,0.1367676363856744,0.9114897213482158,14.56892398936551
3172.86123596682,12.977523295470133,77.58417071738191,0.7012901295568306,0.24621484661540563,0.9153440953092,19.094302382273014
3091.814133741378,12.972593138149515,77.5982905204859,0.6692710161325282,0.13496440997040088,0.636568175199107,15.880557433558355
2145.959289058976,12.967695912617195,77.59077000785517,0.7016906195590112,0.23192923330292753,0.8166660927457747,20.3415033676636
1926.398227103099,12.976761440395864,77.59894068487183,0.7354772868628008,0.16758632229136688,0.9744633046598997,13.591594003828842
2601.856295261987,12.965074717067834,77.5941714375234,0.7658820244689464,0.22382920734916967,0.965466822507193,21.764692845121342
4049.0201514951873,12.965488228479806,77.5953427369019,0.6771119836842058,0.24536714730305087,0.8048347176382789,11.888788400669911
1260.892924346099,12.966320059782344,77.58548406623414,0.7424919602393684,0.20767105977519595,0.7421971417278879,20.27048931723847
1032.47473424756,12.985130691601665,77.60450061230716,0.8676650802761359,0.14001895241796602,0.9126579306722931,5.93956312440241
2664.7608412365166,12.939389836440144,77.5830387263285,0.8006250799432715,0.1551612377746424,0.6093225951204185,10.5992317946634
2550.887701856018,12.97555598834763,77.58351235104595,0.9340300215856979,0.1635670429483109,0.7851325747662238,16.191864553957277
2673.341664370408,12.971942718142003,77.59827360349148,0.6343229641648284,0.10524965532011131,1.076016107515531,13.39821829542757
2743.9531979085004,12.954791295407619,77.61062844247178,0.8676189507502015,0.25637389293659646,1.044506732887377,14.701005520389748
2276.7977453651947,12.97469726779136,77.59107406902936,0.6209326360077405,0.20550537928781645,0.9487249358765145,15.166603680642845
3989.863438602082,12.976357519918317,77.60160972322704,0.7353566146740463,0.14322409774055028,0.9307336314481257,10.23638956749178
899.0960215234845,12.977496392313574,77.60533340176863,0.7732476529238099,0.27278374287291784,0.7049829215475601,10.536281540509732
1671.502975219754,12.94508171936955,77.60274684437294,0.6489222808095527,0.16493359499309185,0.8259332763350884,15.928488195233683
2396.7452398509527,12.985263894118544,77.59148791710827,0.7087964277474276,0.2125286244537436,0.8704831402034224,12.334668192712881
856.8111888458327,12.964222632953152,77.58368953282806,0.791046110245184,0.15873647274018993,0.8280586250498811,20.364135435844673
2324.145595567929,12.978465677467533,77.57252452434328,0.6289729101688092,0.09908699233354862,0.8649756665092135,14.232211378268861
4161.470165728018,12.979010737806822,77.59197159500538,0.8669383459547647,0.13177797205743697,1.0299224424346294,17.875004972427323
2520.886488295962,12.962833029143807,77.60638087368562,0.5615403375272651,0.17757547845667845,0.8458176938728678,16.77140667722843
2730.7009057186833,12.978204599523515,77.58335834015239,0.8939691442728384,0.2449148435603024,0.8659060819443235,12.595355771309256
1239.8352348274198,12.967745067590878,77.60160209847518,0.8001326134799591,0.21732665734096226,0.9739531286683751,7.07868485219051
1883.6385919605225,12.950886228206619,77.58509847469948,0.6910274423672221,0.20701025630856226,0.7580524281397196,19.739765470484187
2124.803619676063,12.983277419255279,77.59566072576386,0.6597331788763268,0.0994986188627559,0.8159795421161153,11.08436369321143
2182.284903243766,12.963849550369838,77.60167791614155,0.6492971737208976,0.26350430738400477,0.8262277412243157,13.384967778085022
3781.643795003769,12.96305506537262,77.58800504563162,0.6864204359742985,0.21118398482477782,0.9055592146551747,14.396630233733704
3057.6910607251248,12.967569341319633,77.59630484680697,0.6951504138451173,0.194029116505392,0.8655037932506334,14.795953727585276
1388.542043062968,12.974322367253274,77.59044908663274,0.8255226246634582,0.25662115549944475,0.8686659090652866,18.847834650156074
2746.504778432005,12.97102729589178,77.60165148658938,0.8968654100384583,0.26237483617841373,0.8335146012897505,15.023296231693108
2998.221748496785,12.977080669247073,77.59695317168485,0.7199379920654008,0.2577295123804596,0.7929169739785246,14.490583638962677
3640.1490385212664,12.958205106334713,77.5951650767443,0.6154371512010595,0.18764567516483563,0.9609142924210577,19.073823826180053
4080.5406865683735,12.964176136295693,77.61018349960142,0.6454273959363805,0.14982617196079023,0.8662195881037745,17.40260948754714
1484.9058081721314,12.970440029276785,77.60122306142368,0.6816909215388716,0.24944614585710367,0.9619018980147374,12.05771821607738
1689.142488789662,12.990578872926587,77.58769648133874,0.5969877894703224,0.13174727784647916,0.7888372669518853,10.411378490084669
1242.4221410853838,12.970461874615863,77.59374136099203,0.5821058597892621,0.29736283693321414,0.8334757842250358,11.705200899200323
2265.980140893019,12.982452222636617,77.5938410121492,0.9097127212373026,0.20139997725972816,0.8778816972153234,14.803120999247142
2966.3583744463344,12.971985551687844,77.59540319572625,0.7302613525946253,0.1469557872150208,0.887213296318379,10.015784899318312
3487.334516589102,12.966763413625625,77.61984509276607,0.6166866866319652,0.1384065722921695,0.975436872593221,15.363012188649872
2424.0489763574774,12.969132755758856,77.59830851892711,0.7816603570357712,0.136119758797197,0.8569490710407641,14.483206760838636
2180.152476745156,12.969915802879711,77.57424097429895,0.5821653875193153,0.20701814533604215,0.9746742242810875,4.829923870757751
2651.7579922487403,12.977636457389607,77.58917201028282,0.5903987952128946,0.19968038399701066,0.9374944008559695,9.37529925493082
1664.857098369977,12.985346112675765,77.57527627912503,0.6196957598935755,0.13820389132454036,0.8893147389917051,3.4569990252633858
4589.538721694773,12.975196808476865,77.59130201742954,0.8654513280865033,0.1821772106722049,0.8048701203503481,13.624387755822763
892.3389728819413,12.983470776787419,77.57472689770273,0.6747119934221626,0.1316032306954329,0.9756875265463321,19.296054581384002
2684.7405788957244,12.961952102623703,77.58588409528932,0.4558293013097513,0.22946509029720863,0.807366253268635,7.437368178287983
4523.6062192296395,12.96745369491186,77.57939278470366,0.8210065933175593,0.19727033669436433,0.8978719619842721,9.710852720826542
2506.799844559998,12.964356974657925,77.59844160177967,0.6693618635837643,0.18107987470412762,0.894605955706392,14.345048530907274
2309.9609649985055,12.97474444590875,77.5946053936263,0.5150591994121594,0.13559446349662363,0.8792904857382717,10.74498788458629
2142.5545771895727,12.968010416148207,77.597629623075,0.668331651203659,0.18499221998886173,0.8610680277014686,10.725308931732833
2319.6083182375924,12.978897729370342,77.59355448611431,0.7521003896604903,0.17926360593268367,0.8177923305038329,17.166376424692636
3872.8484746765303,12.962289982883677,77.58065702249796,0.7404049166532969,0.21588633506047986,0.7383063562629921,13.020418221708317
500.0,12.972030309733213,77.59973521369255,0.8798414979164819,0.20835089890584804,1.0403804732840352,9.053100450408074
4033.4337012963256,12.978468579110123,77.61382224560269,0.6147232137430069,0.23960300510396712,0.8508276535742751,6.649136439771597
1076.042847549855,12.950946972249595,77.59869212578606,0.7046720120264972,0.17577117282474689,0.887188790488253,23.0
2233.3476707655855,12.992816313073302,77.59034075400682,0.6300430721421577,0.10697942489017528,0.886577261606606,19.513236218250682
2070.7555797013383,12.968768481151201,77.58031932823894,0.5457807105812776,0.249554643829902,1.009560433722875,13.193466615751934
3088.55326977072,12.951349600863239,77.5855193302924,0.7885527372305954,0.15319837434759098,1.093319422151764,15.351432046655749
901.8756481162525,12.973180938985768,77.59913039656573,0.7463269569147519,0.14465414734923723,0.9159847419588687,13.045875751612048
2962.1726660819427,12.971934434679731,77.605331180268,0.7283678449698853,0.1978441727443124,0.8842997331543082,17.041826923165004
4524.309623286852,12.970781056204276,77.59720866174722,0.7426790193258644,0.21511352564772585,0.7876542992840587,11.583142529128477
1136.8259954071896,12.981511911129267,77.60259887289706,0.6314527147311579,0.17345817971426586,0.7556411550587235,12.827307134092706
2689.706167610396,12.979074449714272,77.60167678244028,0.5994304912681806,0.17306536592659366,0.7226025070355899,16.821603360777985
1838.017822203391,12.974578761910239,77.59966534391386,0.703764737216936,0.18044868411172227,0.8204155040476532,20.81543641778563
2925.8872061930356,12.976101556339467,77.58801526404739,0.8161211402411613,0.2708270175496572,0.6909145202686885,17.96566037864842
2519.147777415752,12.97055641550562,77.59633923511976,0.8608077135453547,0.1998660956220934,1.0078829953740112,19.93565551036371
1858.5130909556904,12.989354908492402,77.58611622196118,0.7795432706807432,0.1516018580269102,0.9423096243993425,13.750330649955284
2987.872284871074,12.956808039816423,77.59477428952958,0.7029174426768096,0.15211083215485166,0.874835948531522,12.507958370492226
4304.348109786743,12.972996516742159,77.59790863531067,0.7269783929399936,0.18745579102088156,1.010938398076079,7.2464754436723045
2309.0962082727015,12.972250246311889,77.61138783807387,0.7011593859325371,0.21189289670140038,0.7928843922596726,15.288793429365136
3219.757942148182,12.979732804060646,77.58150268025632,0.5974056660300571,0.22419900809830953,0.8180018944635445,16.51618812542576
1206.7270421288363,12.963161461225752,77.59941507630991,0.7024647378210542,0.20620793019236078,0.7066206719698256,13.799978417091177
1543.5636231819913,12.954163273976036,77.60941236591624,0.5665173182411506,0.15790633245414556,0.9774353695020213,11.89319469560106
2972.4062778803773,12.973168230160983,77.60218847765839,0.687592277389696,0.17880293502196087,0.8189658713690726,19.973613759372526
3984.1160285359647,12.974412304922186,77.60292945442825,0.8636105110596319,0.2366953940932312,0.9015695613275824,17.527217108786616
2855.61334878566,12.986495994094478,77.60047694901868,0.7822859222783352,0.14269540197734523,1.0002576400574679,20.251301802076046
2186.9419694768458,12.95889637953675,77.60758334489775,0.607688081576347,0.17671233034612688,1.0370850755499421,11.185683619935183
2499.2914054233543,12.983146937667168,77.58372521831888,0.6927570930357716,0.22987314289406763,0.897085364850943,12.167063493807907
1249.5922660302824,12.995274143640271,77.58074073334029,0.6165623688245262,0.24376407133175884,0.9384237436271357,19.812708973006387
3104.5153263553666,12.967822351124775,77.59453665859535,0.6937486231822789,0.19035423144543087,0.809614975395634,14.810611680976837
3382.333062323409,12.958690577805069,77.57298837896428,0.8041107816524563,0.1794396594714592,1.0683373343007534,12.723583553285781
2047.9096671669197,12.967530256336266,77.60690645804178,0.7653007938309904,0.133894102927813,0.8833849439700634,13.00193990494864
2029.9578522404986,12.971740049673715,77.60680715195495,0.9484144080745336,0.22628199613635475,0.9080284951868121,14.955677895462784
2765.8782296520485,12.977237878750069,77.59026649444915,0.8192477402507571,0.2659389842573395,0.8593146927736774,19.01180726334164
2063.2802639594047,12.96568605270162,77.5908922940334,0.7204000381077691,0.3282577029299846,1.0199248998413757,14.357948591633646
2433.8673853741775,12.987151985341473,77.59387652524849,0.7677149974133293,0.2193223091759023,0.919959392308319,18.16213132071111
4599.721789166515,12.96045467684992,77.59512020650439,0.6797556825816664,0.19745601741780097,0.9760934577413625,16.86951110738419
2252.974299254003,12.954207948478272,77.59587173919195,0.5872495752913504,0.15400946934245463,0.9353958139978882,11.486643839276105
2141.6598479787776,12.982667104242873,77.60018232106879,0.830577657828752,0.10605715431284253,0.8779590616783995,11.483482528051507
1852.458194364841,12.948853789687938,77.59287373646991,0.8008991476931647,0.20884796248699167,0.9929468561299593,13.198933632274088
3244.1919714999367,12.969558702311273,77.60403193303478,0.6758945785406035,0.3175169560077152,0.9345316194575382,9.652649381350926
2318.775826781897,13.002776811292081,77.59905947777125,0.7273935736931337,0.2635406114828457,0.8039020939152767,12.943444576802428
1850.626961678574,12.971479564470402,77.58853036554127,0.8240939187384806,0.25582821345568996,0.8010788616190619,21.053733666925538
3821.304032273012,12.960392323493037,77.60795112667805,0.784635142620602,0.2122801408528958,0.9148826729031634,14.874438656690518
3919.603004513637,12.971026025362132,77.58101743013877,0.5536898748750301,0.21797615801401612,0.9907457902387627,11.934189335650187
1899.5764342612947,12.971091992113806,77.59367834189179,0.7243620021489824,0.07881263408610113,1.0639420548506404,22.66297860728191
633.4600486393838,12.973206499403531,77.60426917401075,0.6832368474511635,0.23812552903819986,0.7222786542419197,11.277530721095184
3507.513689836922,12.978222629821596,77.58736926895088,0.811300069913868,0.17103297152120922,0.9025659849098722,11.152468132778449
1815.370174239996,12.961208888316323,77.59769555646767,0.8031042738782661,0.16491363267020565,0.9489647662174997,19.917942727226798
3290.6255991627686,12.988475480552369,77.60003339596999,0.8318607828178044,0.18383715234756964,0.9295669134994763,17.64527223840128
529.8961822881645,12.974051142843727,77.5859947613202,0.5882105661279792,0.18214977552744926,1.000932710503371,14.479764589894454
3392.5973382993093,12.978867940464019,77.59387522280406,0.6215888465943761,0.16411822040141688,0.9655533976491503,18.327635599956643
1288.8280707192189,12.965318506002443,77.59303496169791,0.8114082436135438,0.20069360360879882,0.801449981641966,16.20240000491667
3230.7641190665245,12.984463821369955,77.58908262148168,0.6408354184657554,0.17208612018959735,0.7985208311309269,10.255230337044697
2514.273067836434,12.969029475911869,77.6176167485205,0.5478567019085692,0.20501614778780733,0.9312454856151724,5.409661171942776
1546.060580603355,12.974375525134937,77.58696893646554,0.7532596487614065,0.12564110927249836,0.9990505424422526,12.730619393170839
2092.9636870732193,12.96226893922813,77.60464930294067,0.6452781559734027,0.18929711146839914,0.9143417552952696,19.339699343593118
3186.3184569567006,12.96163068373598,77.5906719898312,0.87897907703084,0.14518522051568744,0.7422066930431722,13.286119646613539
2605.8944531152342,12.97848205306453,77.58373363811114,0.7296184553988463,0.1679275340751067,0.7952828584683728,16.840388793396976
3084.4129804724844,12.967163931697927,77.59562814243155,0.7160259286641665,0.20716994215167653,0.9691515855865331,15.73794179378027
4476.440584515485,12.963061769124957,77.60109093384388,0.6630756108384243,0.1198001192622521,0.8651354909082868,8.225998821542403
935.7583882889487,12.96516816657973,77.60380509575066,0.8590835333926972,0.15887963113639314,0.9117957303203288,13.374417225174733
4117.212574968624,12.978589530717175,77.61022265110655,0.735855445988982,0.2284482192418167,1.0065418039151757,16.435517321786314
2604.355937523213,12.965309621387965,77.62405246289936,0.6591500481843793,0.12934110790670994,0.7797790952380045,11.851414977982532
1601.2159516768718,12.97042345068398,77.59710514203755,0.6205916293394552,0.28889335701394037,0.8585757344098046,13.549847371888193
1169.68637426101,12.97175027750287,77.58796907826175,0.6926526945435781,0.26022039780653233,0.8477127186626057,16.566988368388447
2310.8796092229663,12.952426511139898,77.59912874326795,0.6022353162845194,0.17527364577738605,0.9355402536527867,15.290519996571918
3421.6501119244595,12.956888735946265,77.59193787049594,0.8028877441678943,0.16063951561074685,0.9772888178271992,19.18763896369886
2372.450879622466,12.974962778892476,77.60385966129853,0.5191657945975765,0.2100969951667741,0.7519732543101219,16.534683652653918
4011.1549302473477,12.964229706388473,77.58162835703634,0.6860485971666929,0.127626887148642,0.8994463640833731,11.176600006391933
1048.8243099484412,12.982167249112806,77.618283345424,0.7610133545087934,0.09989286375837836,0.9869329104046212,13.089813144281855
2487.9110521539455,12.981268071042505,77.60316048094775,0.7342119420109656,0.17703324379737168,0.7145213548539164,15.081185136905109
1247.6065555868809,12.978791686663556,77.57775995982203,0.628271702698433,0.19329756167489046,0.8935607558560393,20.353660306056167
2863.631882624968,12.989797717873126,77.58750971097685,0.7660258706706549,0.20472136121767653,0.7784215559216772,13.105897478870776
3386.8873900973003,12.97076910672257,77.60276081044114,0.6113960611614092,0.16926296919410577,0.8358433096450467,8.069724790407887
2079.2382063189466,12.978088819259039,77.60636344056171,0.697761534350319,0.2636973364737474,0.6494965410518478,16.762267613964752
500.0,12.96575599023404,77.58187762372768,0.7651841571980356,0.12524301707580582,1.0392734118755027,11.977607006624005
2698.9481467964947,12.996123699128688,77.60173025850433,0.7462912779493113,0.14308689325209506,0.8644170872596487,9.858794721700125
2936.7385517335097,12.99143633652436,77.57512660127338,0.6324960988580531,0.22433179780724058,0.8192808135964086,15.075212051303355
2904.2947549616974,12.971718804345178,77.59370664134529,0.8197494516564363,0.14191763071814295,0.932826704545715,18.891470567233213
3735.7821918221543,12.975465862299052,77.60572046842103,0.7086694571485533,0.13998397739013418,0.7957689767312751,12.704477841355924
1428.946320350951,12.985192975993648,77.58908484269897,0.7742995410939151,0.2061677396103582,0.7862755471118706,16.986295548730517
3180.2161054504495,12.97012860495186,77.57953077700861,0.8529101006673248,0.14732386898419844,1.0510329169813728,17.727654652169733
3692.507512477975,12.965033759292004,77.59606214796378,0.8117520548774606,0.19334577860396565,1.08086630283268,18.167185974666516
721.4124159934831,12.980339897510069,77.58855281133364,0.8120129406331044,0.16500717201711218,0.8407936327717518,12.070910761525594
2819.651825918977,12.972384392460837,77.60089558366066,0.7192679929849471,0.15691681483136302,1.0067354709916179,10.515671768266458
1995.8201689923285,12.973429944496454,77.58574673567782,0.7793935120910509,0.09488473043275299,0.9356040443988086,11.06098758016562
2418.477326898354,12.963257286569322,77.58687363110347,0.7213596574564316,0.20697815764106686,0.7586168708289651,18.16389868848988
2847.6764835383365,12.954423278516366,77.57438997679124,0.5790675532221586,0.13764050039435358,0.8071868106150215,17.669572618683247
2012.7714358864478,12.97396142409879,77.59629944711051,0.7302743792505042,0.19158788982347402,1.0551099799196937,11.171397597198661
1824.2919208383883,12.980649620414942,77.59299095061724,0.7256360983738465,0.17439475508257177,0.7573204967175824,23.0
2534.1524174880246,12.96934193250924,77.5827161532926,0.7583729361521818,0.18967459706500583,1.128099933807486,10.694544133651338
1412.7540611371974,12.98596429519559,77.59653798713767,0.6872003024786605,0.19251623129933698,0.8428637824088221,18.997856338802904
1414.1748711148146,12.964560836745845,77.60487070300644,0.6238544443236149,0.2096814125459132,1.0580814906293234,21.078661756820843
3179.3732829565033,12.961052955450342,77.5924443205658,0.7656506083175226,0.16361203492542786,0.8694436205357163,15.439030423973458
1351.205964841344,12.970927696928038,77.59728166949822,0.5686727712747751,0.26213482396366844,0.9799903591501151,11.921104625676676
3166.312500909212,12.970774074246487,77.59733311249585,0.8458819135856469,0.10762999695722117,1.0395033140120689,12.008487890206613
2962.591292853951,12.979299687313352,77.58255670172821,0.6768581938795007,0.18867044407363856,1.038995381768101,13.951639198548504
774.1932712094033,12.96385037175936,77.61516585820708,0.7245528172056168,0.24181154882054337,0.841563446920703,19.323483112272132
1822.435347664345,12.98528094236815,77.58989150169877,0.7558558153281572,0.2238386276501302,0.8142611900100873,10.20049674920061
3694.1094030473723,12.991269169625083,77.6011611620186,0.759068804484419,0.15125822117357016,0.8918787990248865,7.644935870348898
1518.8344688603183,12.971208559730316,77.60229215277229,0.5591015700048265,0.1595877253505988,0.7699520378966022,16.448219962277214
2035.5957376906124,12.984097104201844,77.59320404872884,0.7824086580544263,0.14966037203366983,0.9239264175610559,17.326451005036322
2962.0608932518962,12.961035029293749,77.6006679502506,0.7303153828376273,0.2299613815332195,0.8179203347722485,22.87187778719707
3283.3905092825953,12.98235221541182,77.59705819221816,0.6364738615441391,0.16300381357422458,1.0082709773542915,9.470724098933077
2248.4611139555045,12.982072764085595,77.58042360242773,0.6250333049054085,0.21275615440617252,0.8429887583781862,14.460773552151046
1902.4898053083584,12.980234372801899,77.5912772729875,0.6665946917943154,0.21321507070379778,0.725774103051998,19.647349728481913
3922.3698616985075,12.971444369111298,77.58847449097645,0.5701258313389508,0.31841967341176863,1.0400914776169297,15.483448670410926
4238.899663797579,12.94205751058758,77.58998254958654,0.8722267390987025,0.21566256299008518,0.9183368003331863,14.218243243753903
3478.8580507817956,12.965182728563478,77.58155996822164,0.8486151325143344,0.15944279926247684,0.9029134890420074,18.159621987718165
2585.318142565024,12.965340839823154,77.60586433716746,0.7451700200975939,0.12699248689668005,1.009439478494621,12.602444143173607
1691.7342783590736,12.961817450619396,77.61061992654614,0.6776601583657909,0.18620736426811274,0.9871576502298157,18.405643367816594
1669.5555934434346,12.972822430045472,77.60438002975998,0.6802892012062605,0.1940457078786341,0.8238146455989575,9.985747231238898
3022.5141052657573,12.967410365544788,77.60730529224148,0.7758065706173968,0.08946502363047222,0.855021839397384,8.922273186868413
2918.3982208886837,12.96335387990235,77.59115365162992,0.875782689950195,0.16430729198534935,0.7887044749940662,13.905647924350678
3901.5985929464296,12.961011998517522,77.58823743165014,0.6429603260403256,0.21486762714137767,0.7535547944875185,4.746840852413733
3150.450092536139,12.964444870145147,77.58681412953189,0.5882413957376675,0.17338221648669128,0.957859253491539,15.338798546851613
996.919698240182,12.9828149921185,77.60104064922957,0.8547640773595271,0.24843118928529187,0.9392184310041682,8.069754629181155
3551.9476177229185,12.964989749453725,77.59687063053144,0.5212861412415548,0.12208217776397401,0.9760829211522517,16.129682082265507
1501.939372685587,12.966450612935668,77.59382778288402,0.5991469191747353,0.23384414100766085,1.0281605441495942,15.741837752467783
2116.0287280476487,12.967033023849767,77.60755148544196,0.6753142107489146,0.24569448707629765,0.9774474794925673,14.728150455340732
2750.2002062516945,12.974989935138094,77.59864941353815,0.5439566532194968,0.24782482379207685,0.9863459476305259,16.74563467015237
4495.667489783964,12.976162494885285,77.5862134236248,0.8112149062806597,0.12170718076728107,0.6922038741827863,15.816789874456349
5609.918556005361,12.94115343460757,77.58779091170864,0.7856905270505099,0.2157276397928692,0.8693014758075006,13.827997586674913
3106.7230591361827,12.981816352138276,77.60141993299254,0.6425206772784683,0.16656229407392426,0.9964576494669988,22.324027921908527
2316.803381279612,12.985963680342438,77.60501732852654,0.8279614119177747,0.12969287790085493,0.7831791263794784,16.57324277420977
3034.50564848055,12.961098134626384,77.60011680232256,0.8449292428403826,0.1793066137513146,0.9091671382837764,18.08763234924351
3387.655425873836,12.961877017552652,77.61356888747872,0.6886829351709935,0.15475110040495954,0.9519464440613506,19.29231897589037
2179.3323744428085,12.967097466122217,77.61095007165731,0.6549331822431992,0.2460375234081935,0.9442853493838487,17.67259751616836
4295.211355912323,12.964039959805435,77.59901035834851,0.9259602027742477,0.22565316715067849,0.93687963079583,23.0
2730.070759191402,12.973839268739466,77.58621419340518,0.7721161822084155,0.14237777659455664,0.9598912719045576,15.664027539284785
2997.7430890913943,12.952134747136412,77.58150012488268,0.7256324652968853,0.16378893430845357,0.9180743894928219,14.972154616655756
3165.9242520544612,12.960420723919633,77.59072618254986,0.8363545946639612,0.18096512871916884,0.7537071792608987,12.401711648773539
2921.586610614456,12.98699197200175,77.60213213446416,0.7301930635003021,0.19637974263410515,0.9506955535403494,13.974904253760073
3338.9405004696123,12.96231780032652,77.61286647079312,0.6494379414080811,0.25031891374018905,0.9284746560553744,12.07510172379535
1882.7468134530768,12.98403428278103,77.59877447034411,0.7080159760487553,0.23453911632403168,0.7550251549144547,17.708847652006156
1941.6982460539693,12.975153381955902,77.60628722794232,0.8038654287319735,0.202569598448742,1.0379735211086571,11.350735010725447
1399.845767028305,12.953507322854119,77.59214692513812,0.5007814433650786,0.1869675575052539,0.953383769974804,15.29516867959251
2939.5012306202266,12.977953291952163,77.60082769125228,0.6711969260560778,0.1113322982696264,0.7619651679022541,17.2381877372095
3278.936503512114,12.970423326978072,77.60283356829477,0.8383057398581605,0.26459988130630285,0.818277483602785,15.601295546380884
2957.772866151886,12.967045329437504,77.57480405724148,0.6488131598906481,0.17764517010671715,0.843594795825382,11.416340497720292
4174.492433347537,12.97404957093172,77.59046561197623,0.8546108560431409,0.2777420120213129,0.8435236561199352,17.79577965602394
2494.4039811709536,12.976346334855668,77.60409700384278,0.8414743819359812,0.20980546460659177,0.9293050188818442,14.658641165856212
3168.741655592513,12.978675918219746,77.59734468335637,0.6934470884511048,0.30126421043107227,0.8023648248941738,3.5091511342142
1408.2991238606858,12.983382528475481,77.58263484951848,0.6431460695110999,0.23031607666831583,1.0128136747121934,11.066593237666453
2112.900297525599,12.975681359127783,77.57029877624272,0.6712641125850365,0.12839901843895607,1.0045803451367992,20.60452894561093
3195.5377575657776,12.957843659112136,77.59094219254698,0.9664614492001434,0.1692792259869394,0.961931730959959,20.937287366058737
3349.1021107431443,12.966863545423488,77.59388414307107,0.8874424446933243,0.19154325196640176,0.9044241775393851,17.104444840260793
2206.033052335818,13.001030483352686,77.58576077050172,0.7125390971806738,0.1563108556445838,0.9937447515151537,18.136275907833323
2428.400748141933,12.978844910603819,77.59603084937028,0.639184644837959,0.1811469591408978,0.872405227719599,11.88682407496854
982.1262533191905,12.995292873008115,77.59966386747233,0.7117041035581263,0.13165304207089454,0.8275511138616791,13.959422325043764
2142.9707991933906,12.985554340821992,77.60130687170727,0.7243826926616764,0.20028606405495614,1.019010964561974,19.94146640183855
3390.383163519786,12.974018020715558,77.57104081075067,0.5756641262390645,0.211870597450547,0.931754275701901,16.703660970248297
3075.2050161065663,12.974614070697811,77.58145714902192,0.7080041269215259,0.14979452963969409,0.8315942359418609,15.259793535548207
3000.6657213812096,12.971234199601232,77.59155377351645,0.832240432481173,0.2970127146740956,0.8582257632958421,14.252765828427924
2549.77368718096,12.954221953841536,77.60032173131037,0.5200643318783527,0.20317566306402296,0.8263572016234733,19.69788800493883
2507.0631586281766,12.971780472524683,77.5994923401355,0.7826583965137248,0.1591629566938544,1.1022174858828606,19.488128614200583
1839.6788605265529,12.983706745525422,77.59931869947877,0.8374797970054779,0.11852303500173915,0.9004098437450525,17.598687003075046
3198.8284202025347,12.965603600051788,77.59076582058032,0.6439442654905632,0.20299714446985842,0.9157771311253669,15.265100264330245
2920.97294438939,12.975719529990618,77.5913236656269,0.8694175758191056,0.18697557335933238,0.9721219047861941,13.572974056932848
2992.0188479927992,12.980115910458933,77.58731670731578,0.6309662937551654,0.23915204536432216,0.7784639017392995,17.772054878738853
1973.9651573324195,12.962503195606876,77.60228194128106,0.7441082661860403,0.1928314867514016,1.0096547266286224,10.592360620102077
500.0,12.967086971356563,77.5853951121226,0.669322731533637,0.14031406088656367,0.8392153869212147,11.421720609653832
3597.1527117536957,12.96142088509523,77.6031003639519,0.6693003642837396,0.2835359148088791,1.083001628611515,9.195634556860242
2021.1625439915958,12.963378343933107,77.59667853238138,0.6382700930241954,0.2217812439753593,0.8687341269985407,19.9409191119725
1637.2242359568795,12.95872394716347,77.59414955521545,0.769857548086202,0.18729456442008208,1.0037640014763185,12.11733350348262
3193.4789119139937,12.96259551538622,77.58803289600223,0.7848805457731449,0.20823192657248693,0.6503201882880913,16.616031147006503
2107.9873600808705,12.98579455680798,77.58104458138835,0.6935577800422811,0.22370209782808292,0.782486692391403,14.497769917161891
3559.936384046622,12.962445229709097,77.58812347243622,0.5640031786327725,0.12855716930532823,0.8706392841002374,23.0
3117.0059495766973,12.972864592190607,77.59129993131376,0.740317016663439,0.20788471099814052,0.6969217001875109,16.767621816143347
3183.569323200478,12.96657131246329,77.57090975688419,0.7422014359410694,0.17749382633530542,0.9600884448841405,7.5514369630186255
1134.0442887994657,12.98338865937037,77.59262644844665,0.6783284988613573,0.2253649992814876,0.9312958125436249,19.701743026386335
3711.9439853864005,12.984711622966037,77.60384357368027,0.8867231287180808,0.16299090376968609,0.8009172350140124,13.451396145577263
2761.2505312338562,12.98024069982139,77.60027217905434,0.5436070735099345,0.16976490724514587,0.8984041370135502,14.196288792203784
2130.722860753797,12.974661345531029,77.58963794124259,0.47827162897464315,0.28314355492820287,0.9806477229923125,12.309950947959827
2643.3884673422513,12.969289404631592,77.59506936298415,0.6269165100302329,0.2615456045441068,0.6896950483130027,15.78245007455385
723.76476710168,12.959681252958088,77.58903835430579,0.7710424534091449,0.03522194100163459,0.7726510983765343,15.730052550699286
2908.6528114806706,12.991035288811222,77.59608760733336,0.5944155362566159,0.2578380991232156,0.8664911700776656,12.418091289405487
1470.6284918179285,12.964003269822475,77.61000107823745,0.6019029081473924,0.19631739868711218,0.9023723626632476,12.967421918054285
1147.3297141564656,12.97823646347033,77.60428498802625,0.7951021336178155,0.1645908968550494,0.8941388578398457,15.405144532353267
977.6408137821088,12.982195655726235,77.59980794305693,0.7462547922797749,0.14964126321461751,0.9889294785435712,5.6290740539597515
3612.6883749899253,12.966047195030947,77.58967115087616,0.7377060909628399,0.1525441185860006,0.9477211245655397,9.234010117985193
1870.7366063072113,12.98198012527316,77.60209938392944,0.7781428919465527,0.16600320276207925,0.969663484057106,21.679968384392073
4033.7277099164994,12.97924213203339,77.57773123048626,0.6574807046727116,0.14364337081590783,0.7610124267195635,16.311283777280966
1964.1985369477022,12.988879638353819,77.59207646518009,0.6621015925941808,0.1322700169463679,0.914482385479938,12.900364053036881
792.6420424070532,12.966906535335733,77.60043711419824,0.7809779272561425,0.14798099245780447,0.8692857490762057,8.215668673852658
1383.4755600513408,12.958741359827203,77.60200421214047,0.56551132192188,0.21616969275328438,1.0462071881668769,14.774735340214091
3735.811620006939,12.966545102445556,77.60129884490216,0.4857280153601453,0.20250450742853987,0.91743956373779,18.940768367124424
2344.1018220633323,12.973688535425344,77.5975483068921,0.6566715826372145,0.2277928225775928,0.8330946065283971,23.0
1951.712703509399,12.972182127270852,77.59264275020917,0.7930873289065691,0.1966815080394973,0.985250127595504,22.56822569998279
2660.0182258527875,12.967665621037256,77.59997975969827,0.7255559698986803,0.1346660334677604,0.9563297795864648,11.45224791948586
3001.782736167545,12.952508025410228,77.58507138959413,0.7857291504123015,0.22472204617468033,0.8178398327359521,13.016801874462839
3617.398815902461,12.976304829961292,77.58615322736706,0.4983705689576834,0.14976553605625426,0.8651510297230826,9.114003079053312
3948.4992298929265,12.991323444790822,77.5952173467646,0.7315496808323492,0.23233071509944672,0.8668553540391639,11.633379733504194
2140.231354210914,12.97624251238123,77.59633197642708,0.7653864504642377,0.14170399985215199,1.0227461092279537,14.148627347500993
1173.9523139179616,12.977691355190535,77.57634384821435,0.5649202577389315,0.16562616867982374,0.9203241873878443,13.531452013495425
2086.534838876724,12.977324453061552,77.59915146380949,0.7862057590546545,0.18193041797160428,0.9726782478560172,23.0
2760.280506582886,12.975570466698825,77.60232728377919,0.6888481103494206,0.23372024005284744,0.8506728278869917,9.738572230095137
1536.2410737893892,12.980916659668681,77.59382714762533,1.0071336701606002,0.20879986260636976,0.9334800291139441,14.81962220324841
1542.849085104957,12.975553736811857,77.61834466283284,0.4822763931103264,0.20100006610754623,1.0303360902929657,6.746160950813426
2843.7878815498852,12.968473228303468,77.58777064893685,0.836911436767475,0.2942834392527653,0.8638923234749353,16.323563121950933
2451.347648429549,12.963640110899913,77.59098912836613,0.6605841903473926,0.10815084193874273,0.9115154803837776,9.6331786372962
2532.7969954115865,12.969110263447194,77.59064933093873,0.5382848285559956,0.14808111786497247,0.7636693743762393,19.41050523353117
1741.5046652999304,12.974741294964508,77.5938381238871,0.6473044856435007,0.14594057609805045,0.8234441910089972,13.835896427938835
2269.599285794233,12.968439170388772,77.59131275187033,0.7277479241337466,0.11146738450388628,0.8665557108002178,9.392062926868428
1575.7668557316956,12.974743386831316,77.58053189455396,0.8037466669565043,0.16402402435569863,0.7939160691048279,6.589192985768168
3390.1984111247866,12.975991501337004,77.58913451703764,0.8721964288132176,0.2343884581898353,1.0321973677521847,11.085450045561315
3535.2493347237523,12.979931794312701,77.59362379304225,0.8421893088704342,0.17041763007421243,0.8161992979758488,15.957523562971353
653.8121377619061,12.98442794968839,77.60688572082061,0.6034617979295505,0.18334985140068452,0.9786798592117245,16.686054588625847
1570.48913980759,12.97238007418479,77.61662243273373,0.8130164692266116,0.1138722586059859,0.9186836237531477,13.006248075306907
1003.470744909921,12.958522234348523,77.6079547389785,0.7391284957120874,0.16017372124198265,0.9030851948510463,18.703188173731874
1849.9760655931018,12.968148959031808,77.58684620970327,0.6345396979071012,0.1769150642206208,1.0486163644965159,10.457028428419717
2416.562030209639,12.972040625674067,77.58764190389374,0.6788089406522518,0.23212002112735572,0.6739399703072421,3.291760629965724
1050.3547803014699,12.95324231243823,77.59300671422491,0.6290157340555276,0.11625418010408894,0.8803795103176896,16.130214602969996
1578.1401868746868,12.985486645201025,77.61244558888853,0.7037092341936455,0.1772495627139431,0.7919619663434558,20.160383250733535
1496.0426279185015,12.973023779125105,77.59294575947818,0.6270342117705879,0.25434090150344457,0.7038579590866962,20.197334694630975
2707.2673293989437,12.975413528345804,77.58132492509462,0.597200592678256,0.17774583571883681,0.7805268266242309,9.800763037538662
2569.3443370362506,12.985255264625263,77.58958822863048,0.7479119127782772,0.09422192929406606,0.9017237535003071,12.821227250713767
1778.2624466627467,12.965298571698577,77.6021705600182,0.7628730548259637,0.2639587888674096,0.8274652870793555,17.89528006296203
2676.820872139398,12.97734041930884,77.60149940276897,0.6812402999908388,0.23674484712691665,0.9896613589825148,12.491575568164917
1953.3199154127346,12.970501358768981,77.59259783333508,0.8367651303935972,0.24346985875393956,0.878615415205867,15.421539442433975
2228.344889673947,12.969759131329841,77.6014341467356,0.6739569413504887,0.11281081766273031,0.8675261645279058,12.134240416758871
4173.452090298537,12.963878076121956,77.57186827797453,0.6697225454874461,0.27562278629236076,0.8679719049493908,10.642444970154505
3840.461051790348,12.988256032136865,77.59563829235033,0.7660488982345697,0.1613361957444401,0.8901505593870461,11.41450539437297
1200.4187630724023,12.967844999599246,77.60320685421368,0.6867574415056663,0.17452805278898847,0.8581521465057247,18.822900771804925
3329.7324178791746,12.978594642468957,77.58627136724846,0.7084797729026143,0.16486114170039984,0.8148746302435836,15.055131058523495
3311.396554491592,12.952849926125282,77.58623661463504,0.44795615293809343,0.24734685909776039,0.9989184883976037,20.087526553622233
1351.7367112473817,12.983399885296897,77.57593551847236,0.7016707384737975,0.19101008237473524,0.8375904949611055,17.08168277981768
3318.7776437548605,12.98212211155957,77.6104989559481,0.517280406252874,0.2240870516293813,0.8616473383653814,21.42586092592377
4037.931918412553,12.972574341102973,77.58739846022978,0.5779049429001129,0.20379505114421842,0.9429405080090311,18.272272771834945
1377.4551937555862,12.96933057533862,77.59701043277862,0.5664677461244494,0.19524789981535398,0.9318741246157253,18.037363320986817
1582.4971789857364,12.975600000056136,77.60063917041484,0.5957416846466174,0.15266079681269018,0.8106561937653951,14.518048405457272
3517.6614668435022,12.994487906608803,77.60972067949142,0.6451146140367746,0.2906070293653883,0.9754981944110747,23.0
2771.495310825648,12.953967633010965,77.59306102226014,0.6513507384454514,0.12683031857473853,0.9537670339838404,15.450792879578138
3051.476275239523,12.979420273875741,77.58920570206222,0.7664275204257125,0.22061269870173422,0.9177974834187255,7.106306523496479
2840.5892164004968,12.962483826978461,77.5963306764857,0.7222387814134696,0.21883282960536396,0.8568683149418508,16.072134158455867
2890.695920928144,12.971400816037002,77.60744080276542,0.5098925571182014,0.2577178143076213,0.8593269309478592,11.070831027050279
1173.527871688917,12.969121198809214,77.592898274686,0.7083294637546808,0.2694045016189639,0.879820289699839,19.06808608640646
3547.3177066214485,12.967316817422024,77.58505130918415,0.7318255246583427,0.19313057002916123,0.7768168058872235,17.903267032723754
3669.5899924277737,12.971495348709473,77.57919242191684,0.6671433483747041,0.22651971529623766,0.8960731551403044,14.233945400269393
2270.6092559319723,12.960258288547223,77.58238702615395,0.6939114023093297,0.28824368552262547,0.9892102040447,11.448427946227357
2456.5230501861374,12.98189180436128,77.60324391497407,0.7190310125397056,0.1967411616538874,0.9876371189834023,15.585702906883215
968.8924974442778,12.953658564888014,77.59139375523694,0.776459959763558,0.14667832624674118,0.8619148228723548,12.435064768571781
3014.254756017835,12.976997645128284,77.58852479090079,0.5425120012537265,0.18077659436502894,1.0064083272725537,18.151215971135347
3072.0574417141443,12.968334641474655,77.58744032776816,0.6755682961360351,0.13476770006927663,1.0905904554529444,17.224062857032184
2437.808983000689,12.959890751061925,77.595450458602,0.8508336098057728,0.21859084054973615,0.8683792464737172,23.0
3624.3533598705026,12.973623833705988,77.59220544906235,0.8416661308297956,0.25322281040703176,0.9691514706432168,13.2195418453963
2165.9227690200596,12.956030489132935,77.5918686785628,0.785093692777578,0.1939479253966231,0.6737190037309208,13.786297486061423
3064.6059258936,12.971997138217198,77.6080932392781,0.7536824683955675,0.11895199752731798,0.7741853271818009,14.380897304252906
1480.3356613078845,12.957371230921884,77.60998016281862,0.8654634748402088,0.2510825417528839,0.909112102933352,14.556057862915674
2476.447849125762,12.97621272084318,77.57849978327091,0.8917848001606665,0.11118505192171108,0.7993266937481612,19.108315751845918
2325.645742097164,12.962356426663696,77.59787592731143,0.6870920011953147,0.12270226110384795,1.103920204472245,13.89461741975147
2725.307922040942,12.967090059829708,77.58683137901379,0.6030567556711679,0.19108308062526408,0.9597879687296553,22.88952686457398
2130.4730711666416,12.974539493879432,77.59211748886139,0.6729707682375504,0.21258926228377498,0.9965831646858131,17.329100438902806
2368.527404328332,12.963874578881578,77.59769278385127,1.0096695513772054,0.22111237493791772,0.8970973593839413,13.057055808047902
3326.047171441506,12.971020360003317,77.59247280083069,0.5430643657274805,0.19669302239767633,0.7996791980136349,12.035017260077316
2063.2357627617826,12.956461694987551,77.59690459880628,0.6529460860470582,0.2880021882567429,0.8481189717825119,19.163488773633826
893.4228992613207,12.977908756035962,77.60132970206031,0.5587308847507368,0.2032584170541601,0.925438047962636,15.114080607547242
4249.58390420542,12.989249138055508,77.5975457680054,0.7124763862877385,0.2517334050876468,0.8362084661590989,15.036240215027021
3881.4540786904863,12.9995220886791,77.58813163695832,0.5797308971105132,0.2393477282047349,0.9671191991727199,12.606079094303524
1207.7373048943814,12.972511681466665,77.5883080039303,0.6891248977166382,0.13535631338977352,0.9711414969204639,14.75421727631797
3189.7078052451943,12.979482041407973,77.58020294703383,0.5049904839981241,0.19151347563572393,0.9004981303939589,12.444180596788913
1997.0252294486568,12.953793743270925,77.58606079702479,0.761762066508465,0.306166025664051,0.7174364912983,20.446845824903992
2763.48721533106,12.986627343263056,77.61422068361898,0.8222345256467974,0.17478245730298714,1.071478493366596,17.86824060902159
2794.224129013494,12.979362285047241,77.58667996425905,0.6616056377936541,0.16626897378216549,0.8787327143310483,14.300924642796904
2265.592199683678,12.966760665550488,77.58266621187556,0.6864869992924297,0.20852877907385112,1.1709276648471036,14.242127667789077
1716.2343344136034,12.98397180800289,77.59779927861845,0.6836592769268688,0.17657400353699743,0.9652535696352196,15.368696672956869
1809.4589476837405,12.969055239233548,77.59349635240709,0.7180910675225025,0.1603147710248881,0.8790044923267943,14.977839044511468
1583.8080845187576,12.967019748169855,77.59264406763151,0.6961830413033572,0.17583583028512068,0.9447821876498004,11.172255282763329
1668.1777917695554,12.976353349254275,77.60869045966412,0.7768116952430694,0.2716004835684313,0.6980714482921389,7.396903486460072
2432.8217099506446,12.960966455001698,77.60009126675558,0.8233039133450946,0.1931690654261214,1.0026142403235967,11.809197334235886
1784.2400108892482,12.981816247644,77.58930007068297,0.6185928777507816,0.1335962483622644,1.1566941237529476,14.485930037339878
3182.05206571262,12.961040101880732,77.59035524082408,0.6690671507225703,0.12441267309559179,0.6910766526156621,12.048667209130036
3987.246155335927,12.961099452101768,77.58957413486094,0.7901619448924744,0.3103402466027235,0.8712590990174293,18.27735212158228
1919.946758629957,12.962503102115917,77.6033473962158,0.5578330951940967,0.1888332815282949,0.8894661877208474,14.083387456396983
2739.404500535377,12.979195000375162,77.59151852370547,0.502927871815443,0.22172892504827094,0.9875228629163064,22.49429430011448
2999.685110302934,12.965432246384804,77.57666846497546,0.7226315952898478,0.16143113868301956,1.1105975674165536,12.754022967083404
2972.0022709192745,12.95812004215633,77.59411680321266,0.7496346411070491,0.2160492984635708,0.9382882122595565,15.562867194806229
2575.9552679160875,12.965543200000642,77.57922973998872,0.6277699812046407,0.2729664825800766,1.1141791824215528,13.844552975320862
3242.6824183597223,12.971279576293195,77.61644230601755,0.6421348945879545,0.16738684081281227,0.9170432476884662,16.75911223093929
2982.248952680657,12.959790275163357,77.58494332086153,0.62398076782591,0.22292933899742914,0.945142381879623,19.263004515988175
1262.337577672702,12.960083188909657,77.59298135234643,0.6133074760655565,0.1297126862054806,0.9328235566160256,17.433123835708386
3369.156064389273,12.992712963340995,77.59718202734702,0.76934958206046,0.3011433059183396,1.0220299783005087,6.876814922135766
3387.290837266742,12.962994345961862,77.59171341839321,0.5819501513002361,0.21342679651222876,0.8577678941889797,16.99944644189147
1736.7138958214184,12.96836957631227,77.59169969598534,0.6734477138566651,0.1793603077823854,0.981828675876151,10.956487430875844
2537.937835447602,12.967927629992008,77.5988182728616,0.6094663832485148,0.18510629383569183,0.7769203393743573,13.760923286334888
3183.3289928110694,12.967386431922296,77.60986215958796,0.5544711024098784,0.17449809127428323,0.8715495895348591,17.75731674734935
2290.6861804206383,12.977813467399692,77.60227509081817,0.787017817474677,0.17705474179382535,0.8363256377061192,10.520956366339842
3572.9780477660115,12.981081429504721,77.60938513878574,0.6480174777826461,0.077625242882517,0.9087961558617943,19.6237920299402
4863.872494619361,12.968540455684684,77.58413380891906,0.7188440080420756,0.19510171339516225,0.8683920250596219,13.586456401795068
1714.0139673650176,12.959235217134077,77.59777362633255,0.549192412019899,0.1930060659697144,1.0132133692456975,23.0
1118.955396846225,12.98434440227849,77.59615246052059,0.6258060546243523,0.22443307686302388,0.8121331904828357,15.274711303175048
2803.8185956048756,12.970646589088034,77.59811091291677,0.7756087880695005,0.17384281267792367,0.7268684064188987,21.82137097060708
3221.5625051261436,12.988903218148572,77.60836231970636,0.958727145584531,0.16144818429294888,0.7642716180288442,19.790716898134036
2269.133626155231,12.949144141024348,77.59239210850208,0.5023783935609688,0.19961125277735126,0.9994168046301319,12.55557967178201
3953.2606633210344,12.973554032212833,77.59054496633446,0.6798892204710574,0.11938159409547582,0.8030442656683778,9.793237089465912
1161.3942002767512,12.990786063338762,77.59993980797418,0.7412280598143499,0.20717115937672922,0.9397844415520709,15.454509444950183
3192.918623031611,12.96806735864562,77.57681797272434,0.6383899846760716,0.10690903702391397,0.8705212496751921,12.669427525911301
1894.1391792411066,12.969345065766655,77.59223147950878,0.7849521986994124,0.2560409324415398,0.9824244054753255,21.318875120348025
4219.377906207297,12.974555116915903,77.59325802310714,0.6133267329339687,0.23421349778303877,0.876923429488339,14.012563313309508
4492.515353168118,12.966012041811151,77.58539641383693,0.7153847660216641,0.15369070617879935,1.1764348516117136,13.798384165924904
1733.3434122166523,12.968479280679473,77.60517059011356,0.6477928095501639,0.23305690066690185,1.0898117015818505,9.416406157051924
1950.4428640914198,12.968221849058086,77.58397759682657,0.8219431082954772,0.20557571121269408,0.8684789819594307,16.676868052319076
3359.587886979802,12.965325792655737,77.59324126951635,0.6323635496964394,0.14954948844575702,0.8547865410905015,10.30311087221267
2112.869350210485,12.983888565502006,77.59753157225323,0.6648126203713484,0.09885619213854553,1.2132326150808463,16.76974765152286
2454.5887820677617,12.976210780322965,77.60813451561476,0.7945689037497154,0.2158217841713226,0.792114903867141,17.32036690599201
2525.38842054241,12.974106282321033,77.59449443565119,0.5971961340907136,0.16028590764324827,0.8944976452081651,12.001299552102541
580.3268438023438,12.979685710068901,77.60396153594128,0.7068750056763572,0.254748478484804,0.9022448919705428,18.82631972407085
2486.1622539057626,12.968956441667967,77.60160595397276,0.5177465656313398,0.20070168669409258,0.8997662102185426,13.900498242835047
1810.272225935826,12.96385796181647,77.5958345755617,0.5912066541370925,0.16502086517513415,0.7261288279469473,9.11502521638312
2006.877177600228,12.965573756953855,77.58370486591727,0.7382131275890803,0.2898919366545236,0.949660240967594,21.181149361254768
3943.632003468814,12.971617830411047,77.58025419139095,0.6009302490463767,0.2288223246301503,0.8029649908607683,11.306117703702725
1243.4931057207436,12.961007882916272,77.59566505401419,0.6455427068176208,0.0172456742447947,1.0435989124169072,17.02828216506592
3313.205186747977,12.966597389834133,77.58917303126097,0.7493086402047937,0.1756804115604567,0.7544034957565379,16.703177896188976
2221.0370696681916,12.966438833581286,77.60379261091681,0.6420813858853069,0.13079555039937885,0.9059465927375476,16.55673869569738
2220.2398315041655,12.99284556229829,77.60205856518098,0.7822842073216357,0.1600101031139846,0.6783879353048112,16.48744766372054
3290.3718960517112,12.943861850600662,77.59275389005563,0.7215662787486063,0.1927633800540732,0.6845616293659276,11.119249453759991
2840.0512945688906,12.969803802785943,77.58302287076059,0.7435683111924503,0.21770242542937732,0.8160648041707368,21.765398406010885
3070.612997219531,12.988856937928148,77.59970735549608,0.8240965598738532,0.2130682871056787,0.8301789917662972,18.824996600802557
3468.184660532861,12.972818444641325,77.58442050553865,0.7319823062614065,0.25389365382824014,1.0465726412989436,16.9002269250016
2168.691616816677,12.979134174734211,77.58701536077069,0.8538847290469344,0.23182991887543336,0.8959408163738102,9.668095057937485
1887.7632654922497,12.972598263150998,77.58480584261785,0.7911262283037823,0.22873734645627528,1.0292406900911555,11.086528497378266
1414.849473442202,12.964926666187836,77.5932149897806,0.6476547570165543,0.21007461615666373,0.8620213405323324,17.629826506756654
1674.5894700210447,12.949180840654911,77.60630192334071,0.829314807502127,0.26433994263629507,0.9606085182880332,6.985263553212732
5449.0944253087255,12.973654556870363,77.59454959129776,0.7263866020902945,0.18418617284045413,0.8274524683081099,16.35481543976148
3744.6795807367866,12.963843933953976,77.59016781307572,0.6605320291339496,0.18548483656324047,0.8206526930901399,9.675292810457517
1148.9256337919787,12.963596645938347,77.57934385069954,0.7278385695320883,0.10472133235137349,0.7179149861082106,11.527872889961548
1177.54204325643,12.966610127440209,77.6001212458473,0.8112326824390262,0.2528082021905018,0.9335753993851275,9.355729569329615
2981.8660617184914,12.989048614066235,77.58679595394071,0.7455045094242221,0.19615371221104227,0.926208341470015,15.98442566312921
3047.2647973779667,12.99564837542254,77.59577517619158,0.8822392832551398,0.34668028530856365,0.9777312887285853,19.46544580733719
3048.883835317364,12.973772079375285,77.59105781384083,0.8086530557898821,0.1797233654118771,0.9214918287141396,16.39207009525074
2245.0442064463023,12.966952327760882,77.60298177219599,0.7523160033402162,0.20442890647083678,1.1026195977193969,16.831332195688987
2374.5457399970996,12.959827735825488,77.59302763607971,0.5973931917258841,0.2273252476804207,0.917602763667751,15.671835584619528
2827.8795241593575,12.976285401615462,77.59401073645476,0.6820267485989878,0.14490500135056436,0.9991826714338121,17.730774043482555
2585.8930062933305,12.989429056000652,77.59945747147455,0.7071664139750851,0.2179273856939614,0.8675890917000898,16.868342457000058
500.0,12.96912659612975,77.61566940182263,0.7696631501217747,0.20173307160285928,0.8091529965698612,4.139607224011273
2270.200369424806,12.947810039592468,77.60348446930358,0.7637333041272192,0.18481559051615812,0.9717695170186637,18.625226950646578
1648.5935657396863,12.978300496718155,77.59371393893652,0.7169540410218286,0.25863019793715036,0.891085201217966,18.204607847843604
2675.211418908512,12.981453997114501,77.59463197990615,0.7120349915377171,0.15481256410446723,0.9832043045929622,13.550748677366373
5485.25900260341,12.955741543596142,77.58935140539676,0.7720456895076069,0.2137451056541111,0.9352936541844681,7.10317308906923
2867.4816654743045,12.97336484183663,77.5851000429648,0.6141413774370014,0.2727332145692523,0.8206986673209844,15.969896102537627
2186.4703138276022,12.976112260161361,77.58907249212933,0.8695515819249856,0.1646689122021851,1.0074337877677029,16.306643216545993
3421.801501977252,12.970868926979911,77.58687851036288,0.4952833114836528,0.18515570086538505,0.8128810046215332,13.238066069756623
2982.687887209213,12.963692290809147,77.60113368383796,0.8455409482172029,0.31726522817359143,0.9625326263295505,15.746798897386766
2920.0944904518415,12.981759372235636,77.58388805142131,0.6954814471574837,0.22371955325780285,1.0281611111525852,19.28736103188148
3106.850593215671,12.967566202540313,77.6079321056138,0.8002579814271593,0.17469012616786914,0.8615405161584843,23.0
4556.5435648295415,12.956748138373001,77.60212046383619,0.7363840434292612,0.2401312380039239,1.0155994453672315,15.587614691663465
1369.1115646740843,12.951105255143304,77.59480501729368,0.7346034410910801,0.17159532242044873,0.9397616834053193,16.33565472541297
2973.6320768114547,12.984208495199994,77.59460318611465,0.7554254476026521,0.12175420379199646,0.9851943778396264,11.704844499258426
1573.6188700184616,12.977766639764711,77.58902718690385,0.7809054289087778,0.26861819726325853,0.8163244308897414,12.994431816093686
3055.5126463422484,12.972479735471293,77.59730084411348,0.667116917341276,0.1448470367934493,0.9214300232053748,14.455829478514083
1581.3134885139057,12.967197253631493,77.60548092463209,0.8034799130526236,0.32258563124986456,0.7591918689975496,19.71087214156239
2082.633186394916,12.96631001585797,77.58756843537743,0.5915529376421216,0.17553338122688972,1.0711300515310465,18.275831024112232
2204.910085762094,12.960842633515584,77.57926607911081,0.6994669426673875,0.3066632340780928,0.6986001678415493,22.71741337603185
3475.816719344709,12.967285443554402,77.60163218254857,0.7835969924272277,0.13156644657399713,0.864524818037115,9.039095297359165
3418.454443942414,12.950399127848799,77.59784365974244,0.7995017579615888,0.25127467931331265,0.8068291405800379,9.70506011740411
1254.2826235536156,12.964239363465316,77.5833980119856,0.74607888482614,0.22498631364923252,0.9674700415202238,19.40833174094373
2554.9341109998486,12.96849062483649,77.58726608629085,0.6606607562044264,0.24188731127775762,1.0923945945929918,20.795441505257955
1790.4201452508273,12.977698800471904,77.5860089572595,0.7896707778368703,0.24840113533381306,0.9654915098687525,15.13251248668373
1241.4950893246655,12.971200735366267,77.58735467730966,0.6330633760881246,0.17511274288594142,1.1961283696951353,0.0
2282.9829495756294,12.979549231138757,77.5913631724596,0.875140907374891,0.13455780789985008,0.7622059823441161,12.02588335240501
2191.51721154418,12.985091351051135,77.59193452695719,0.6915329102500335,0.19745411348303912,0.7698815867471435,16.34197460859756
4926.716486345522,12.982181700938241,77.58809206344931,0.5460374305794039,0.2111515128792567,0.81068857683846,11.402348053689067
2932.9598253606964,12.976305098473786,77.587018361805,0.5805316531983448,0.17640776894222476,0.9121244695295906,15.740504627750862
1122.3824992457628,12.971718626791809,77.59231215656081,0.7043643636879587,0.2138776985079931,0.797307762471675,22.594221795487908
1935.2259958290579,12.961792119915865,77.5962769153486,0.7139825271326052,0.21648127655873703,0.8248337245694974,20.704531278380003
3521.3832954293985,12.978999440513794,77.59143703463636,0.8969656684951095,0.15449867767280673,0.9620483523927288,18.235568981480554
4588.442772869925,12.988397473822216,77.60618667023341,0.5961500662385772,0.2197485640845233,0.7760828116886183,14.742202884647371
914.0166877620418,12.975021060396505,77.59968087714421,0.7039462199303931,0.18663939881526773,0.7866803987029898,13.021327768398432
620.075614860955,12.990772591484262,77.57869154143141,0.5940578592917942,0.16500095498983144,0.8601461247009928,18.031005261109897
4370.965175371783,12.956344282919389,77.59983727765413,0.6507345146786596,0.23936875691119966,0.8695556929160679,15.101578610000908
2889.6141773709037,12.960058366152206,77.60065543982586,0.8683972030069338,0.16115043941532278,1.0010015717221317,15.23881775748948
1631.7072681236336,12.980152015077483,77.59025265031876,0.5863663776844008,0.1771666205047637,0.809936025202188,8.795137548475893
3034.629086122435,12.974242902101533,77.57964802412697,0.7587042424067834,0.2036025425093328,0.8279720015879103,12.14187847109643
500.0,12.984737821765718,77.5946806675941,0.7392907359014391,0.268715581032712,0.9581670116279006,18.007441869267257
2503.375506597161,12.971445283592733,77.59452291348518,0.6975828573641791,0.2096392038862149,0.9801394323783382,10.59573263700565
2827.821172843085,12.962920245774717,77.58338353763467,0.7519436623191738,0.2264144166237334,1.0428724467126589,16.06282839440983
3424.27013953783,12.96946406757795,77.5800878078374,0.5839979618056711,0.1851178732001752,0.9469120354864754,16.650014379456557
1486.1040477074623,12.956273160290763,77.59372446453547,0.8656322507803558,0.19607551878118296,0.9130364059961826,16.883551263016074
2585.687161403359,12.96031409326903,77.59226922807949,0.8924845495123521,0.1975561383240203,0.9575038406746155,17.241056865430757
1574.5753739404126,12.981324439979181,77.59042734634677,0.7047104697759313,0.21466531180085124,0.8732587194111453,17.510904212560263
2755.383755674317,12.980327874144697,77.59376589265253,0.9423106130613553,0.185201621347587,0.8725232405624521,12.504827631829883
1604.6536776369758,12.975230042848061,77.5835722362618,0.6600972068450079,0.2669999942738105,0.7225889687721246,9.129381745355305
2091.899160839779,12.954389224790395,77.59025179387133,0.740043199385628,0.18134168807489293,0.9893415956689334,11.5058583504666
1504.1846052097708,12.968015964244872,77.59993325030614,0.8431889063774514,0.11463794323973164,0.9211458945051747,17.919684787619644
3151.136241823657,12.9593500011134,77.59110029919648,0.654099553977709,0.337139830218501,0.9777039266368306,10.196613624817221
3358.4511166566654,12.983365332537877,77.57788027528207,0.5618450941120561,0.18363156545281242,0.6184189505522706,10.837557280461972
2265.379430042586,12.965762778664374,77.58987307722276,0.5388282934381146,0.2656584893545674,0.8952898292106454,10.815423996969304
2538.237994960028,12.960742522892184,77.58389841536493,0.9060826563902659,0.27023954209798795,0.8144118493622368,7.6161021810269585
1051.4085853664558,12.971897961651214,77.59727136296462,0.6470975349361222,0.2472607156125191,1.0501362504820233,10.411982535472802
2200.323351993213,12.965198455431654,77.5977883740338,0.6814263236581501,0.19009863902012988,0.961421691548383,19.00158765329468
2449.7953829582552,12.986437439102037,77.57801225374914,0.5887235921678945,0.21433424099371715,0.9234235410810561,12.132941389137756
5120.793091029975,12.96425189102466,77.60219012970582,0.7948339279329188,0.13627448953475363,0.8568067030658976,8.004247373782615
1388.0329742258364,12.957607717407754,77.58347813698721,0.6218440140775414,0.2995073886909138,0.9397208310131647,12.95342458034167
3964.1772387524375,12.950070864842425,77.61019182290482,0.6508736972338678,0.15740970009086652,0.8071814370621896,17.04218886357467
3496.858773465808,12.971292134975867,77.59411223735499,0.729952041941616,0.18730495186295623,0.8900274652314234,7.676908940465349
2780.6364044901366,12.96598069886142,77.58213606501461,0.5935954072754427,0.20494932435201255,0.842163661301258,18.813241239064045
4258.620484195133,12.957310953934883,77.58318013929308,0.6821417730485774,0.19462801225815202,1.1266489654981693,9.236076738563685
2872.105472606863,12.983492264612558,77.59808095291787,0.8402209589503269,0.1671563358853303,1.046994775619084,13.418065444053257
2889.1591956679285,12.978272451474293,77.59068700110102,0.7428254397516862,0.2697169526027344,1.006304748398283,13.366939560017531
2446.8793469824545,12.971317821210627,77.59363346090382,0.7130542292428358,0.24751396417441401,0.7509688977845842,12.754239572977895
3723.5688824186273,12.98524326244171,77.61072780232698,0.7214864709463864,0.21610236021628468,0.9864157112284053,14.74079320607391
3596.4692338108835,12.978225360333987,77.5876075593577,0.6610864904023436,0.1800223472001625,0.9187666675141938,18.114241415906793
1874.3227125037874,12.963371440984815,77.59519962857696,0.8996152319754925,0.25321379359222357,1.0223460139516145,14.836793674787165
1180.7528054012325,12.961207798360093,77.60879844487373,0.6187842869465932,0.17677656836112174,0.932239509512694,12.577305359626948
2297.019362604343,12.97977981544454,77.59730513475466,0.721092616196393,0.2785195920168908,0.8993282333961696,16.829394739043583
1699.9614356023535,12.975563669564673,77.57853397264643,0.7115025566342806,0.2055610457741714,0.9233784296336559,15.829054914490024
2436.475425384645,12.973297477679708,77.59965389011732,0.8008762507133135,0.2614890763486358,0.7194366708377455,12.321985760292696
3737.438134684139,12.963135021971311,77.58296997142216,0.810317393879364,0.19430898369082084,0.8232596727832202,15.169205688337463
2042.69834491321,12.977679475670058,77.60866807528733,0.6967981195512929,0.20357665910204725,0.9373335538703272,11.990629987169642
2457.176618688425,12.964045011168661,77.58637132395002,0.7290666493113049,0.26127105307293336,1.0139388358406582,11.537045086412228
2558.0227348083954,12.970580133454064,77.62429509507746,0.7328534753913948,0.30969625759022223,0.8449506883687882,18.223204856599622
3348.4308822052844,12.98606944146387,77.60927375988328,0.4727858344429392,0.2780183408752441,0.8959193120136066,16.787835226276624
500.0,12.9649916576419,77.58663387430371,0.5411010397522225,0.24385673096889252,0.739900755532461,18.081518540946192
1893.2997052347032,12.955870107429272,77.59480013805002,0.6394936309278029,0.22946417164787986,1.045931081335376,17.540514004606045
2711.2836922794727,12.9610745280813,77.60213644281633,0.6438401323623131,0.1746525654870187,1.0113741732233121,11.451122963783789
3700.078956426861,12.981542988266877,77.60243660474227,0.5800717578035868,0.21476148705527165,0.9652102618567199,19.00512772026717
2008.0975524937949,12.974147311373802,77.59902336259977,0.774958257137363,0.1543475408001634,0.9406806187630891,13.809571558872312
623.447293958126,12.970311226213113,77.60712159036966,0.7002118421017473,0.2187891066842387,1.0552549065146797,18.716871293068866
3119.711445966136,12.966509061946885,77.59337031053366,0.6785305452613162,0.2220025330346787,0.8194989008685283,14.499533560114815
1864.6376111743707,12.976453599075532,77.59093282331423,0.5743844725492613,0.10195774292659043,0.8086838443673341,16.25265235151729
1310.3333409096388,12.963108951490097,77.59113136012076,0.6955455135755211,0.20193693045958536,1.006151978625643,16.37291171578807
1875.654610286776,12.974656655686426,77.60318373231972,0.4373315244001388,0.22074374495445528,0.9994313381708124,18.252801541137558
2315.4746423441507,12.96428745431187,77.59825181040303,0.6837043689194159,0.1958145071430489,0.7806504413910849,8.461815515964517
1895.2553354617871,12.96262340614725,77.5975128366569,0.7063183668807755,0.21790244194282854,0.8468640118423134,8.694409149162292
500.0,12.96522512565175,77.60255234249257,0.7241914984321498,0.1329138878321843,1.068909313107739,17.686843460408706
3397.0661968871323,12.96784592553516,77.57408947592147,0.543589823652072,0.16120678472198707,0.9411667328215904,16.42544985997345
3774.875041278722,12.971111701640664,77.59770068823875,0.7224816736691474,0.25174690815819667,0.9787161518018173,11.897425407245516
3151.521991339506,12.973954557951112,77.59678568888874,0.5958568730135457,0.20002858328228884,0.7840953457470643,16.457235636066965
1362.3143295751834,12.934716347085716,77.61128808081301,0.6187530167707666,0.21699394906574543,0.9656644524537179,9.368159159584396
2298.508466052482,12.963523494422533,77.57931412017736,0.7717931385822664,0.17267394196457106,0.758045845422912,23.0
2493.478684770542,12.96768430022644,77.61017186632377,0.9014113723359743,0.20097470116384283,0.7020178634399314,20.24628554731177
3098.79438956191,12.986650620386083,77.59535409128925,0.7051358758802679,0.08489939099324006,0.9726823960180868,17.489210709631493
3168.340488718081,12.96079997391618,77.5994898953066,0.6182904541359767,0.24230059692103834,1.043444516963449,15.302521482709947
1765.826201221504,12.973227966181,77.61135918787609,0.7188670447509998,0.29039664194762355,0.8746213924250832,12.525087820778811
2581.9955564135603,12.986550303097358,77.60020761268005,0.7939029157499145,0.14674912253926797,0.8453449318145542,9.759255042616505
2957.280404615241,12.958470314700527,77.59860368289462,0.7620997565872735,0.1529833906245216,1.071084865624637,14.544709490042305
3955.8223221467665,12.975539752258644,77.59702291185802,0.9743112872463746,0.22204399491187413,0.8805216630885393,11.560957457219502
3204.506539824723,12.963577281660655,77.58976521865006,0.6284662430905332,0.27369396452533734,0.893423127644274,11.794232605387016
3289.056687375519,12.966553662577109,77.5943151087549,0.7252231479919298,0.19989513413085278,1.0693957226440336,9.332973440901828
2583.826627929361,12.963568891660467,77.58744487233878,0.8548917953418202,0.1385340989593748,0.864641518697179,15.99865220772442
3910.459145203504,12.964281426915841,77.59415433100574,0.8486159237018531,0.18956913816810636,0.8345972390655134,13.492025976708424
2909.7627959594975,12.998819121479066,77.57124069302945,0.5049922073475619,0.14850339598441037,0.9815508224137088,17.14028629930348
1638.9120898264296,12.980044558720717,77.59889039567568,0.6996642379960019,0.16655768535656118,0.8288143845620884,16.828395174619153
3903.369970125191,12.982617378617862,77.59338262746216,0.84845207658487,0.18479794504233418,0.8855398461877818,15.91785852031865
3197.9032725390275,12.976519934868366,77.59123796263333,0.9890642990399137,0.15353377058791864,0.7680841398287801,23.0
2056.955978871518,12.955537432115982,77.59679758083941,0.7703795883750818,0.16110471379127175,0.9185397088376513,18.294822054262177
2020.5070326007567,12.975549579703234,77.58026436077034,0.6632136706303516,0.20372670001111218,0.9068097487203093,9.957735957400407
2796.5755451407617,12.982329296145075,77.61389269996621,0.5990796847562609,0.2107517906068615,0.9968020274723144,16.834945791685875
2963.184795267585,12.96306600525961,77.59357232538513,0.9218743357530849,0.12880098330895165,0.9857256536661732,14.783925028126044
2697.2922656312066,12.981253266671612,77.59314155567027,0.7728741586465758,0.21981908612546688,0.9551518008469582,9.633877716694132
2811.308673442885,12.978643362098541,77.58494603789867,0.6151933073114582,0.18090330684343012,0.9394255692781013,9.313468479693434
4199.957374576381,12.990120400448138,77.5948394638245,0.6796843633666219,0.23601307617763045,0.8926745886247659,16.812811669118275
3571.5431522348854,12.967422169874864,77.60846959890273,0.7310186516828704,0.239024876034393,0.9609555968995803,17.79019013951426
2690.6355912650242,12.960623890177244,77.60495916209432,0.7543806653888118,0.17277294095224757,0.7887667826331013,10.814971202701894
3441.3105807674833,12.967983718906275,77.6031443775114,0.610038134245421,0.23070738470188668,0.6651033928145691,18.880668212778577
1467.4760964724605,12.985955709931636,77.60006398951667,0.6385809581874506,0.1581521980150585,1.0161917671212894,16.139657587261134
2897.927049946809,12.953315941191581,77.59101457472437,0.534706543762704,0.2661881031417645,0.9674160462247914,19.783436627770076
4309.30634973311,12.95091624284569,77.58009836832963,0.8039762289604782,0.16004318995717676,0.8873013565720086,19.35848159335697
2281.954104607626,12.972493952789316,77.59258961228133,0.6658381533229684,0.21763748043127568,1.0074558608445987,14.366252338388032
1652.3660713809152,12.967174107072259,77.59224128535466,0.7466321649183292,0.190619542767786,0.8268502583053473,21.54239892040838
1847.9111114069392,12.971677278931757,77.60508794439671,0.8422258508576327,0.14915527428811995,0.829450746791685,10.503535639518134
1410.3669626576116,12.981053117712358,77.5976939044246,0.7219870142373945,0.24504578808926547,0.8155862276305833,23.0
1715.2380918722965,12.966074306538811,77.61072311527903,0.6887029524050932,0.16929340955666045,0.9567621975115885,11.48485727805642
2129.491901409971,12.952869941690695,77.60657488540038,0.7193921476883933,0.11499639175108468,0.7417041922785247,14.807989073289278
1094.432980821358,12.992044815572,77.59003504390496,0.7063193603850226,0.05589933184159851,0.8233038393217958,12.731246805548949
2515.618333949603,12.961627717125612,77.5766487080338,0.8246164997877945,0.15624776527860146,0.9289715023236136,13.492836048481042
3402.277173786647,12.961009628779879,77.60845575233941,0.7310838397538789,0.2687954209649487,0.7795848924077389,23.0
1592.2438198530795,12.982637200137226,77.6081938522323,0.6455598980421087,0.262886923375183,0.8339689594338815,13.149117250355689
4019.2839236417685,12.967755108789586,77.58093788409097,0.804784905688975,0.1640700798826234,0.6788432422885436,18.404433489171687
3010.792088527595,12.970966101479652,77.60969240019827,0.8230484356358352,0.18127725426493105,0.9605806649401538,14.058388354854332
3530.580585624057,12.976427901240603,77.59842117170592,0.5661669373179536,0.17675434622219888,0.8312164806657721,18.74620171835099
1842.165446147863,12.9824358310311,77.59620685498126,0.8532783884768105,0.13332839272752156,0.7900718749858846,12.823361926516032
3354.5252270666156,12.968265393068183,77.61074783254247,0.7364711773208485,0.15255840641883286,0.7704977274041425,16.024528374636684
1408.066099604687,12.986799520059144,77.60804685173231,0.7283269950146598,0.24905747597003924,0.85817864877949,17.51479320189097
3390.2475008365086,12.950242001512652,77.60111330951995,0.8006624631596515,0.22519439356897003,0.7419844413108561,12.112754186654074
2671.839339793531,12.97919787236953,77.59933217065812,0.643302360899572,0.21365444292649446,1.0942379677148668,23.0
3053.251219984784,12.963204724419825,77.6007639429053,0.7954164514190923,0.13324266941695706,0.6615255382831015,17.72376417293519
1324.4053943751483,12.98532271316608,77.59059942566117,0.6623224530262144,0.2050351607016989,0.854938085021351,14.096116181930496
1604.9301577233953,12.973020444788306,77.59404898550268,0.5525049320289661,0.08480775152559893,0.9106906929291255,12.21106193259723
3097.2282182533845,12.964870946679907,77.58557682845405,0.6002243720893066,0.24214013456302666,0.8224620995863445,15.366892094507927
1551.6519957757992,12.978228410930218,77.5912696022426,0.7567021832903226,0.2129287450368571,0.9212131737293116,10.136007957546122
2963.206292099123,12.980531883472073,77.59093366121331,0.6054531660005341,0.1327383773950085,0.8200398425053839,22.129181055399773
1132.8621935397543,12.978018941228587,77.58824694630378,0.8610076123189649,0.280821277874502,1.053009446367315,16.725015089604323
3348.174212666668,12.96130303760367,77.59596746502649,0.8189283453439642,0.11019176704157094,0.7881122985890223,14.64805573035442
1267.4766852314908,12.966759828763779,77.591360191493,0.8333439166032964,0.22651530911248013,0.6648776058651681,19.18391141742685
3052.2999376795233,12.971559271628786,77.59962234720352,0.7124778579677411,0.2277585884489331,0.7701500149546678,12.11394088765613
3125.630933646001,12.9711874034735,77.57837679386706,0.725786161729496,0.138016478032376,0.9386494774813713,10.37616165427825
1803.228181570425,12.979097454754385,77.59346645205893,0.5806288145755722,0.19810746545949418,0.8882075620451135,14.47946771308505
3082.026567084727,12.951450987674935,77.59591551640177,0.799578351015749,0.11815860789235685,0.9752132907982117,15.510174597878361
2760.442263333556,12.974943270545536,77.59149370760163,0.7379833455037085,0.05768128418365934,0.9501744616710966,17.12234482637108
1961.1581438072617,12.968700186455633,77.5928760730019,0.756730562529226,0.14660618865341707,0.8363719650274797,9.094888334271094
1491.445315923792,12.96321499383616,77.5787475398927,0.8688311811452881,0.16916875288690017,0.8510916506204453,13.174732679923071
537.374308327421,12.964175132222305,77.5981647710467,0.639403701605249,0.2322128090405396,0.8614671224346774,2.66614082732578
2849.6500472996936,12.969454623354821,77.60107605982567,0.6873858450122682,0.203370404253041,1.0884346083496652,10.270603316375635
935.1972286379448,12.935589148955405,77.59953537294204,0.7326670921542168,0.20467727296930732,0.969082231468737,17.86104613480162
2595.3441994413083,12.964587104292084,77.60498727059442,0.6064564594541293,0.14927891883582076,1.0891686899178505,18.844103234298938
2236.551783917751,12.962841851753538,77.59661529605782,0.681240117872316,0.17349943479793067,0.9840779372341815,10.431981858747921
3179.1427754381957,12.976927832093226,77.59938681180651,0.7492949810466969,0.15350366950654196,0.8936416605078449,13.701581803702497
2197.954500510136,12.963544733174896,77.59616090738457,0.6674578728627169,0.1387512996485096,0.7980638513014335,15.102424620511977
2170.5522136529084,12.969448861998295,77.60147550719593,0.8308989409729112,0.17031502865063713,0.9201519671148743,19.31244055536844
3231.8707042882957,12.987022766276613,77.57882770363868,0.5489075438183005,0.2037256192548167,0.893913082778377,21.116379466067958
2835.0580290841176,12.981543515198155,77.58566419032022,0.8122771240233342,0.17136807402878984,0.8906352714661786,15.61232902089209
2816.1559571827784,12.980622713999434,77.61046899657033,0.7661185474816005,0.18382486652875135,0.8790900923100751,13.957533377671073
2969.2675898085263,12.966601275695892,77.56999564177904,0.6431171412443408,0.23474574054556951,0.6947537292423778,9.225225565197462
964.4278767928943,12.977030322792897,77.59319822070175,0.6075591431770001,0.17496227906546483,1.0260839816534655,15.432276938244241
3256.788679986982,12.969261021995464,77.60632274959607,0.4919717382757548,0.13330166845060543,0.8949546510782683,23.0
3112.4687940136023,12.969639067893231,77.59366739334459,0.6204824987586166,0.22817267608006198,0.7585746883971358,20.160770199749276
1483.3168714235028,12.975696853437466,77.5905498892855,0.8047176655002997,0.21329248242541424,0.9481762709073646,15.69943318503562
2255.919526325799,12.96563006411579,77.59589421676816,0.6943914273721326,0.21643297490861574,0.8144163831393472,16.213511234800443
2460.692712372369,12.986530031044433,77.59106879819997,0.8162980880391841,0.2312919328767855,0.9562140622970783,12.245934554191773
2365.503215598267,12.969998698604021,77.59490849492757,0.6380128929375447,0.22283207636539726,0.9881656460512461,13.571457484893909
2833.8599665685347,12.977783605662598,77.58776618963479,0.7707106160106563,0.20143643462356522,1.0019636490669317,15.590396702337395
3931.3667818311833,12.986156004792573,77.60568674419956,0.6282501397915577,0.31957263314260465,0.883908327334518,15.60253736127377
3581.766727672829,12.981916537745752,77.60883264921065,0.6034424993790161,0.1357515626849023,0.8586222271981483,19.04299973161224
1187.7808065685938,12.957510808973096,77.59326609677889,0.6892872782829323,0.17067913607557209,0.837446163973533,18.848331730965185
3122.0699903060486,12.976048958950098,77.58073510579308,0.6335033488680003,0.24836671823390835,0.8277443911539504,17.08226712084433
3828.9333195354093,12.980107193944606,77.58936156829687,0.5457177850962787,0.20712931460477874,0.8982769935789083,11.003415287202845
2886.808520689203,12.980518630221608,77.59276011339897,0.6817685299283006,0.23789615170056194,0.8790656937608261,11.15433871527279
3590.980425185967,12.960467051658854,77.59965538876904,0.7106435416431288,0.20848782147684358,0.8174696184177834,11.448434118861657
4512.270445700765,12.965029647629827,77.5845198677683,0.8268358611496067,0.26870282755799907,0.7856215246197096,15.942081156826648
3523.709546106981,12.981545582357416,77.58690837681358,0.793680567713306,0.14962445721833773,0.8891243907741417,6.894715780975433
2749.308595641729,12.963982396293174,77.59970676137858,0.8219943199232831,0.2671229944703355,0.8565802382056169,14.974899710141514
3545.088474084753,12.968603039433358,77.60398908832039,0.7720357498393507,0.25854982466021337,0.7858633026718135,20.634570865816546
2644.887833096891,12.98735875809502,77.58838405954829,0.7332612758949975,0.139485544288481,0.9830571013421407,17.66730413872256
2523.9030432849554,12.971122007496152,77.58126782946049,0.5771055093528107,0.23153327049438366,1.0772092750825248,13.597089556216865
2148.5857642862675,12.964332258621662,77.62744118201287,0.7149872197935274,0.19784800338817055,0.9962588213984225,12.206978345000879
4063.4133588321083,12.962823826431372,77.60243304237089,0.7596793777330814,0.1696708990440468,0.8279811988323956,18.22286113910673
1681.5713340579987,12.974927193295853,77.59192996238232,0.8457437949370435,0.10556904051411403,0.8949770315410064,16.224221464209094
4032.3677246781162,12.958268519915228,77.6032903127553,0.7686288541731813,0.14945931644413418,1.0540428951687462,14.014270189669038
2999.8641237403713,12.969126640361036,77.59335543370285,0.8240383434605422,0.23540560700922947,0.7826300357222506,12.643876484375435
1100.6938251980584,12.9749323053499,77.603271568891,0.596800210863476,0.24069206346302785,0.9782595126685225,15.305531958749096
2867.6492929914216,12.984591498205477,77.59619393197777,0.6673582373851904,0.18946447597119143,0.755191679185601,13.787852944052046
500.0,12.9782754808037,77.59551271898168,0.742935071366127,0.2408492571571642,1.0684037627431329,18.137518279666857
3125.508016831036,12.964459348820178,77.59346418131769,0.8160952690742561,0.24726300389470687,0.856968547524901,19.964676383914867
3385.231482988991,12.983384193175638,77.58012618666537,0.685477135416108,0.20773199793131739,1.1229043724523813,9.531000688629135
1907.6440443479464,12.968604849624526,77.61398094899393,0.6917554040850846,0.1638833188074898,1.0728063798641831,10.09672170988464
2623.547695955582,12.959242969779506,77.58518466079732,0.7687140306002979,0.22205270564078225,0.8893569490418612,20.392224750594927
4454.157433750286,12.969879586407346,77.58099976423689,0.5874129172854875,0.22434923538294319,0.8280594626889589,15.66327577065582
1994.2532957380633,12.985981692011457,77.59247140117243,0.8607404549823429,0.23369721951751551,0.9194775471890914,10.473397452844633
1441.0924129433995,12.97325240050065,77.58498528186489,0.6120863906892314,0.243270163500112,0.8819841033353436,18.933006426642567
3981.6634024625987,12.971725218643298,77.5940828720944,0.5081410576440697,0.13189177140393893,0.8598433036414408,16.36674039955533
4462.587190530795,12.987972116447029,77.60147763848562,0.701006700852258,0.1745035377317129,0.7341886745421703,23.0
2503.6956718478473,12.957286451529455,77.60455302900529,0.8698458702375564,0.10506893271560902,0.8485446416345414,14.058793290937835
3511.4630354083565,12.958744008859473,77.60274730721622,0.758645313033361,0.2373498019177674,0.7889520878243761,19.43481598827485
3841.475915530881,12.955441535290332,77.59154367945214,0.7751090543003633,0.1893844276009792,0.9551647706425237,9.20466224346896
1757.515767461616,12.975326481864801,77.59509591827661,0.7041385762307114,0.22154070353487076,0.9991071316597425,20.584110200654287
2014.6941646321316,12.973264931271151,77.59867879050897,0.6847622502728823,0.1262160625904921,0.9740684003923596,18.776640232844617
3730.874513154735,12.987027363672798,77.57702212576058,0.5455090630406884,0.27004904248465256,0.9342375089627507,21.417389735175092
4185.01427870851,12.974034750771368,77.6003058470012,0.47406137420958133,0.14028304176903628,0.8147092932859099,19.44232127003494
3062.880860174355,12.967558428405207,77.58002700712416,0.7196272338440863,0.23872816521912296,0.920540077260191,14.603807256497289
1620.1856464979458,12.971617948728781,77.61500346598906,0.8312549194340226,0.2058975085446271,0.9792765143644376,10.315493743852565
4487.061111699441,12.97277707418461,77.59055484915358,0.7344133704828065,0.19052786112369105,0.841376442560027,12.591788398543848
1969.0291021880355,12.95488238726672,77.59275124822805,0.7623599527052013,0.18649199466939131,0.9118986421395007,7.955398451207522
2164.862218828548,12.998703316443349,77.58690292900762,0.858371754563954,0.16809684953419352,0.8854538410730077,11.31640387526516
2842.3378344896214,12.97679871018102,77.58830029968145,0.7328766851441058,0.26475980884503847,1.0662366669610486,16.70344539683373
4054.160420714774,12.973700083080226,77.61734093569143,0.687734489969238,0.20063064171761213,0.9851548135264525,14.808988484699254
3353.9759765522235,12.977751639842786,77.60400369688624,0.6181475194349935,0.13653892348233898,0.9609159611748391,14.105639439471116
2914.8655003619106,12.978694109805867,77.57910797554852,0.9022212562972085,0.180801989898258,0.7283306266034565,11.827588336210008
2963.2885301181063,12.970194465144976,77.60964212900686,0.752654777915368,0.20641695136014693,0.9172837326767583,7.910403956566859
2543.514668643466,12.965287588637594,77.60653242275141,0.6056398284080668,0.24489026407226627,0.884498657107543,15.728332452949
3058.139514518506,12.977594506863218,77.59178787537712,0.5828832332198762,0.16976901397413965,0.8836342889430128,16.516640769874574
500.0,12.975457108405315,77.5976669694203,0.8253063726928912,0.17311117220977262,0.743658652725836,11.033745759813137
2203.392540930202,12.963501099009106,77.59445055920578,0.5962558303591674,0.20117160635737028,0.791223137770243,12.86623891934512
2741.321934916781,12.985790356113673,77.61432579904447,0.8853834157502221,0.2436712409973663,0.8931982512094218,21.168533816357716
1348.9859163804929,12.97453352036323,77.58663709811007,0.4243537202909288,0.13156227322019853,1.011435577819046,19.637991814294537
2886.32331781156,12.978898193622676,77.59606010609775,0.8422595197789976,0.2252677315495873,0.8409475430160577,9.062301753084196
2295.5287790138786,12.9855192088768,77.59031854669007,0.7486894811161964,0.1767968734935672,0.8600061272895733,14.661454451076976
4255.47569831549,12.971818888211649,77.58026959595382,0.7118594423056873,0.18377837091257568,1.0781091995286207,20.819822729489008
4073.0197252148564,12.974769520069842,77.61651638255054,0.6824541564958236,0.30007878725648746,0.8703177610832163,14.134316010769922
2034.1944308818372,12.979700272385061,77.58278433420898,0.8890729848594029,0.19017653877242374,0.8871210476146419,13.924227246371348
2349.1622884333046,12.964351389162,77.59680129187488,0.7707058858401203,0.237734687515429,0.8884755217948259,19.370950506972306
2426.052434391607,12.97214051662846,77.5771929939362,0.6096796391104549,0.23594569186016745,0.7654494853595489,18.948276977100864
2048.3405238403775,12.972855485866512,77.59060929460757,0.5281090043971118,0.14099880429507466,0.9571798123415115,18.7412133815224
2695.0249840281267,12.962039414483167,77.59881968821433,0.7177297213147308,0.10773028373885479,0.8347123881415661,13.952061003303479
1741.7179311124098,12.99477636788674,77.58635266020498,0.6998928866462585,0.24104910462084556,0.8969929382960262,17.651552065100187
1369.3846650624737,12.957527065565076,77.60046801850736,0.548013196262449,0.14582269037757406,0.9444372964417798,20.978982055820882
3122.7112239002686,12.958618960963129,77.59190958908111,0.6944606474517664,0.11679085227144864,1.0942557589035393,14.800505206125692
3129.529584221811,12.984742265757037,77.60620082512399,0.6426065366925799,0.25130811074220993,0.7682229955453757,13.38636151474532
1695.6842403400076,12.978732662507966,77.6082176091334,0.7009290068306694,0.14902866331122036,0.9864982185066224,19.92029055635854
3395.3554307625996,12.961340351825193,77.5887325523927,0.7725923611648402,0.16137412621578032,0.9868723256173968,23.0
1868.4222708346686,12.977672890151018,77.59536732859392,0.8492609947464035,0.29871865775446477,0.8361785227220727,23.0
2753.165238037981,12.986278504449974,77.59643454226472,0.7908889036369287,0.11701323193092145,0.9599503848051982,13.501954000900199
3320.344012612456,12.97129736942403,77.60079349295435,0.6278559250169794,0.13718569792965374,1.0643436151291892,13.903839002012433
2466.387435296287,12.997588229000746,77.59474381996245,0.7368915128829194,0.177015092876304,0.8235028790787559,10.8833506674538
2954.7409121411342,12.95435938189132,77.59650210959343,0.7063107121492024,0.18798715800827892,0.9241469797135156,15.472209297659193
1983.5703561124283,12.978538234538592,77.59216593525205,0.5667871045369098,0.15531273589411734,0.9404801363939785,10.703524274169933
2303.5334165719028,12.983265283362211,77.59575239866972,0.7398232784692272,0.1420672451338542,0.953417885495355,12.893466233170024
2294.1405691196596,12.980513439016052,77.60757940193535,0.8856672337917714,0.2754997162215966,0.9769291760716013,17.80451919264956
1753.421653459761,12.969556442733545,77.60106083241212,0.7032426604187003,0.21314930620523578,0.9166304828252174,16.559909640557585
2323.225836884218,12.968695585179889,77.60161255639443,0.5405817320274598,0.2292584372104594,0.9513436186348002,7.757114779331891
951.3817011362532,12.976041451710874,77.60183070324136,0.7030268671108618,0.19313874117207322,0.8088526349876277,21.281169193097547
2008.8462528578953,12.979757544866521,77.59306191222119,0.5786287801026749,0.21447274744295683,0.9164003493639558,10.652015651393054
2215.124506630329,12.977624734362823,77.5977882704358,0.7863605506886288,0.24664508305547955,0.8523658734319486,11.156264304483987
2243.82024750462,12.982000578907934,77.58374826321665,0.7524864991725129,0.15018504927273327,0.7770171094845912,10.044311392942202
2258.502554129221,12.961411300429333,77.60728807656317,0.6829089946525256,0.2132417998258991,0.84908554505631,12.354866645743964
2438.235800139871,12.969322290208764,77.56677039567657,0.6668835734144178,0.23480211567039458,0.9269456392198059,11.412774485336689
2979.4415180860638,12.962199840678762,77.59372851607665,0.6787765698384453,0.277239867319213,0.9435797276370194,11.51026623524439
3374.517074132523,12.967738872239138,77.6060089597715,0.700827449434232,0.2973945489900881,0.7731540879077229,5.142911793074221
1850.234773151733,12.981752208918143,77.5809613206637,0.6227764978658458,0.2034929898490881,0.8062323283275129,15.519709568215255
1296.7991446108556,12.972679839207252,77.59859779917616,0.5612246918998562,0.2569319474843567,0.9724656279693221,15.928260671262239
1457.955587756897,12.997668591631498,77.5877923355342,0.8138698946694648,0.06649160333142265,0.9508148092615863,23.0
2012.797078805073,12.973534063671897,77.5909119673481,0.6614599023503042,0.2776141454688357,0.9887102662046353,16.94536399066224
2148.078682183491,12.972196918805798,77.60405940960639,0.7167043104169144,0.16370581691395983,1.036783042717656,13.013643921127418
1730.0039338025426,12.972661829194402,77.59658056925885,0.7285281951167494,0.18794512755060547,0.9537887109590599,10.197140086106316
1203.8833357501055,12.965221913071401,77.57425644132115,0.7322020479655214,0.22205522421835105,0.8585192372829128,14.614894160802953
2043.8791725258118,12.971021633876225,77.58483574460269,0.5826182002901575,0.19232788163422432,0.9114849458081917,16.79489155757024
2681.4266201139712,12.982877880271117,77.60435335734888,0.5324159835448152,0.20982266897840673,1.0659897100927382,12.986605522723819
3095.0294658355647,12.972739706681278,77.59908942718192,0.6411307475308008,0.27938464841130717,1.1764448997785388,15.244064105394289
1942.5769468916787,12.963665402701166,77.61208135572524,0.7395711532416953,0.18078899773270143,0.946309636574236,22.58941637623528
2087.002177856566,12.962349153795214,77.61142647594014,0.6272050132525686,0.14565380917497234,0.9535554138811306,13.463559491843348
1573.3016911526893,12.967097981083342,77.59117754869852,0.6645078646300766,0.29067319286492754,0.9725708366997416,7.452897780830044
2468.5608296252235,12.972338634344108,77.6196323780507,0.9127297413749568,0.2263382108502339,0.9023792845819363,18.493947149565738
1651.5713658091854,12.983535865354764,77.59484479669852,0.5154576115195464,0.2961119487656732,1.0163853902342623,16.257285783260215
3073.1278132412,12.958195113586337,77.58497331465591,0.62449660040895,0.24318149552894522,1.0008045292732852,8.164031954968348
714.1335080658889,12.968401737221113,77.5882636013409,0.8896604068573928,0.13382028039932817,0.9354376447148817,16.710574709105178
2140.3703275475377,12.973043100194351,77.57203274894711,0.6955401328004777,0.23226923358784407,0.8681980093994385,11.008545803449014
2801.107339191742,12.953262942323706,77.61067019008249,0.6294014834501089,0.1508025967058723,0.7479303612622863,16.765289609457625
2683.8345163225044,12.963264017170337,77.61054761989044,0.816876891701112,0.20037159012198336,0.973241354761425,22.629054036817166
5193.033663980496,12.964801114602638,77.58444492561186,0.7055230436481111,0.19621427981961212,0.9212858315226105,14.292122662627115
2849.8000245679077,12.963640296261495,77.59232115711617,0.6651691604955994,0.1191168097683472,0.8262232269345899,19.333084796145947
1495.9454031579899,12.973518895450217,77.59555607544112,0.719236892703751,0.15935947552191068,0.7870079735005373,10.086050728590491
2404.535752910927,12.969994403904982,77.58499646947858,0.6341891190617234,0.31025936500795503,0.9661432849383251,8.922323414649277
723.7536665335483,12.96604713897399,77.57704897968729,0.5982508937111921,0.21191887024205824,0.7398763678383036,23.0
2419.400250703239,12.975879626265527,77.59249642396223,0.6886403072365251,0.19122019326685238,0.9299641187443806,16.23126005422535
1666.9439429992412,12.988830747176463,77.59138920570541,0.5989003039923992,0.2906445109970463,0.9843550409168894,17.54667976464535
3415.3902755601616,12.987992565167419,77.59071588759011,0.701069331179648,0.1801882344965416,0.9549892886416623,19.608089211381508
1950.4597254044652,12.952372282279377,77.596827160626,0.7354406567474339,0.195428981901544,0.860926022564156,12.888740760808169
2383.2340842047533,12.977370721838351,77.60889519658527,0.785306045605161,0.2495401428061425,0.7750625515525086,18.30046543905067
1864.4421585955965,12.969819767099363,77.59156907280308,0.8127924985516827,0.17996321006918253,0.958701923979519,17.69417664923527
4238.851351853331,12.973151553428654,77.59630442998721,0.6594263498367747,0.16267396303237494,1.020052309195342,9.820780716870543
2178.7572338820883,12.967617169664575,77.60186870523745,0.7499414607939069,0.08731217923196413,0.8427266645256959,21.051941245650745
4332.557043479202,12.972775886298873,77.60014142926512,0.7492523446206356,0.15317508433086194,0.950690820029286,20.227442063918133
3314.1517621182666,12.973114073960721,77.58845576475552,0.7327818715815984,0.15269861270051935,1.058151511873181,9.865131043849086
2982.066727335386,12.96581048242651,77.59556377123114,0.6520540589049542,0.2079283347734305,0.933884709644161,15.80114576584718
2868.7331473175195,12.962636324521748,77.6000753982017,0.5971932187535889,0.16947708671361122,0.8603119855122212,14.075681052348225
2893.7972982162514,12.967113043173805,77.5833164866249,0.750200188906656,0.3079009505428598,1.0040853540063157,20.67322987970375
572.3274206543899,12.973942592644567,77.60723539010796,0.529313743780695,0.1471185534882597,0.8262439025842188,9.357551975525556
2221.1166058492436,12.977589963416843,77.60891588905214,0.6732160567431689,0.2700323343428703,0.7701807984946977,23.0
3345.1579711843215,12.980133489773403,77.58737219744556,0.44463689843514015,0.21098764775637746,0.981232119114598,14.302063322512502
2451.1028165258945,12.966658099769331,77.59653670018348,0.5663597576641736,0.24033870178561947,0.8593837736516436,17.953780664724764
1094.8101531964248,12.974438445673028,77.60102278256672,0.6122866061552575,0.2373009797367935,0.8683478985996316,20.54999332801121
2447.5955494225304,12.981225025919533,77.58914385843671,0.8096724207629284,0.08908822348437917,0.8373059364448929,14.216002627319423
4204.105516255491,12.983255948951442,77.59941613845687,0.7688108024404269,0.19942236605117214,0.8527182604445916,14.540232457618886
3746.8917155347194,12.971011671458685,77.59623255626292,0.6446065316157757,0.1868885931383084,1.0403033427526867,12.988676424725488
2437.995990633968,12.969390682750605,77.57992081822361,0.772936979512975,0.14335109526543666,1.0662498765783668,11.458137495475528
3451.4492770580864,12.973511242338365,77.59919161315979,0.7887622963380396,0.22298130186079343,1.079497863614461,16.08743659117088
2133.4929796319484,12.960102925271027,77.58359857583729,0.6839335151625278,0.2858270157938736,1.0090120621177512,14.458933279300181
796.1284131732812,12.969663904889645,77.60399202851661,0.5615621855786309,0.06634981780579671,0.9466271259773238,12.962503206698017
1575.5340118704457,12.979045863984732,77.58788788924866,0.6792087689933886,0.17327651620791396,0.7567714408066887,13.196144207865194
4062.8887685081977,12.978019471294438,77.59298714566339,0.6902107594827863,0.13771169179431886,0.881247529709965,17.304933815572568
2226.006918170696,12.968897323956362,77.60832278913446,0.5767545609169773,0.20358889131188468,1.1156754488623688,11.809745882597824
2256.616020624982,12.973777182010872,77.59956381646529,0.7367046792929968,0.1837189358425002,0.8564378421247346,14.012140926431082
2200.1618037251196,12.963353496597094,77.58380526080425,0.7279811854302355,0.1697161393621411,1.0514144474772276,18.594669567156426
4404.136589573007,12.97863492148225,77.58445083429201,0.7445042699894187,0.23447534141645296,0.9055035819030545,15.988901880277199
4125.958915362064,12.970821785638636,77.58860697211377,0.7278923097167443,0.28180906505285497,0.6321857614146854,10.801762934565563
4718.780233448134,12.968840485483039,77.59854644083357,0.7729843035114983,0.33306593258789174,0.9640485563668963,14.90451572501212
2340.9547895999485,12.967982761639066,77.59818299814933,0.6820671972126968,0.1630185475765706,1.0266254696178312,16.74808648457188
2795.6244887470953,12.970971061331001,77.58616897695337,0.7201785107370953,0.10895622240909654,0.8951004031359456,18.95708876494497
983.357450579209,12.96712122355068,77.58292790514386,0.6602259715754467,0.22795982170391701,1.0233051004485414,11.978485333020398
3976.934426118274,12.978181430360026,77.59741583405086,0.641550078437805,0.2805242367661602,0.7332172485582913,12.765881109195462
1332.220448732065,12.967647164519839,77.5927813993421,0.8338249630762076,0.24068449835203642,0.7614435736100631,12.219360045119213
2716.775563762629,12.987529640960274,77.61617215887448,0.4956231298473503,0.2803173519765156,0.9204864308085687,12.417919202432845
1402.697472367156,12.986252105034815,77.59496603656564,0.7876759989154264,0.18872566646989405,0.9477114727817532,16.62001886278846
1911.133173261304,12.962684565101455,77.612742528277,0.6379459124554339,0.1695212780113436,1.0356578868592279,17.377956519534596
1662.7375689502996,12.972297042694294,77.58289616401896,0.6249961822356879,0.20577179537006562,0.9638924466748561,19.203613971532334
1892.124739324182,12.965093433786638,77.57886787060438,0.7261577484065407,0.1834723406316556,0.7806370910634957,14.635300363696924
1960.8772968510214,12.968333524368115,77.58339914867474,0.5510390387648997,0.23315470106701722,0.9213045622074386,9.3787081808821
1951.7312050749229,12.991624274676449,77.60649129781453,0.6183976928053796,0.24848838890017455,0.960072744528815,17.677880657829853
3333.333911780307,12.968524285828842,77.61216101589693,0.6150860353487008,0.2524041832285943,0.7125766001302871,15.636574713630335
1395.13720693748,12.975202260370775,77.58677820546048,0.6778601741814905,0.22552963354021952,0.8956366530261985,15.239877917264012
2720.5414270138667,12.977013212940083,77.5899943397024,0.6195862311839311,0.212291116333765,0.8664417456061775,9.86638604675511
3717.9591523055583,12.961593706275169,77.58291019089788,0.8601118685639269,0.23972133446254243,0.8345306926254255,14.216656545578637
1986.803635486604,12.963049045255909,77.57648360152882,0.8797016516497954,0.10185040461736394,0.9498777051752673,10.225380855497125
1782.0811092523982,12.959539776285919,77.60178411697777,0.4978006477251936,0.21052853761669713,0.7850318473442076,16.927859953783038
2269.475374819749,12.962740292661023,77.59683020302963,0.7544322704765736,0.20262390285852255,0.941687951200365,13.28042388518464
3679.72520836071,12.94309969890683,77.59470487982674,0.7858663439077574,0.21065401979857776,0.9559491129208895,12.921862414541767
2694.107630953358,12.977045824007936,77.58059943462837,0.7542985202391105,0.19561882268728845,1.0083763310260974,8.851378067643871
1968.7857053924015,12.992141938412562,77.6109995668183,0.6341886506908305,0.2215927746730808,0.7876580737207395,19.10838347873617
2983.87665118804,12.973078207390365,77.5895664326195,0.6755904437841458,0.17126985392329924,0.7494765781645453,13.965741475082577
1397.7078501635767,12.957437311406595,77.59993626424817,0.6251725345222304,0.25647617147268154,0.9278903607339012,15.34792308135103
3181.359510442948,12.965172236171002,77.58005438594755,0.657973596884117,0.2236824888706737,0.8713728766132298,12.058039637229781
2908.6073077017677,12.967011231549751,77.5926947481038,0.5790034971332824,0.20753429289419306,1.1902650262493721,8.397699760133383
2192.191528861116,12.961424152227867,77.59751374456239,0.6885211178365449,0.16512417146819403,0.9458498476242932,12.873497647290986
1661.414201552769,12.980201826383952,77.59787075218053,0.549719828869493,0.24076584426039527,0.9058161711704181,13.513834648909146
1613.3190777165428,12.979702600443753,77.59614648543237,0.6799865445771862,0.21033298492472458,0.8827172044323585,16.17104008365937
3034.81733634591,12.960045482061824,77.59954522492049,0.5751418310900235,0.16222583032315419,0.7781938154560551,13.579870356443472
3728.980502489062,12.978850810444476,77.58329479543967,0.7206816361791404,0.1971669228793381,0.9563881552954597,12.126604561210883
1862.692252971205,12.986868126635773,77.5965737260544,0.6320580439057109,0.231454130962062,0.8920854973729202,8.986642411430665
2958.386703551484,12.990625582052296,77.59573757683481,0.7290580347874537,0.22757867694099126,0.8921686316570565,15.193813981690994
500.0,13.00025212023086,77.59691672684195,0.8081580728364781,0.22435044839040777,0.9094443325498656,11.81375922491653
1915.3822693428006,12.962580073505569,77.59532345217319,0.8589446936104708,0.20462656958705386,0.9221212529917245,20.283226135062794
2468.941067129098,12.999842204263953,77.58186787226087,0.4471995410979509,0.25129097666509487,0.7260744354082478,15.600586645352408
1590.3165830181665,12.968057936114912,77.58142200247892,0.6165805906126217,0.2618898251905805,0.9837023006370932,17.248411360131964
1563.493625210404,12.965675345446195,77.57245731814115,0.6696913922887986,0.23686613078377705,0.8153555625184078,14.004845334843314
1832.2204435311137,12.97487072374878,77.60277534509845,0.7460327818381483,0.17062743625721466,0.8861967802531373,15.805121159071646
2792.192728326373,12.96577938665907,77.60287657509735,0.534964549584547,0.14709691413547413,1.028590492066529,11.437138736918987
2312.670981593625,12.975590441406466,77.60303550291222,0.6017907593199784,0.1728030116514203,1.0779448592270113,10.287124697321577
500.0,12.958399228122627,77.59766789962461,0.7130357202657109,0.29768283739883616,0.7299505561373608,15.060524309394227
500.0,12.969212473979367,77.57326880782281,0.7084888241526667,0.21408479569136768,0.9030244827674649,17.281566620804306
1893.1348221428245,12.984455822343618,77.58433289508214,0.7377618406420092,0.30632209137631927,0.9272913185166036,7.216752919753691
2957.686586053552,12.97102938708569,77.59630415417593,0.7443675726888116,0.19399008282062818,0.7492469973808553,13.003586036783837
500.0,12.9730159578674,77.59595518002791,0.7338594433115863,0.18705931647535393,0.9802591364418165,22.368488431553565
2000.2698238483695,12.976352586047174,77.59237251786848,0.7193655316631492,0.19629717316779632,0.9116262677414173,16.91691020667982
1973.752143482579,12.983306616293177,77.59828917202908,0.7055739773326367,0.19539129599733485,0.9194159595694997,21.150584134761992
3888.337778208448,12.955047752878107,77.59471651707685,0.7664763089724362,0.1613174544066138,0.8082447081658065,12.463820192845661
2114.978188287136,12.977445240518374,77.59580770465551,0.47606773334357744,0.14255758659166617,0.9412886643381349,13.16837694002224
2882.9889847409286,12.968918608607582,77.58820934667168,0.8544333486971234,0.22506683135904315,0.9838223956389938,18.86693328137803
2641.257140087463,12.973266378953118,77.60442010986121,0.47955179491196753,0.2527450358798682,0.9127297883725934,17.494081421513304
500.0,12.982199501697623,77.5902922839132,0.5920838183095507,0.32224906503332007,0.8486064099036946,14.62246169576126
3268.2072166317375,12.959658133485881,77.5812935091698,0.6773239203349855,0.1783143546654489,0.8563930681953635,9.949936762925981
2715.3965054562877,12.96147355558557,77.58689000987181,0.7672612891089842,0.18236722565679625,0.9220395707125966,19.62740784890764
3008.2686396745894,12.952245700402862,77.59111533808638,0.4004733109200383,0.16143853527744914,0.904879737838063,23.0
6426.237706436326,12.966108410582363,77.60454002788369,0.6971875676058165,0.2562863714686784,0.9904822119119395,8.712535246812987
500.0,12.98490432344379,77.59417732001565,0.7792395039415734,0.24074937273981326,0.8519741712475835,20.614476598997754
4224.696649761108,12.970394128115267,77.59273851781035,0.7994518116028476,0.15615327090627368,0.7781619397259175,13.126795429370514
2212.5524805996442,12.958198751043453,77.58211336575238,0.6302670341502541,0.15489009565135287,0.9359386077320503,13.666125395847402
2787.3289044030093,12.96674321255425,77.60245482589829,0.6699164713044967,0.2476257379297949,0.8522470147001296,16.078557950153336
2454.4877546987577,12.956721382965094,77.58808047845977,0.6383851871107372,0.2191598075604204,0.9783681949036367,10.177906883440011
2075.7636666019566,12.960348138982688,77.59359972141058,0.6607325346473916,0.2379194356505572,0.9007538630457601,14.85144622022246
1930.1670717612412,12.975488189102638,77.60940183076882,0.5968173449271564,0.15586157608305437,0.9654813204364823,8.55498548879132
2829.5087355730093,12.95986126673694,77.5996876333105,0.6110747837529081,0.10611375680448967,0.7985682953269212,16.904329959112818
982.8263033283208,12.982726343052034,77.57831745952285,0.7434376922028367,0.15625174916599152,0.9143386263229821,23.0
3250.5791675217656,12.970888797091698,77.57690489763648,0.7131615373272742,0.23438833650056135,0.8300736792616084,12.44187404334535
2083.805595114746,12.972455947039446,77.5939568954988,0.7491586507590473,0.3055528989317446,0.777962634692378,14.325026646833154
1369.9306609596422,12.968816270323922,77.58247259385125,0.7214014389700837,0.1785268005236196,0.8138892121928984,14.522087295709007
2049.9871420041864,12.979328478385439,77.60108546747632,0.7704338601147596,0.3137927940938433,0.8455522908224141,18.94587437596401
3757.1492168625728,12.97943159887777,77.59502263064965,0.7878213998154995,0.2414909883745844,1.0244694527023852,16.622289476207204
1964.664912983777,12.974950543519123,77.59625384769024,0.5258283380133896,0.1303483849145587,0.842905960050734,18.681384041407714
2858.4536182096203,12.977247891059077,77.58753256818358,0.6145690349585637,0.2107016918905516,0.7728459749721777,12.975058659190509
1769.043724284527,12.969479103300797,77.61201383655286,0.6768624042509961,0.24319871392059306,0.9131477422496669,16.734276019279186
3257.9218499236194,12.97702203006909,77.6230259372801,0.6977322474512658,0.07872585507236568,0.9029180660677675,1.5287770682565682
3185.5077387902043,12.968221222245262,77.59181415276244,0.6329909426181966,0.23222255789566912,0.8507946987989802,17.669850287956116
4348.608833296412,12.971622316221625,77.59813039248415,0.7912023670988305,0.25863605899115566,0.8838776534153874,10.12882916481895
2324.4360545007844,12.968853562506338,77.59557417343065,0.8979948368290598,0.21994340620655717,0.9976227085996571,13.689624474000297
3168.6548047579067,12.967027814606809,77.59200313136559,0.7186161955581734,0.19691393946592883,0.9670705765399177,17.981004434576818
2598.0675395389444,12.964708882022782,77.58627929532267,0.708434103219821,0.19135367084992966,0.9584230206873732,8.855640669520369
3795.8717818630143,12.97627690103859,77.58375032012519,0.784945625510433,0.18843388361540891,0.781632121547977,19.357731192888103
1781.1676123912696,12.984706059128134,77.58324402734475,0.5134160244796564,0.14120100981164455,1.1886548061715323,14.502780754845103
3245.005312877281,12.983311019716696,77.59865240025549,0.702846894043841,0.16562380840475163,1.0051252210274222,20.812461945148954
2305.3027038833184,12.959034346640546,77.58940325521796,0.7979035825467516,0.179170297717392,0.9517028563190872,11.388623363856855
2435.8118228915023,12.984492030514069,77.5688170714986,0.6356846002798888,0.20567471731128711,0.783568822560279,7.748849102612206
2591.752484448373,12.968418414983821,77.59904858220598,0.5773439420098034,0.1721592621171467,0.9947730112734108,14.884213138647848
2752.2403964266773,12.977607330151457,77.59421738717536,0.6814194389900221,0.1565435378751035,0.8498871489700672,17.34830427138897
2383.770956878042,12.962537846679528,77.60806673001402,0.6939314566798079,0.2379885429562923,0.8805729195364035,17.683747755240887
2714.7131831705265,12.97301979913874,77.59833122397092,0.6091347718084541,0.2185306985973928,0.7319220723940717,10.458047456291055
4078.1180575621847,12.97473723182897,77.5798132640369,0.909616127605095,0.17303852316052165,0.7758516914059491,8.501467719520356
3485.449685615218,12.956753952080804,77.5723032335927,0.6521303618992054,0.22531392357437938,0.9438546498827135,13.75070410439374
3369.1545924968964,12.977682671663443,77.58740527615662,0.584634064857343,0.17734210531570327,1.0006234675270491,17.065775961902364
2044.4604739761294,12.985059350078384,77.58834892579306,0.6906378680929388,0.20315325147440602,0.9684904419795035,16.863147128425283
1610.7591717716757,12.969853520543184,77.60403159201,0.7907860637704491,0.24875220273614335,0.9650818996742949,21.28850534588858
3455.3005582377527,12.985201681308281,77.5945112906771,0.701741424899823,0.16981294534168684,0.8935233543040293,13.506179194330333
3376.0467925297944,12.969703065065476,77.60593688498099,0.7485593920044002,0.14137941960831285,0.8593292984633788,7.620414247101245
3972.670675750982,12.980095845310467,77.58135166944297,0.6128489405666843,0.19274327084893292,0.9288895143565393,19.78666575313694
1896.0193740307705,12.94941430034049,77.60425264384381,0.8487688446403513,0.1318267491907269,0.9821408323100274,15.780781256443017
2270.451344639653,12.995787777793135,77.60180989153432,0.7561711027918443,0.18612757453245124,0.9004862254933591,16.128751642003643
860.5158374745658,12.98655458245243,77.5744176588857,0.804770156887761,0.18596812603432716,1.0210252019913404,18.068361568426337
2107.528893939127,12.968753744957464,77.60782617841261,0.7365160632475168,0.07681579380472187,0.8784930736183992,20.054574361474646
3496.5705105794473,12.951879109733563,77.59553458491766,0.7824884037728784,0.2265317581872255,0.8019721064703949,14.90792006339919
2033.504620771802,12.974480283683056,77.59852044503869,0.6126947440322772,0.190865511665934,0.8989637757958999,19.706206533312276
3140.479795200824,12.957160744529263,77.58595103887572,0.6508589583310437,0.2590948226385968,0.9105972278259569,17.20854505656714
2309.4968940021886,12.976048535375575,77.60735247012921,0.834648059555603,0.21077659898970413,0.8917969932723591,12.377670434768003
2824.057028221561,12.975715657191643,77.58274147670761,0.8559741947283963,0.23678042851577744,1.0280655560882261,14.067046111325954
1352.3086101843328,12.96218596830998,77.60292092018373,0.5852934400280922,0.2595019376603522,0.9805301980724039,17.466976093594024
2585.209449633901,12.982809670236144,77.60280607475909,0.7249736067863812,0.1934141458614627,0.7569059011378291,12.164700943024418
500.0,12.979655747028062,77.58485832571827,0.6569056199514772,0.1999588405568049,1.0534367014198287,18.54583640854581
2313.1038418380153,12.981358233372886,77.61443373599423,0.6302968530635138,0.12132283883048842,0.6258582939170827,15.632734003388826
869.5267562848599,12.971688577036689,77.59691528480218,0.728483969535545,0.2619768872617121,1.1151024372852498,16.52647295639927
3705.994516546816,12.957444759330864,77.6011389261027,0.8140962932365408,0.1927151300139223,0.8712694486443124,20.762021294200608
3277.4073527645114,12.981378722722113,77.57932879204664,0.7451662473284193,0.14971347248260092,0.88104322633485,16.426267510304793
2966.670981966081,12.968896286008643,77.61577730003009,0.6680487550080965,0.23698612432437138,0.893998376102636,15.285647415661252
4021.00622715938,12.957702198568073,77.58235443059775,0.751486117993516,0.09101094040178742,0.938520543284018,14.66964614756751
1551.0834791751627,12.985120393659743,77.60484886432766,0.6640023826419098,0.1785362888563411,0.8999736798733157,14.461372160877032
4247.363197915558,12.992594075205025,77.58465228282068,0.7412114300730601,0.24541555206059207,0.8866604811162733,16.24919745681443
3432.191564260385,12.971187518710208,77.58841011197153,0.8396465700455733,0.17811390740170474,1.0308918309356185,20.45329193646566
2263.444712781054,12.993191211546034,77.60248754043886,0.49228403406991716,0.16410390245257095,0.956559607975085,12.552894958663323
3635.620147182944,12.972513147286113,77.60487552713676,0.7797252298540033,0.1791922601443525,0.8041196145629239,12.250171445316147
1393.7064875883657,12.967795440958337,77.58188715750886,0.5460945078429531,0.09950353677657131,0.9740673914335725,20.140159580792115
1675.4858384723266,12.965295415458145,77.60550472169056,0.8228327710544461,0.23577392158915167,0.952410700318334,12.735412240565784
1891.4102767602994,12.987970824079929,77.60504980495134,0.6362974390127139,0.19385569790115437,0.8454726274418781,15.864379465410815
1971.0222919359849,12.963798561186122,77.58522046591155,0.5782328622393516,0.18638376950026192,0.9792138426362161,12.632810140736538
1443.4423572397473,12.97895269309975,77.61058647593592,0.7695269227088747,0.18656656917954795,0.8842427398776961,8.282062166574164
3723.083067095325,12.966008361649408,77.58003142371751,0.736417006314241,0.20070398992322921,0.87783265278749,15.792900773167847
2241.1455996301684,12.966996932374256,77.58835227417222,0.6000813097038341,0.23267186853360333,0.8751086882567066,19.460671576104204
2852.5049683568795,12.981902496939696,77.59939002624093,0.5747000242831606,0.19739682294003758,0.65718819430476,14.751780592829101
1929.6486335863194,12.967799631537106,77.58606433715298,0.6812518512508717,0.1319181725910094,0.8473300667065399,9.073365746975089
679.3966994514828,12.967552046205798,77.5972381908568,0.5795913049828803,0.22877580607720338,0.9713173242125601,15.436282332201662
2770.057358391422,12.982928046971749,77.59701076078804,0.5938527027076372,0.22492848455021133,0.8977588757096238,11.976194445418432
587.7450245802231,12.987573972932216,77.59272925730077,0.7115620790421433,0.21027634991082303,0.771481357014425,4.521979667016954
2431.3659539145315,12.978046898032844,77.6029240053859,0.6034128365744903,0.253762065348066,0.9964631255192038,14.676465113105838
1131.6849611671896,12.96505230224376,77.59231639207343,0.7426539290026543,0.20151893382064795,0.8701399840456605,17.07073677555213
4487.275999230808,12.966493915007025,77.59691541068814,0.8490143595883477,0.25556880444946284,0.7778424509338477,19.710821912527663
3411.362722174722,12.9723991526374,77.60606471877487,0.6851444585099418,0.2703605510739198,1.1206012461671016,22.027418959848564
2605.7537912714806,12.974809300619256,77.60250686210026,0.7130151061985585,0.22911564427622413,0.7946827405512245,17.60374270954604
3763.7066776546685,12.961721340898603,77.60246017290814,0.9018096732835487,0.16260331890610313,0.9879491511285711,18.734269634422375
1653.6840225342642,12.978830379395799,77.58310820397783,0.5812398882622652,0.19346071407487797,0.8230685899145396,9.861738199687734
3043.479378670093,12.972455133296396,77.59984792575501,0.8191235195180742,0.2619428017029187,0.9135826834573822,21.487303206185018
2699.8104337187133,12.954442916813619,77.58581501209031,0.8070857597912482,0.12511860669652466,0.8097819036631825,20.069440726286203
2764.02008133367,12.962310735175393,77.58178585020222,0.7854317339173783,0.1804023165910696,0.7760695818726342,13.531538060133908
3772.3535001067676,12.966558713263483,77.59388293653716,0.8291747850732631,0.1828517581776628,0.952220254467141,17.726640501151373
3232.4921027798023,12.97087142311159,77.58555704813348,0.7280574965958618,0.15673946998231333,0.94052905451344,17.32427273379444
2788.7236628250234,12.99049278795504,77.6025061771884,0.6417070504400733,0.24364394749593934,1.0144649444219065,20.880854042201577
845.1125637717039,12.973981713061397,77.60274535459695,0.8094573291220567,0.21884075355203886,0.8965618069704138,14.395568911360463
1539.9537047205363,12.963192281101014,77.57557373763568,0.8132842211712894,0.16444708216997542,1.122035179412649,12.015069449199954
2377.2910664042756,12.973806308043072,77.58631697460423,0.8105313901493287,0.23027564601179198,0.9268346667437036,13.040006521354625
2593.372374276651,12.968079122525461,77.58000213328081,0.7044502082319236,0.19207918826658912,0.9566774681237212,18.58718393345547
1369.7962753260763,12.974847582395336,77.58997370723407,0.6283805486386673,0.15549027133888288,0.7641570754892771,7.320518359430663
4911.676675578421,12.977405676870356,77.59915175669869,0.7191362254111611,0.16435407948785666,0.838591568487747,3.011706243025989
4016.394055253573,12.98369230647224,77.59217711901822,0.7942230017567835,0.221802553738797,0.9519679700515977,18.576996027871914
3102.1183203924834,12.9713571350433,77.58870240759333,0.8024351789859965,0.24695049392609195,0.8915772237586417,16.0992218566212
2572.0368612837447,12.987989605275999,77.60760176526813,0.6570323872925404,0.1756615883522607,0.9187683135034637,15.07385334521271
2287.7910300988483,12.980680226625362,77.57155142827403,0.731537289612739,0.2272220666834506,0.8183506244285806,9.777813488046174
1548.0815399777644,12.964525604551879,77.60696871893518,0.5691221695514044,0.27908770787887416,0.9121946973471622,8.160440941618848
2577.4805185188625,12.993698556657485,77.58915711706844,0.798495010300585,0.13705647218148737,0.9118545891591736,12.461883666007257
2757.7525401427506,12.974869945132701,77.59381890989887,0.6216691243274937,0.2177834936419312,0.7819564980114762,16.446780397478726
1258.2394245183757,12.963248754960278,77.5893263666228,0.7785255359571547,0.24153278456477043,0.9642549844680591,12.65697714893118
2834.1764172448975,12.988129130512304,77.61002888105538,0.5850695422609837,0.19524250917005848,0.7299935053082032,18.60040080096809
2344.740951175251,12.992377775851985,77.58229021503195,0.8031415906434007,0.2619141605427824,0.9184238080597684,11.183762631918832
592.192442122609,12.971269747362804,77.59471736369721,0.732183519002277,0.3099418519130642,1.07655926938255,12.922619707361664
1639.614989220498,12.966563497396244,77.5998743865186,0.6218642304383053,0.21716776741931515,0.9680550537819083,17.812804218737476
2086.3944665783556,12.969876250425465,77.57848997232115,0.7691356381080525,0.18832051338610006,0.9674299246037105,13.492339934061736
4387.6876573401905,12.978747317275177,77.58540101829554,0.6409638308194668,0.24884914038309786,0.8102573325051315,13.690600158709614
3056.553124533758,12.984378566550305,77.59311821466501,0.7749555037445128,0.24210344301889508,1.076906205315286,12.426046185404749
1164.5184309001086,12.977304873308636,77.58573334965315,0.6725888524619278,0.07405845225409077,1.0376718094602289,11.684237036788607
2986.036289417637,12.972617232084717,77.58644408228781,0.5278952874370336,0.19986322219544433,0.8156409977104433,16.41670941558484
952.6960110616344,12.986580117703046,77.59110137336924,0.6017583759519063,0.1802700266630443,0.8525236758185123,16.9348251785785
3582.6910538870734,12.968471635269486,77.60109581331646,0.6569585291312715,0.21983528457569584,1.0254656044926689,15.908593750205132
2028.8753481821213,12.98190919338367,77.59117282223121,0.8368189023748578,0.1903170859853105,1.0796147378316758,12.535265577786236
2406.363811260829,12.968719372016487,77.60538426194474,0.7901143630529225,0.19574119538644993,0.7735313964909711,14.19403240034651
3825.79664754219,12.975910229580109,77.58462242217341,0.8623861412322141,0.15683936202694593,0.7996289230275424,21.383739133684706
1212.83643141575,12.970464374352096,77.58208077739526,0.8653635216029858,0.2367264609212244,0.8856213243577831,9.315666491601732
1102.8818148870087,12.971041478173472,77.61386345405721,0.6465249195409084,0.2827521110734366,0.6828905970557485,22.543565121714558
1916.400673653995,12.967826134825378,77.58802041872335,0.681151314024117,0.15761640253924825,0.9019045160209423,15.398879384470188
3538.3788510193167,12.985048540311807,77.58149087992928,0.6588720075669461,0.13014724884265133,1.0185743514029986,14.279494440093984
980.6539245231577,12.964270739618915,77.57717946058229,0.6328489394698923,0.20100016099137322,0.756136298376425,18.81351335520671
500.0,12.964197677474514,77.60535103453809,0.5158505290663541,0.1985672169482368,0.9127106964975088,6.730935723766528
2048.8411415910014,12.992809935658451,77.5911869548534,0.6985252281983158,0.258546639306018,0.8418229295004687,20.521278298319004
3051.7407999109205,12.981378475646544,77.59206290264933,0.5714434406288889,0.1385402523810734,1.0639945948753917,22.430903315793525
3700.261749738829,12.94774886301307,77.59300798288413,0.6965828118465672,0.17310224124879514,0.8430208137866949,19.351891469836396
2036.838637914601,12.965947412607896,77.6047294288467,0.9115770809562984,0.09261483803665736,1.0518993087748583,6.590858524357133
2088.5733928839977,12.95348010662438,77.59280470166024,0.6490654903669291,0.26874918181059115,0.8402544929188773,18.05667119120193
3653.900734255747,12.962093093065848,77.61804053778833,0.7194774005628066,0.2125272314161682,0.977117580533413,21.583994232074733
630.2583003045795,12.94021485333766,77.59593760574054,0.7906648385809283,0.17682835430096017,0.9251945618362699,21.17099515094302
2111.4792248169906,12.970230104223061,77.60521784766958,0.7280291291965907,0.13388642607044118,0.8861727333485698,9.367643011094426
2690.4238899250577,12.960180581808388,77.60265239857904,0.7292484187942295,0.13847619709113745,0.8209471430946025,19.065427326412024
2949.218721285034,12.972199052567964,77.59423552679742,0.6637597566311919,0.22071334498956957,0.9323095421317893,22.18228161111659
1990.1933068091175,12.955348787411175,77.5887302901398,0.6768122024938767,0.1446287477199645,0.8559464737515088,15.117862874584077
2534.4410117058414,12.972429118531721,77.59791963928566,0.6039989477812171,0.20520027115742848,0.8310233775191862,9.189195108841119
500.0,12.967450837218797,77.59970098731208,0.7846045008889407,0.30214724305675156,1.047272274137572,18.314610370899736
1841.7515876661516,12.986619529651886,77.58887413951874,0.5258508343385904,0.182620618852759,0.9547530227493227,19.215431874607
2953.5087125544674,12.985713568617456,77.59626338865951,0.7971088338382202,0.15192777780128106,0.9643638951907203,14.44316734269639
1517.7059657453206,12.979453456030104,77.6069620497826,0.5596301615254757,0.21910036027263816,0.8608401481387737,10.237106176544703
2558.9842215895974,12.968333862193388,77.61529947739069,0.7962607274076652,0.13871041296091363,0.8814021652916696,18.927488336144656
2946.872500802698,12.991453803952604,77.60314369320349,0.6646182473787818,0.2859992265164702,0.8751423332648889,11.924764537512967
2157.450799142235,12.956069647221602,77.61322759686381,0.576813131186692,0.2701809834264168,0.9337238912500978,16.589386906155482
2670.463770996571,12.957564413704365,77.58830625788794,0.7579298645079636,0.1917914190523178,0.9641803451842506,21.232665420051784
1537.2674347153877,12.97076216900111,77.60161882252059,0.7928767535075775,0.155135340928789,0.8969748629688429,8.364807612191921
2293.3887203039535,12.994140381089212,77.60798519508582,0.6561921351896463,0.17871150636123198,0.8207355005819359,18.631055991877012
3110.216169589223,12.9695766109313,77.58563666667028,0.7720610548678932,0.1852167193957286,0.976057045702655,14.173671878720798
2656.972960968434,12.969767547567908,77.58974409887955,0.4714915505330649,0.21917835658535326,0.9033403868208336,14.2773868640617
1913.4687304360646,12.957180896438881,77.61197904761835,0.5679403710253399,0.2519816164650558,0.7559163621229019,17.057265738131306
2724.216404290793,12.981059295852704,77.58484901144213,0.8292408930468729,0.14817436846207052,0.6864705249920312,11.91446387434337
3214.609790636618,12.981131762543294,77.58118869967345,0.6776330725802083,0.25054547826713724,0.9297897175460473,10.299923452285428
500.0,12.979490752014,77.60987981573639,0.5137786673551152,0.2308842806405649,0.8170526201122297,7.863220911877289
3659.0740649558975,12.965307793271528,77.6065676322498,0.6301133819558006,0.17461052545966968,0.9431062129396452,19.92705083767686
2163.745261318928,12.96453293231627,77.59892120243984,0.6076599527474918,0.14566440521614948,0.8224381691136066,13.513311259564146
2925.48993324023,12.958668777495951,77.59414289245355,0.6834038268527075,0.2058116358646284,0.9133185772495007,17.279761649429464
3697.246923645228,12.972438725017609,77.59021475494394,0.6629249016192352,0.1470205758148958,0.8621598472037909,13.05987170047338
1128.326302769534,12.960795926707215,77.59741948873808,0.717893172893816,0.2511840424581303,1.0751920810273305,10.352957986500176
1790.5589975724533,12.959825834947507,77.61039806957402,0.6930533948387425,0.14380586139338977,0.9950315657818645,17.609250439756558
2211.4513041242953,12.967363092830894,77.59698566126141,0.8359739255037019,0.2273853096581572,1.034729690018783,16.311850294899287
1716.2464788755717,12.966708438248158,77.61626959267247,0.7424548599719669,0.1959691817592459,0.9024047769119066,14.052403384050296
4234.9365758368085,12.96622021471178,77.5856205801436,0.7457671611193586,0.17196875578123993,0.9822360939114881,16.207584253765873
1643.2279061732072,12.976264445968402,77.59440319245672,0.8165157123894522,0.19485842468403547,0.9091650077601142,11.158061775023986
1944.4532205131334,12.972390478021504,77.59086941332336,0.6611231249570417,0.2539991584817101,1.0469591367433726,19.242399098221245
2704.389031602977,12.96871843969489,77.58374858456838,0.5738122556641514,0.14038712955031052,0.8927437934743727,20.1695785541379
1297.850473923911,12.973430129283114,77.5930691626699,0.8206970324632249,0.17939217224040918,0.7602510659639207,18.037218285347684
2104.319288243736,12.961684729588955,77.5987732930166,0.7135841748108112,0.1624128217656406,0.7001378474746062,13.51205696362532
2817.4532612501753,12.972652786239097,77.59984230179953,0.7139351207898929,0.19806914332256428,1.0668311119564515,15.237387178733638
2167.139595617489,12.973106024928446,77.61630452178944,0.6366670078469763,0.16576595537436728,0.947850447415086,21.275345792539053
2406.6131411000515,12.956569531406426,77.59924467469723,0.6383144666896422,0.1115959378806693,0.9544256850041742,20.12466487044471
1970.667887551629,12.981556937543704,77.60610136803679,0.7846722338770843,0.1472431226533819,1.0489647842291583,22.9754763620349
985.5296908192331,12.96278566294773,77.59526094246299,0.798465579813761,0.2818877509269056,0.7348265056274045,11.877924586747305
2821.5932113392387,12.972503097992066,77.61138055600452,0.7783823405746658,0.21233641056431365,0.8641398784768193,11.51915086405147
4254.933071647241,12.983244117405354,77.61858449285587,0.7792961605445474,0.21061810269040387,0.8763930170384967,15.537481150328437
2518.401630783438,12.980856767577139,77.59991085130976,0.7569029537259758,0.1858693804995681,0.9742275233207015,16.6275830291852
2725.2641172475496,12.971943333885688,77.58467340984548,0.7131522730078156,0.19741872879454153,0.8307359774899118,14.430843339761749
3192.7227551168594,12.96797500997118,77.58911194977223,0.6824620315679019,0.178509403858431,0.779862625648521,13.441262288658377
1230.6695034533009,12.981075119085757,77.59741934303206,0.8210323849941553,0.22634642655205328,0.7789651349002893,20.069580731316517
4202.514658129606,12.978346949778087,77.59916498035251,0.6626279129509566,0.20504044271296867,1.014941807627202,14.63707163781144
2702.328796422802,12.96541634979956,77.60158425134384,0.7369979213880746,0.14143658949206925,0.8257467906196883,10.139154328326704
4131.856899089109,12.963651063529984,77.5992019768123,0.6195987002045753,0.21268622515520963,0.8447982515678188,10.601243652257901
1766.9670044760105,12.95087644818304,77.59466984916256,0.6340700963149549,0.07706290383642247,0.9634498150727905,15.988257300534006
4318.061922557825,12.973140318416837,77.58823801558798,0.6763845432142773,0.2206929599838893,0.83010545917651,23.0
3275.1554940347833,12.970773022549816,77.59861138261265,0.6196061623272836,0.12953215715817396,0.7295051577244358,11.096225025019285
3053.0400858523585,12.982961913746426,77.61314987357481,0.77978518254783,0.1951972456914962,0.7418298826275102,13.74050372530776
2734.024454353148,12.975190550934805,77.60479928605427,0.565196574845497,0.14026861984019057,0.8943192603284542,23.0
2251.4713819255508,12.984942291941728,77.59994703949636,0.7099229623381073,0.20014115997665485,0.9497328430365222,13.062877080646123
3700.5316584738725,12.964626357720839,77.60489566923823,0.7132508096842181,0.22891392596381113,0.8797754756149581,16.82184336508562
2640.359869848047,12.982981503309677,77.59088935971099,0.5189200421680319,0.27514135426247904,0.9430442703809069,22.503642890364922
532.9302964128478,12.966310836208955,77.58951734853916,0.6558976179476391,0.12293211724942608,0.7387162473992365,11.194085276384712
1382.8135382929977,12.979375960617924,77.58712214895634,0.7255699538048143,0.24877364778355676,0.7454696459031892,13.762959111913757
2314.154247807253,12.957012416074694,77.59334713377231,0.7428727993294068,0.20655763526887358,1.1253935916294242,13.062536265461837
2809.9989831655553,12.973951352993662,77.59037994103291,0.6795692791399833,0.1774666423587688,1.0232784272136681,8.928418548131233
2443.4115111001042,12.951753120585542,77.60668274740652,0.7676888204480715,0.237992825252973,0.9768971891898518,21.277463782754506
3718.9707897936632,12.968928625140583,77.58984676582318,0.6890683742763959,0.18820375744573967,0.8340275329265561,12.658382646120538
548.8981359613751,12.97600353993878,77.58657278283775,0.7013652912075057,0.23587652582003396,0.8761993809269549,11.495017296712431
2643.58793650516,12.96639031448769,77.6140257717883,0.7251653868986553,0.15038651434360026,0.89983226828664,13.222264447718313
682.0207746128453,12.96109562371244,77.59008624768919,0.7926999628734168,0.1683501483851854,1.0314346113716524,18.715325620616422
3259.7122954841684,12.98006118469296,77.5961352845725,0.6324281997584468,0.24718000263973,0.9402782766445092,15.451574148031524
2405.541285557997,12.97056537210153,77.59911322824743,0.6513178127481702,0.27427002617852114,0.9525913801287802,11.833334778278545
2919.609972024118,12.966704293529693,77.5832330688108,0.6331103508270784,0.19824840504235755,0.8832345064882501,16.63659937966021
1636.117039410234,12.972018959211542,77.60695483769503,0.6667802283858066,0.060635553732210995,0.9792665066840085,18.25037879099429
3779.464931657751,12.997966691419457,77.60097119040411,0.8426234258079764,0.19004753586957726,0.9302322747431273,14.904941648388972
3541.7246640588514,12.983135028497816,77.61018384011881,0.7572725319329822,0.2016213058911215,0.904402273274568,14.060956284537362
3083.5443030118877,12.983225736681879,77.58780778062781,0.5868910254831158,0.1883613311653414,0.8256915827813729,19.063503753528877
2370.482753136559,12.975955463189925,77.59559125792477,0.6399553034411325,0.21681692808327657,0.8886428257898368,14.283259013946234
3079.857285295132,12.973264852725771,77.59499355754994,0.7372767224276402,0.1761545036201339,0.7920467296220044,21.43276602516009
1793.107432012651,12.947639177116697,77.5972388849435,0.6093492219067229,0.24194354303390136,0.8959860994013046,11.969460511638752
3355.555659020712,12.96481019653537,77.58005385251423,0.6274659959185243,0.1416643363634479,0.90889113579649,11.876346136956832
4149.48089432392,12.966794255867976,77.59570836378693,0.8344959666174149,0.26184243536770707,0.6595481615393686,11.384812879662617
3570.6105599791863,12.952851079359526,77.58033536088577,0.6386624371526812,0.27750394119805466,0.8769660460899497,14.044614173240069
1770.3975301925905,12.960025842097846,77.59818334071197,0.7954666816029387,0.15434701309698462,0.7824119795395408,15.010016245465275
2861.417317273103,12.951791635290775,77.57331350875481,0.8255323189530939,0.15432000871984686,0.9498639325516695,9.697456361708744
1206.8584562413523,12.971216761643026,77.5760841316571,0.6266537908831036,0.22053476568887642,0.9637159743550995,15.387029071656743
3072.390311175676,12.979787659708489,77.6027854871644,0.6110037443442858,0.14063897951285553,0.8573660182334683,17.261416749143823
2950.603412862539,12.982667745186244,77.58913161544805,0.6723867913518834,0.175369856444884,0.9549022087121916,9.138033780827882
630.1836604678358,12.975747844620793,77.58472141926367,0.5911372279326375,0.25512634782280075,0.9591066936335061,12.915314294476458
1338.2161560876361,12.961966036588015,77.60730845621076,0.7121033878502742,0.23688033822384816,0.8770284160588232,17.26994291427592
2216.861103256233,12.9522793484148,77.59787626217329,0.6794348088146613,0.2990098170844795,1.0534286975303657,10.642322936496317
2199.140252859174,12.954031313005986,77.60332090195534,0.7360580015886301,0.2085392073800104,0.8274925062993499,13.736085912346148
1290.5230645811946,12.958910174227455,77.59293757927679,0.839694345623282,0.16945809988609073,1.0471365703253166,19.352734275735187
2888.9787293521836,12.962711403019643,77.621396286939,0.7817484980770318,0.20256217558265105,0.8774800570816794,22.180731052504072
2751.473608940512,12.970002515020084,77.5885548613944,0.7489239775412356,0.1924705830295683,0.8156673646774033,16.75966084499651
2305.7308680214805,12.961458357818731,77.6120449554936,0.5033951587032082,0.19317214453984324,0.8648451524195618,14.322986856689544
1744.2084998416371,12.974989758936683,77.593986339599,0.7443375982102375,0.19880981459521335,0.7900610772270676,12.99440791745709
3548.7071264165634,12.969277264972005,77.57805489605087,0.8722627660704549,0.15341166455768818,0.9784557867389203,18.64301639508619
4155.407113088295,12.97170545711741,77.59942848745749,0.39894774836864827,0.21411088774853215,0.7397231021924724,19.533625596462677
2016.4385161534628,12.983002505526713,77.59774762561455,0.7689382542975625,0.12956683661207047,1.0389608553768825,10.374256811529406
1887.8330828451792,12.959797682657996,77.58408678185761,0.6840641425243535,0.1641586696045943,0.806413279825354,18.64170726377573
2991.2076654119965,12.975787045782925,77.58537780722865,0.6150204996977054,0.19405606184300914,0.9836653371845955,12.571814793095115
2141.9706202530137,12.971460267715239,77.59435302356916,0.7801128583911954,0.08702233436722043,0.9024225861060469,11.561776904191028
2360.6027993367657,12.968265137190304,77.59809747815248,0.870970590060733,0.23844957681724588,0.9270815283049596,14.385423185798288
3239.6531517246713,12.98045256320866,77.5698933671712,0.7775230728837753,0.09734227450762474,0.8409956628722637,18.96645297024946
590.6439124927072,12.98039014154557,77.60513121452524,0.6628808048738473,0.2334793845449089,0.9352808000333133,16.23762129935869
3818.3023248526692,12.962135092040116,77.58965502026184,0.6056530175591843,0.1353595355035919,0.9134974288550864,16.129326659163265
2572.6805243293416,12.969778394161422,77.58128252515601,0.7144627633789543,0.17975406546482503,0.7542088931830673,16.409766615998723
2088.50685543782,12.97441211682584,77.60401066551452,0.7873169292381588,0.22595653234747148,0.8037499997066742,16.870632074761446
2410.765845778551,12.968869932519775,77.59436382020581,0.6612946973766272,0.30990697597397415,0.8459087888990193,14.54339512989414
2462.429355020519,12.977450213322879,77.60676165776782,0.6709617008349202,0.20582259888536747,0.8245003481873551,17.527555061567945
768.7986965550747,12.974411920179103,77.5989795226298,0.9822000249838398,0.1008686835900246,1.0252810945383652,12.361271216099858
3994.938227453236,12.98992561240356,77.59458485497052,0.8078651945959725,0.2476847566317887,0.9007014183847499,17.604030603782114
2541.3256322706184,12.956297208640702,77.5930727005502,0.8150128678393632,0.1884040797570491,0.8221328652360118,18.427941391335956
2943.0021304473753,12.970375640102526,77.59942712760557,0.5539714093941187,0.20349533272294118,0.850923017599696,17.796546378267916
3451.5497705740427,12.96251497488488,77.59046468741191,0.629281132070654,0.22789315149438072,0.8495536916452934,18.004115326776393
1478.8375424396997,12.977641074554391,77.58607427411253,0.7074681639454239,0.0887311021547143,0.8711950527994934,16.85946256092058
2973.4718990352285,12.955428281099545,77.60069909122655,0.599886244211485,0.2003268423867598,0.7924670595280401,19.693771661370455
2232.3589091012063,12.97506312710225,77.59315512158555,0.8600397298889294,0.17951530550236525,0.8186068889402681,5.9135448640853525
3346.770775216494,12.965299515686517,77.59493567648069,0.8410312306590645,0.26109174530027596,0.9766606911164211,18.414983830260645
500.0,12.96425838133879,77.60549379836155,0.6466454662615946,0.23635568816693717,0.9185343103366914,22.901830108631504
2400.905699758731,12.957135017964594,77.59346123392264,0.8783918606607485,0.11864990386092264,0.88476624534598,12.512418100164567
1897.1793442160383,12.966949240537991,77.59475033925541,0.6995747903280057,0.26313129261745244,0.90026228173151,12.065080566549986
2932.2629506341555,12.98244500530291,77.58860350488548,0.9589389717389049,0.22247625440801058,0.895443924342459,20.145276051895213
2970.044187368202,12.971348113164705,77.59890739933982,0.7144686130525036,0.1226379201273391,0.8790868895268357,11.29304264208287
1792.374105177974,12.977876804178745,77.5980982791268,0.7576192750328421,0.20278765517463868,0.951710483870748,12.33310274969819
1787.8261358239565,12.988246418219664,77.60360775131791,0.8399903441169558,0.2517413056927928,0.9443159985847926,15.679794078791186
2389.3346314426703,12.974237555848227,77.58880871162994,0.8277633349807809,0.13929780637133032,0.7428237026772785,11.804195159387756
1603.3577726847918,12.966012004279378,77.5900218303041,0.7510732066135893,0.26887886679227085,0.8868437814090757,18.500098007974238
3341.983695452127,12.97627252215183,77.60252137399145,0.6858859680556164,0.12436856129362373,0.7494180600659235,11.836791510971281
2130.792799552554,12.966157038536858,77.59712213003363,0.7514132699993119,0.16043864116765078,0.9635577203455706,16.44253339082672
500.0,12.966555773167029,77.58553781873808,0.6183815828123884,0.1528564582305154,0.9767666556850284,16.137929851986023
2125.177943378194,12.95640107200381,77.60766554067735,0.7152133718864115,0.2688466865794331,0.8389221102358304,21.65555228963388
1461.4561791560277,12.980862574910844,77.57761549431599,0.5890692467502004,0.17544919317254015,0.8883241044665284,19.661207465182912
868.7241845390545,12.967739974243505,77.60244284753264,0.5219118359919698,0.1418591498669501,0.6888559702877755,12.881889834185385
1262.5733617774274,12.973420982458158,77.58194787964001,0.7050426764139442,0.2222605439457031,0.9972789814092027,9.942030374111017
2609.40847183297,12.961240380713933,77.61345788516485,0.8262277890671672,0.23305904952963596,0.9709673740251402,18.351875367909745
3828.640828248231,12.975959476297156,77.57915400273095,0.7925804641596059,0.2333768047397066,1.0150085261737527,12.386436660986693
2813.18447386498,12.96398058761865,77.60612250651873,0.6918087704274392,0.18643304173869954,1.04865441403371,13.657293048384995
1893.4966117842603,12.970182912782983,77.59378365639989,0.8746989698175496,0.2127267150518474,0.7775890707023225,10.760689239745457
2955.9041951707027,12.980378260312392,77.5909339743016,0.6430938609153426,0.1674883456885357,0.9888044201638442,17.716047723147334
2040.9096897810082,12.979507593122326,77.59645396656468,0.5082167338201976,0.2837400838967865,1.047930444441846,12.414027534249968
1805.3996308368555,12.97137969927483,77.60091900339158,0.48178987057990375,0.2572102579328966,0.7505422128970765,14.859833246788845
1345.6373317670157,12.953918689672934,77.58555599497669,0.5818809059404282,0.2541478414520338,0.8828788788154287,14.921987736430136
748.1711932482808,13.001528105700606,77.58644212274831,0.7816624743262228,0.23970579672867728,0.8636598016770576,15.734242479655643
2110.0762934405548,12.989058589702731,77.60109604865113,0.6365197316532614,0.2259866652997501,0.9855461864191498,17.646554006878592
2658.053489920132,12.978826748248883,77.5775265704635,0.7460958641857302,0.1377818757925106,0.6606058933655921,14.028718512423115
2403.3763299851103,12.96406796218409,77.58875770906808,0.8646283383583977,0.23166506181278243,1.0815957696232195,12.03428967245383
2084.0330720526413,12.970464078382982,77.6250068695416,0.5899903037422194,0.20571326150316602,0.8887462935805407,7.561821464978214
1554.2539393032189,12.966165795702235,77.58491987035411,0.7478499731795889,0.26316820424754594,0.9916094402017146,15.41051851747068
3108.2461916849684,12.984238559390965,77.6060780279176,0.7538963072655722,0.24037095911912143,0.893976276230841,14.372003837527886
1182.868080053415,12.974225028908519,77.58874049231287,0.6139262011526896,0.22751902350765107,0.9492125050979674,12.158108679516031
3276.0279138434753,12.963758361416403,77.59969045144797,0.8354210925245082,0.11578876012349221,0.667858174138385,15.250209848610144
1497.782981073275,12.966892449008753,77.60114355690597,0.6712292944450523,0.19554997316957648,0.861511762719929,18.423930690459542
1747.564762646965,12.9828118814257,77.60588956735182,0.661624701908699,0.1721053870048172,0.9847761211343679,19.447552339788718
1033.214809384323,12.987600978468205,77.59259746173187,0.9111613218417972,0.21261829620915368,0.9288732346713695,8.859450326302435
1998.5978531143633,12.986883315634863,77.61448884638754,0.7522766742366718,0.1792225864278678,0.7363158907273243,13.556554795938661
3475.312458477979,12.97917032065054,77.58870663435415,0.7925290549685498,0.1862027111953347,0.9061424893876613,18.84410084959371
3015.6280884439566,12.969073751311974,77.596942204136,0.8354892931521838,0.2229516952453352,0.8181257674138496,21.384164138092096
3478.422112028035,12.939184861746709,77.59705276932218,0.6349526000540783,0.1783930943215612,0.8094580748826562,11.73094538736633
3022.1425459339357,12.974571600238082,77.58338031880051,0.8249821097053679,0.20607957697870063,0.7479305726683283,20.51329171693031
1396.3301714696308,12.97158171241156,77.59174127745021,0.649810588500233,0.12402940545628469,0.961870262190713,9.599614871061526
2169.2107756724427,12.972999820963214,77.59621513499238,0.6455376610661703,0.1583799261619971,1.0113014443935635,19.59313825247978
1719.8008708825373,12.972138973470333,77.5902787895687,0.6728000027691864,0.23280217836014805,1.1120143134162845,13.872974671178634
3830.57490403904,12.95833737838051,77.61900923965456,0.6377935165055044,0.13849039416517628,0.7525951608257072,21.251293062575
1303.2113535736885,12.977174085568512,77.586213763264,0.7822156432657162,0.26228625388014987,0.9767372161226476,13.143875134978824
3393.697689389111,12.977922163140319,77.60639424468141,0.7267210655145055,0.24871996776506605,0.9833171370420909,13.760437092958645
3392.9538701087695,12.978423387820596,77.60316459813149,0.6508775585382887,0.18658850323301068,0.8419495322781992,14.466429483184609
4329.620201716087,12.981065770035734,77.59446137865496,0.7674505033154821,0.3499367052751232,0.8082421614590669,8.851799381108426
2090.313407370503,12.977640516449217,77.58594790946148,0.6724817562613653,0.2621551788924147,0.791425767903307,7.95010931696536
3212.322159580162,12.967499705884611,77.58691744679608,0.6671929629635323,0.15253602466471325,0.8472646756539786,17.040616772162846
4781.651836538843,12.97089163152084,77.58942032700783,0.7048683884901543,0.23730870268500243,0.920262159585595,18.953849389413428
1882.3583230663035,12.972511248672534,77.57674258718053,0.7463460355666217,0.20329315331598788,1.0360112010506812,17.430310011364412
964.9597524676403,12.972676994491067,77.584565345742,0.7389847649377419,0.16116439545702946,1.0105338338010117,9.984097543285909
619.9899660922363,12.981582176559717,77.57977523484637,0.6636750817747169,0.14650454284168957,0.7384583055731337,16.92075498028817
3212.7120288613314,12.978036687530226,77.60805875003177,0.7847111207439402,0.24974466674441897,0.8211156751399489,11.039184105185182
616.8497919414162,12.9923734343957,77.60078462392389,0.6777605848920344,0.17010272676879334,1.029964037430947,16.63061083289466
2127.6809470620774,12.993664689798846,77.60245974098865,0.6345015511391281,0.1949061822481474,0.8268907167404932,19.525196580809748
2937.3131870389607,12.972396495826139,77.60048831951542,0.5531978351232648,0.15394870358867357,0.8943085836589824,16.469867413340076
2685.175536829914,12.933233444515407,77.59626967623335,0.798317848099902,0.16259210313507047,0.7294711065385915,20.874135608967727
2925.4448641841723,12.983968324661273,77.60920680332129,0.7012390076194007,0.1936535399964264,1.0153033415512949,14.40005011458902
2722.289855800854,12.96619623661013,77.58849237344268,0.7210872358510514,0.2194091146362076,0.7087251794148612,14.13340271478254
3778.865813313393,12.96358516078169,77.59566669655366,0.8045802915699515,0.07058204182242758,0.7357189419213381,15.269405191123123
1547.6836192612031,12.967615547250107,77.60207058827824,0.6522593768402184,0.20084598995833752,1.0050817060836703,9.629435664805033
1823.0048615414687,12.967133569531855,77.58138790768143,0.5625600751525871,0.16269394937074824,1.0920061679566557,13.388195697531529
1727.340554729176,12.977722698101054,77.62556588896143,0.7069780702215218,0.2701181326725113,0.8709388915275086,13.73946732103974
3330.19181186261,12.956005642208739,77.59488565762777,0.7307961552080295,0.34713763230027184,0.8953137188137176,13.864000226852477
3400.3985883950636,12.960822792542084,77.59601989450576,0.6737150933839626,0.18203604825231423,0.9908279559782989,16.07316466865365
2951.2253193185084,12.975031585541975,77.60716878031675,0.8473737578076168,0.11388857196434028,0.9289447814697382,9.078683520706836
3683.493666889928,12.977829440304134,77.6037495533301,0.45138334322786433,0.20584384849592832,0.8626781820623336,10.417544064557998
1321.9591326236193,12.978015416449361,77.59498078019396,0.8120056637899783,0.18972853352533975,0.8514546378614307,19.528278386553886
4167.224111551137,12.963729637210667,77.59590129438098,0.7791153650364225,0.2985675324500645,0.7433202042515017,6.971007103744762
4023.2386217122585,12.961817343507338,77.57955851469052,0.7456770777700459,0.28332946716877716,0.923294177212022,17.465484275491377
3235.6219972457466,12.966533651662122,77.58903534222151,0.3664098450530903,0.24326874852982824,0.8908083177930524,13.505761276809267
4281.79890877106,12.973998727522847,77.5997721021616,0.8283888783270268,0.1706652959393671,0.8562153820887319,15.640489926653807
843.3767923222263,12.986454773692726,77.59903892839043,0.5973565889364114,0.2338883283090402,0.7998185204437611,21.232395141335758
1975.5518637373482,12.951125628142293,77.60681165750005,0.6492308021616613,0.2132503179534152,0.8099469146706569,14.475268856538708
1764.6965393180476,12.969392712430416,77.59339498941776,0.682940733520993,0.21206616016496954,0.96183769205067,17.501552022023077
3221.479323757343,12.958273215589749,77.5807271348657,0.7407418034651975,0.1220885075716065,0.9881663648409047,15.234267870727662
1449.8592603978543,12.955077573226465,77.60516730430776,0.763942804219255,0.25308976692268237,0.8672883843709384,14.56249532098678
3257.4951493374856,12.981269566453449,77.60896089346183,0.7892840554319296,0.20539041641556177,0.8567520426753621,14.067298808638549
3870.5361439967137,12.977046245744994,77.60358244572856,0.7815853510078515,0.19495793262277125,0.8146351953385796,17.804233394024905
3195.2029000839993,12.976094335159473,77.59296366329143,0.7252927204213125,0.16999217524955862,0.9936820043574258,12.073592535514637
2783.751023661501,12.98081025839731,77.60504386051876,0.741592265905759,0.16031917501733112,0.9030995769655907,10.471907245794947
1512.126659099251,12.96680281103234,77.62888910478009,0.5909246284177753,0.2158629290639491,0.9367900979327265,15.29789989372435
1653.1490338746353,12.967273624836665,77.5957515231444,0.6248973193180978,0.1125418599070959,0.9358470130093464,15.771136014353981
3749.6189052966665,12.993457306167226,77.58148263307754,0.7895460223674832,0.23947493798250213,0.8692298379466064,7.70336733840416
3279.349003905332,12.969134289457404,77.58873714950448,0.7837209486728681,0.14729472815021574,0.7834639900156579,14.958050285557345
2460.980480622456,12.978951321130541,77.60085476000305,0.772379941644442,0.09706596568973541,0.800386684431408,10.092492315141957
2082.0904542341095,12.971663815409634,77.57855195689102,0.6485583238343472,0.29109476579630106,1.0127885532647452,17.507372429791282
500.0,12.953117414699216,77.59629403074912,0.7910492131943696,0.1570956475327211,0.8274315685149428,7.785260576413468
1429.1475813155612,12.951153709961988,77.59840336650316,0.5838755547519642,0.1638920419239152,0.8589637680251649,22.700303319452356
4411.419087139723,12.965810157800602,77.60995121739812,0.8077359809862272,0.25672691655040375,0.786560946462879,13.64720633345669
1219.5444289975333,12.9821610125167,77.60770194856055,0.6739129198754109,0.2927215450258321,0.7783933481073593,11.54015220605075
2689.479821221081,12.97948291656636,77.60324584791752,0.8684170406340632,0.1233499210698285,0.8230835002971277,13.868110158527227
3507.4439731951984,12.98074077164224,77.57297320989485,0.5478557907934515,0.15219159698746654,1.068840718424446,17.225083434535566
1245.0773319977075,12.961729538210637,77.60381053128047,0.8763404045918521,0.1558660588919702,0.9658037391192429,18.56188035693975
2684.710474781083,12.987758724901223,77.6016551338606,0.6638535670836537,0.24674008313478274,0.8473211128576377,13.902754759900652
3437.9155375106548,12.961951066998136,77.59715944377078,0.6620520743988255,0.2819566063964767,1.0082876794551996,9.24523834075124
2512.4993219072503,12.9737282439867,77.57729777873854,0.7194838818985596,0.14598737192109607,0.8847701126703553,10.150811465511277
5368.4030556667685,12.971496477100922,77.58683226090812,0.6302921087199302,0.27073726689841104,1.035434004699184,16.14555079496298
831.4007411218047,12.969861261796854,77.58293177230466,0.6927670998697693,0.1645482944235649,1.1211730350396214,18.949308518041807
3558.7285298838788,12.984985921382956,77.57444991560493,0.6262373734729145,0.2168061451472786,1.002816173926619,19.469901006336475
2327.1982626035356,12.964548894798341,77.59457084848586,0.6298936469020813,0.1364273150286091,0.9094550955222578,15.672370301643127
3271.920154836675,12.958103947442881,77.58662177878557,0.7486885950300571,0.1939034793209001,0.969930987351636,18.869198264725693
2941.307151699246,12.971799954862064,77.62085305580268,0.6098434504696484,0.1944443642963642,0.9015071219282212,22.649396870368005
1766.8438028900034,12.967601732657135,77.59291228060562,0.6231805764994517,0.18424208468423633,0.7164001636024957,19.76139085094517
2728.9963924593403,13.005373829190827,77.60753753155866,0.5627208750253591,0.21924854906598487,0.8345374585787956,18.688151605617485
642.0985486017128,12.978365074764401,77.57890900975306,0.649606932003866,0.1496484567573737,0.8048408404346783,11.773771267630863
3103.2475005713936,12.967506594247814,77.58929910413995,0.8311602029723921,0.15581383509065794,0.8323208958169127,18.850478481712013
2798.1584659905257,12.96103888430813,77.59556897876034,0.6154066359897031,0.2218936072474678,1.0793671432639445,16.84492991155499
3138.660168643102,12.952797115894313,77.58551846051392,0.6268366734812758,0.2671017665487865,1.0122149742854658,17.602582513468555
3558.11832508715,12.961347809142627,77.59037799315195,0.7193921946481535,0.19885931529760387,0.9440884801441647,20.044425115778047
2867.6198402097107,12.972749417717592,77.59242049093757,0.6629203566200473,0.22518353867310864,0.9812342950451358,16.434231393472764
2648.089419798276,12.985873286515949,77.59226092014555,0.9228154433349649,0.23790400051486701,0.7107886514094144,14.589814677354147
1618.9316633387077,12.98281689142388,77.61315118573036,0.6837472035323743,0.24152525943167458,0.972818371308953,10.72053676935632
1787.779236350949,12.973890948316464,77.59838226285432,0.7335218346217371,0.15232376370816808,0.9939624316202168,13.813934729418701
3686.7346201773307,12.968368323342975,77.59939510562941,0.7943768784799321,0.1611494884897548,0.6760252812312717,15.851409068650737
3936.3354057059787,12.974288123564122,77.59999654774344,0.792457786586285,0.16549627030282327,0.9765236753779399,16.110477360730115
2261.889563687946,12.966413620025154,77.60072626377337,0.7233287581557379,0.2964316900446982,0.7575926357332915,15.975505194681295
2546.0027472532743,12.988783639957639,77.59377113016126,0.6838872513313998,0.22540964695859522,0.7029994643553968,18.838039439044177
1595.385625006234,12.96970809818725,77.59139253628521,0.9024028536379256,0.22316578601925086,1.0326318216859578,18.461458800868485
3672.756845267445,12.970736621417533,77.59626816059519,0.6900239724685733,0.21831178765918693,0.7992950952387659,14.751647034173612
3165.4168236917785,12.949441775749793,77.60616803948913,0.6558309895571519,0.13396032981902506,0.8284053260615623,11.610951570176208
4441.217436463749,12.969645651534773,77.60586238188436,0.6354151011705981,0.29690952353885197,0.9989604542757345,16.53343174711029
1621.676922820261,12.97996484137965,77.59219601524312,0.5273196797293244,0.22395937653934805,0.8694761727747599,23.0
2121.9921009817826,12.960922774229616,77.60227843694668,0.7821615752237163,0.23615800563274764,0.8819834626270918,16.284971101116177
2731.4459225255723,12.964092796655072,77.59265415336961,0.4651931602899173,0.1117239355542099,0.8797913093562071,13.816304190507122
3146.489537725771,12.979527110177337,77.59493870549436,0.6994277159095079,0.2389821926180759,0.9347598770974785,17.14334460986864
2284.3323624523678,12.95683342776482,77.58986476618446,0.6795139365728614,0.18218937749361866,0.8773665583609325,17.382945035045093
1627.0389095462997,12.982178010075419,77.59278354861094,0.9239965192231447,0.13386085126368813,0.9114126074359101,17.338602401623103
3381.407528923571,12.96627856109827,77.60801330069549,0.5168348771286373,0.15231181670641014,0.8496441874587294,20.491520780182803
3221.1353625455818,12.967714317795089,77.59552421147339,0.6098896713015642,0.13675528957733168,0.9351819589879362,16.544371827813883
1583.725899436275,12.960361215948744,77.59595282508552,0.686390354131835,0.1359107902442695,0.9313843031904567,20.301648941641393
3855.442801105496,12.97538046260428,77.58012782220742,0.6802470662530832,0.20302739101821052,1.0897885837684183,15.920936454950041
3670.198709196604,12.996198719850295,77.59150756092367,0.6450455409189955,0.18066186056341746,0.8618749050326298,21.049993070035494
2634.296497247793,12.979414972394606,77.59218685096255,0.6919012090597833,0.21670346810806937,0.8815834482195021,19.826940782958417
2579.5978623760366,12.962957147380594,77.58630856514557,0.5740437271130259,0.2837987935534002,0.9238824325937042,18.6871976462116
3054.057771115907,12.982956205854915,77.59481665411704,0.7357192878994938,0.19352481431863314,0.996443564431472,18.1567429430516
1638.2969297437419,12.968433204540657,77.59030817709773,0.4678514657922421,0.08775553530207865,0.7908414846822799,23.0
2530.031479164082,12.985344849814275,77.59539995855243,0.6974230644122742,0.1879020894226092,0.9103576521775069,19.306470354665727
500.0,12.979666764021644,77.5958150300982,0.6399643305736427,0.2596697218198936,0.6492173963944934,11.602731981501952
3376.4556455029356,12.942168584345284,77.58504245642177,0.8016287942756635,0.19570302637515852,0.8728468083277605,15.983602205873282
938.5067775581406,12.96155920367045,77.59061298217517,0.8755311070633305,0.2764665326845851,1.0072727030099362,13.941132927090953
4003.4198284289987,12.981043852228355,77.5953737428276,0.6668947831249642,0.22264707965689096,0.8273857563652682,23.0
2169.8799060335496,12.97311657272145,77.60644299431156,0.839072592914143,0.10808651328013055,0.9176837615285313,20.00575023838183
2288.333018068823,12.961362440522922,77.59716719172796,0.6683883719369589,0.20547911252191794,0.8471094425616398,23.0
1872.2660939154944,12.965264104845062,77.58798064820083,0.6033873476870909,0.21485006471323645,0.8140597802266317,11.96002188706087
2211.961126077924,12.952537633799107,77.59859004759244,0.8745903632185619,0.2540177900636822,0.9971485998268101,19.40669871419985
3918.5313451480365,12.970716267124736,77.61167548889321,0.7520776444734006,0.2909818285805784,0.7954741310154346,9.541884067855872
500.0,12.993706897260157,77.60376706472589,0.7004438522609814,0.24538627598543497,0.9292965293863094,8.63147066344807
3776.965386088188,12.979649333907323,77.60007526530435,0.7687177475098648,0.22202398986936087,0.9308351620766159,13.412175470103623
2838.023481101708,12.993504170011885,77.60185590175482,0.7274215035130167,0.23380941357891732,0.8148200482961376,21.04950054998282
1292.9783521427844,12.9804239708979,77.60899954041429,0.6930780592058482,0.19159965967752163,0.9155685256957629,11.029539836184352
1424.687606950762,12.981874793433528,77.60535626794018,0.5673565172692003,0.12685610815962856,0.8065052162532023,14.932752612707027
4176.393027208203,12.991340786877451,77.60026760381118,0.6729463262838733,0.20207480431114302,0.9521791874909158,19.755371472823544
1554.4931200572687,12.975372632593423,77.6052864221959,0.7623255423458473,0.2182645163729453,0.7685054285357107,18.38565264463721
1346.6494894040407,12.969727726784932,77.58378348903736,0.6877228574313189,0.13981711870440386,0.8660394496808159,23.0
3637.3145423647293,12.98192657516622,77.5795773474766,0.7902325761130385,0.2663310819749971,0.87472283403421,15.013487968839444
2838.5528762859144,12.98613840237122,77.59617098650644,0.7383655023866789,0.2502705507741216,1.011295533821067,13.23348182147733
1562.0744234636013,12.966800353572879,77.5952868070965,0.6121863681914592,0.13141192923560654,0.9140043071711892,10.62207567568409
2716.624975404619,12.9643843091766,77.58916089946487,0.5680828042167876,0.26829161443949373,0.9955013490112059,13.5280002395304
1474.2473163597226,12.972988560324309,77.60285852669827,0.6842821500069831,0.18458428153950765,0.955469104848988,10.585604163256383
3600.821398422605,12.979914988669318,77.57597136413548,0.6475771551895412,0.16107542174408257,0.9548303000895759,7.814218880361542
3561.3709648731337,12.979580910486616,77.58925227743943,0.7336321809621685,0.25396388463732633,0.8668066809769932,22.853570325368352
3032.006198821943,12.957358323998124,77.58975044455123,0.628186234123727,0.1974472793619971,1.0020905883524887,15.19562719710157
2861.6610612470167,12.990716060670634,77.57823698214901,0.6384607674245122,0.2949592660418435,0.8643829590697998,23.0
4261.1881248673735,12.965188350706033,77.6095473100727,0.8053069717594912,0.15735559780566247,0.7270174520069892,11.642846253310065
2499.6863273882254,12.968949350031115,77.58100798731337,0.7148202968627897,0.11341712380136727,0.8785212831533107,13.28476556518396
1318.1258745791988,12.962573456400122,77.58871659942692,0.6297272934572706,0.18597808594169293,0.9453476404644068,11.89852395297158
2949.4739128323067,12.998583288359372,77.60367979757805,0.7017641808735019,0.23946112495302366,0.7393374281287187,12.436975740028942
4586.047049537114,12.97402070670288,77.60106045343429,0.8378911243001682,0.15364285072322284,0.8114897641279615,18.494414976837774
1485.240506814148,12.963090249193185,77.58351825303515,0.7293786688274723,0.13349498086000605,0.7769411559822644,17.2652958650575
2138.537233306014,12.980239235499624,77.60142489209261,0.759295080942513,0.21144637013513773,0.9786717104708964,18.501637701671047
2916.446038101453,12.9792913577931,77.59749784478659,0.6247765463472557,0.12681563949162417,1.0672862637012497,20.36908636860776
2446.0951509942606,12.969722729764202,77.61793035562111,0.80264193771346,0.2153346349806707,0.8790300845786784,19.429420176669932
1517.6964196226854,12.980006067127833,77.59863940416068,0.9318102260463801,0.18296884743859115,0.9531530363068259,10.966041022232051
3621.857856230471,12.963347080391692,77.59318758178931,0.6208532357487146,0.22472332441761866,0.9505519365899724,12.904725745323894
4820.040722017259,12.966670817250508,77.5860349804288,0.581810602562801,0.13080855980376993,1.0553796946439962,15.48593124028655
2696.131459023907,12.95149783345434,77.58715756633045,0.7175542243835148,0.2649081575721952,0.8347447096047393,23.0
1595.9317102639998,12.958360489157805,77.58634230904532,0.787550504984441,0.19084827575031552,0.8780121035241676,18.0896005685255
951.0394749465249,12.989676308056707,77.60831098813912,0.6908610327949738,0.23817613339524119,0.8659231350575942,15.426755233627159
2757.975981221181,12.988014286277224,77.59477969915017,0.5946793603957337,0.24799377306424447,0.9075367240040263,17.693098886983005
3603.877343316258,12.97225788648649,77.60025247123974,0.689141583821961,0.14212775238170222,1.150431680211681,12.587543782356581
2975.167746495382,12.9882293144719,77.60974247599981,0.7598092272777455,0.24411287548040383,0.9030811115197314,16.04970204400922
2497.596159081146,12.969999255133917,77.57101535857792,0.659296817305394,0.12874666124278372,0.814528934739294,18.81864873924029
1910.7283482106939,12.96916589697432,77.607388737647,0.7607255017754921,0.13149311286200538,0.784550277310688,14.884017261834636
1407.8363672819103,12.972165106484656,77.59515396911783,0.816471078523991,0.29819996179942176,1.0252645007313048,11.973786983811248
3334.751326324882,12.970350784046765,77.59895048371641,0.7240230625770447,0.25559266843983125,0.8140745496021922,14.688503789281231
3413.7716213855856,12.9694480367644,77.58631596778251,0.6972052228721707,0.30368320877168775,0.9663586959199095,13.721693565615267
954.2702133092669,12.983033981071497,77.58704875601552,0.7829343925226282,0.1814892984696045,0.8320308670741372,9.57149032131641
4089.8389781806836,12.973101356539562,77.59948845889814,0.6143899172562769,0.20512143320390044,0.7733307263416829,12.713791359229567
3074.0712208940013,12.978724817644338,77.61844597800331,0.6045290166307077,0.22636773733761817,0.9605199600301821,9.428748854678222
3899.5946451457935,12.981913805252773,77.60463313312815,0.6733427715071014,0.1993902216703053,0.8369255133236468,10.052820438015901
1157.872251514885,12.975481857956547,77.60725522921419,0.6508120545185532,0.1626931989652048,0.9425425639238894,10.43622204853412
1134.1758445845612,12.961897286740918,77.59267998729739,0.6196658024709524,0.15519576510599756,0.9499282940846044,18.813805192903448
2351.030690232703,12.95807134111036,77.58859795775415,0.8830468474998774,0.2106931116414475,0.9546265245012469,20.956660253438002
3002.784426895194,12.973087806348074,77.58679195048421,0.9171993209494291,0.14665700791688477,0.8731851316056813,8.855681291847093
4296.360822926964,12.969887436951751,77.58971726275303,0.6646294957744417,0.14525682538165738,0.9686183556504708,21.32073466509796
3206.0789138151313,12.972473914289202,77.57407217566829,0.7091718949748365,0.21967860055772964,0.8077453671551917,10.493623308157815
2257.3187231879665,12.971439459607515,77.58735080657108,0.6812157179936209,0.19524203242571925,0.6545909748935866,17.98752037588943
1473.6307923341078,12.997435736601666,77.5889964684394,0.8107499240118156,0.24686031352908427,0.9706892173120109,16.03423428306522
3730.00057271915,12.958297737443587,77.59284641825604,0.8305645561840047,0.1787544294958579,0.916559050483747,17.543406178851413
1535.2945742492852,12.95170053730179,77.59591750109747,0.5222736201310353,0.17093720250122324,0.838992175598603,10.337027788756151
4128.468554772322,12.974923768335197,77.59822450868626,0.7476010800065626,0.22117766980177356,0.7528847238024955,7.750570869311576
2215.6153503934906,12.967835774454118,77.59445074627557,0.5693178658838851,0.15939875627230865,0.6963421701164657,11.788366359469714
4090.5820726178504,12.974760678697299,77.58878556913658,0.8758272157875278,0.16709361372216575,0.9051743348208973,16.70747459984263
3178.9312900592786,12.977438830222841,77.57496641356734,0.7440248030210398,0.16907728048102927,1.0648785965729952,22.82761670194344
2363.004510557542,12.984441046951789,77.58884691391599,0.6176650461637363,0.18951489468522237,0.886144258356902,10.881105609255682
1980.6036281738734,12.956527741796162,77.58487549362313,0.6758678612062147,0.2886218271647951,0.8638664613308454,14.60465005340676
2159.0921226539203,12.966032821021429,77.59926066748278,0.6711022741733841,0.13116055875214216,0.8975632157504158,12.003683205961526
2928.3166923752374,12.975887612588808,77.60369287396693,0.7525112942885815,0.26477537910587295,1.117920511190877,14.931095268894623
2577.1564962177167,12.979304635956872,77.6039857106706,0.8041912604177478,0.23688933781449587,0.9751904226653134,7.276858555881352
1906.188591931295,12.993534495502884,77.60216952736128,0.5851792708028289,0.27834894236849966,0.8066424748299611,20.992173341559607
2334.3685896823677,12.981157039711139,77.59326474264547,0.8838754500912114,0.3568343024161137,0.9028103903902104,15.096144313145222
2578.57702971915,12.971032114041138,77.58938044434524,0.8605690107820843,0.27157265103939277,0.9332436911154941,18.66866265594434
500.0,12.962695642470575,77.58712897246333,0.6124676432408954,0.2462833473953931,0.7943661133421155,14.07119190652357
2958.168114788699,12.96595710147281,77.57952501083398,0.7072801794362309,0.13437518241874913,0.975913662234256,15.762512304507773
1520.2787752831932,12.965672971770429,77.60451853700508,0.8710808544114316,0.14068888692444786,0.8182191202855646,19.515489970586987
1346.667596794255,12.978152336285138,77.5928528896207,0.8232918586677482,0.2180095092182611,0.748905423265993,15.526867292376899
812.6556528892897,12.974169974455858,77.5821365970638,0.6663256969952104,0.11509619260402178,0.9076133553839778,15.670825296461821
706.1075021321096,12.95836350429158,77.5863350862429,0.7814339814567873,0.23077196256456098,0.8917844140509645,11.824235829498004
1144.5524968877107,12.967240985309097,77.58593026543568,0.9997198291719138,0.09325390546194944,0.8998978097797306,12.8623057532836
1790.9790423695094,12.980375475534515,77.59503024485015,0.7105159981851211,0.2576116692782308,0.8235355382337213,10.948737448636258
4453.259137526568,12.975116623549741,77.60527467851071,0.6367351748559981,0.18391498440332008,0.8374887382128959,12.04792964608134
1974.120324104796,12.977286446160129,77.59112010450404,0.7172419852091398,0.20632984727350945,1.012844666036911,20.00491644185667
2677.7501062680312,12.975429217100572,77.57207466485217,0.7246552095497317,0.16258138517897588,0.9441085615000748,22.234437240028555
2900.481386506329,12.987864307346088,77.59270819664842,0.6475463260999902,0.10507367948887139,0.8043253923422715,10.010900461482436
2631.065186215849,12.973960430638245,77.59303806099902,0.7441625067814217,0.2617347639597131,0.7049303105579893,16.580687140147102
2422.5565392740064,12.967739772021293,77.59235079769064,0.5745598940272498,0.26678506974773575,0.808558359788779,13.729234439198224
1304.7062364007554,12.962442449588664,77.58832538833525,0.633446613299132,0.1824256117398151,0.9157299072160191,20.587874266863054
3950.927548279212,12.974096094582098,77.59677439080725,0.7758244776154797,0.2330964782367004,0.8368068281645559,15.539440872711678
4307.196643637885,12.94719295985225,77.59526141115148,0.5245129148457748,0.1804554289894798,0.829034979482318,14.970097181036527
817.3413058773142,12.969757109981673,77.59435169685874,0.7903167591994776,0.21442449221331233,0.8410839561069338,12.020922751361057
1475.9714091136204,12.969541601400786,77.59872641361443,0.49880186342942967,0.2379569599460055,0.8927292437263712,8.872879843630342
2220.1896576229938,12.957955291463827,77.59030167176851,0.5268675421123684,0.2277542462286937,0.9784627912958349,18.04375393099795
1535.4622050898088,12.96231734161344,77.58973414330299,0.6501021256944114,0.26704848067046727,0.8999580796054307,16.411914299005776
3005.965553455865,12.979696575301483,77.60840123289586,0.728686384281935,0.22594403378526678,0.9061937021517651,16.50977656208172
1771.727797593387,12.97390711749075,77.60019355409716,0.8325263603127389,0.20140423085192977,0.877513963611718,12.602691589365609
4665.056067806603,12.972617883337074,77.60286946060943,0.7057622763159596,0.16192905160612892,0.8500643167845261,14.41692621795985
3690.548594343596,12.974663475339321,77.60686104585334,0.675344639242401,0.17607473098380397,0.989424087131993,18.164283944454333
2712.574030632215,12.97252627587949,77.59985944180625,0.7579581247984803,0.24050256983625082,0.9742402067844196,18.92845051892445
3526.986263319732,12.984028625628584,77.60388388679137,0.6129101179532065,0.12490867405429407,1.104527991766605,10.286113536325878
3605.900424357309,12.972834291817037,77.57880654837929,0.7139415159346406,0.25529036517063985,0.9610564298389253,12.46660771799441
1936.0525119417566,12.957017868861813,77.59664153871996,0.580055374204464,0.18594281369927335,0.8501585678192537,9.440466311711429
1683.7827554580354,12.987901299648744,77.59277281538186,0.7082590516875412,0.15906970477960553,0.809534869088981,15.805057650373461
2578.1430629696474,12.975303402673289,77.611376840909,0.6870163674150597,0.14506379116092666,0.9952945260711616,18.537353248412913
3361.636124497944,12.96570746269205,77.60387645531803,0.6195732078550582,0.23371838928241936,0.818501311568989,13.885137931802324
2639.0603986534175,12.95906598281705,77.58829554809206,0.7165040636537738,0.1992679323098341,0.9809736686522071,12.348573476001143
923.0035178090029,12.975559142209582,77.5983279415853,0.7158549653159643,0.279438261161491,0.8240086006107387,13.658792584778835
1697.1755560491579,12.970428279950257,77.5962768133345,0.8175454012339134,0.13684621747370396,0.934915838378728,23.0
2426.027136405622,12.987341467860325,77.59914331433153,0.5394366596937212,0.17109181884690686,0.7940248785133638,19.767712399694194
2424.3343956741696,12.968140927193332,77.58441157530625,0.6923951092302957,0.19538894209362934,0.9779885354332082,17.923988690918645
4472.542176789808,12.963226192103177,77.59820016465238,0.623973760029652,0.1624071628015033,0.7766328344490752,16.280271582330688
1114.012057601002,12.98055796218236,77.59231848650711,0.7869762058176292,0.20030593320709017,0.9272957329506701,14.949034141523805
3005.5892418358744,12.980852818927168,77.59742449764056,0.7753912065192132,0.21597503832077597,0.8802160065772988,11.373471343618483
3989.11310832829,12.973286513676102,77.58735614834877,0.750787984506862,0.224224211956487,0.910180643722626,10.753238302767873
4771.449745422796,12.97836357047675,77.58874936828603,0.6296166741930537,0.2753083565442231,0.8604196165838367,12.728357293947155
2095.602576816039,12.971223128792579,77.60633842020367,0.7885470582940095,0.134826378560921,0.8580740052629009,11.184880480791865
2991.4294527201996,12.973938651010092,77.5840845244166,0.5469869071256668,0.21688801599676555,0.9154781204009772,12.56874815192062
3069.760357198647,12.98324990882564,77.58482245598958,0.5264689296407228,0.16765285902059168,0.7997861621910148,14.59241749552169
2695.481731553291,12.977853183340216,77.59408418742784,0.5724129000098075,0.22150066900117923,0.7991977938333323,14.898793645748167
2401.154798760694,12.969907255616674,77.58688109624813,0.6966525189673094,0.22156660931765237,0.8641450500361588,12.518474898462102
2935.975389500046,12.985123625459263,77.58574971367737,0.7675164400988294,0.15065403083838344,0.8602529860280993,16.98083821856082
500.0,12.947951446272086,77.59565075971209,0.4023967525990475,0.15494238286829562,0.7994603536195626,14.243974511406467
3182.0694900626313,12.99212073311422,77.57954934143096,0.8322742831879786,0.22558215317347877,0.9924214692914665,15.85879452471272
2626.1779036619673,12.954540409051093,77.58452037765086,0.7131112196178434,0.20117022553720654,0.8665526581568396,12.021638460265702
2277.5251032217348,12.965329071752278,77.61514095582923,0.5432227652410224,0.1890189079634198,0.8773337797003888,17.77149021804003
4546.862195719557,12.97119082464805,77.59919475058969,0.7100946970289581,0.2328993414887487,0.7672471674030453,12.860615598993665
1825.0659812094477,12.97013519329272,77.5871343664773,0.809252541467842,0.2365859237931066,1.1071635854612119,21.434216946954624
2096.9240109349694,12.981664110400265,77.59878215078267,0.7599441015306259,0.17351849436491487,1.1427067395554913,14.100034583635331
4491.553302204734,12.961021633813898,77.60027330476987,0.8099073062553965,0.157397343117875,0.8219601421595653,14.621263754021903
1667.9386951501433,12.97420766817483,77.6045441442009,0.5633753370602889,0.1369040511581179,1.0226086381169097,17.37435394536891
1949.8847170634613,12.965817879017804,77.59332843970543,0.6585994764861595,0.20167270601007425,0.890818661626241,18.247400773819944
2352.97457656915,12.974551409793374,77.60436497702773,0.6075307769476468,0.12884198614257175,1.0603769592813106,18.678374720765323
3340.734482129549,12.970952277402022,77.57421553475118,0.8717580205044317,0.2049714229114517,0.9336233086400386,22.10235213205588
2707.8025073533136,12.972529356526831,77.58403691869525,0.763936284348663,0.260841839571222,0.9099762168767399,17.647542093616135
1207.3746528477375,12.966100751675357,77.59623871401736,0.984700958895764,0.1823270114856858,0.6500730460381419,14.732054044621139
1967.8314368728106,12.96649936049904,77.59789633532807,0.6532390466582773,0.17318978597299184,0.8121394026573316,12.88141633839273
1892.6455667877885,12.974472725140275,77.58548217712331,0.6275325788317695,0.2998922386813573,0.9020520669574943,14.464686867201287
2422.7789547769544,12.98103715505756,77.59719419991264,0.6857173361404849,0.27548509095938234,0.9198666252703979,20.936065961715535
2925.843658629829,12.965617206658022,77.58836159751313,0.8378357221422549,0.1617701064722293,0.7785166286062616,9.452134787910525
2918.205755887972,12.96291232455427,77.59183040905774,0.6633880310624652,0.20695065905294877,0.8271228471323722,11.723967534163624
723.9882459515977,12.977734601656719,77.60484773800665,0.7124437597906944,0.21643391211740415,0.955344701725082,14.124053025865752
3563.9409875608562,12.971274961069424,77.60368937496888,0.7096690702886819,0.21018302113630893,0.7616789270266643,11.670738121813041
2752.5688459966236,12.97990498133986,77.58462939672637,0.7039496761202189,0.2907336723856394,0.9133729723723539,13.364912060631406
3884.532047593906,12.96254202786629,77.58402748537979,0.6347601539537522,0.20436149462097103,1.0237953531489055,22.224938153386045
2944.198327290672,12.953805610745766,77.59048826604446,0.6862708932089633,0.21186174378155084,0.9385469629111821,13.807627841480162
3601.3229577357624,12.966269959181737,77.59433253698828,0.6819897398648642,0.23443311475732082,0.9335486743165977,16.646594260651778
2966.545311450127,12.963936473907351,77.58802101511425,0.699243534032535,0.25949598580238337,0.6979848550822236,8.367212600017059
3846.225756202748,12.970812115999198,77.605006424428,0.7943516818152708,0.24684495971520531,0.8178087223582104,10.590250922726145
3022.2506360177786,12.965231547857297,77.59807389841708,0.8760628034624492,0.22690423931558198,1.105420183359104,18.730734438488003
2402.084753557096,12.979010169513366,77.59866085109874,0.6159565237330292,0.1220650097303046,0.8400838082454068,21.672113754179556
4772.434720446881,12.968718497375775,77.58193461171055,0.6608006375212284,0.1755931137970787,1.0264476209547069,15.885642389154096
3389.037122279892,12.97310474498774,77.60627290717383,0.6174988101593812,0.24097106036026356,0.8389159110643718,13.775934962441339
3073.744421004413,12.97317634558441,77.56639831177759,0.7187101537222272,0.21251993486396528,0.8722179498490537,16.984646523555238
1223.695583461664,12.973549550924123,77.6029405545185,0.6461650542489022,0.2413064316911476,0.9515586845353519,4.610261935124997
1211.6923825364622,12.971358708895451,77.6039431173767,0.7239796833741988,0.2943583030835624,0.910069301599401,15.91648537407217
2792.7154821418535,12.976706006904104,77.59027598812722,0.8103626910444787,0.1411518397470338,0.938151245100108,10.815557599569996
2645.5211977682407,12.963643448661742,77.60732910217247,0.4474168314195391,0.2568955087402292,0.8181609745273013,18.176371928896167
1885.877434991684,12.98559417926654,77.59396902447045,0.749177988960069,0.18348182687531844,0.7863729810531244,6.230804367276223
2640.98269961206,12.969234626166315,77.59522431703327,0.6539812951102121,0.24676749096373662,0.8114128385609499,12.486496096362877
4088.626928043596,12.958484508621014,77.59799528787404,0.7460422267984389,0.19793896283159415,0.8467681858537633,14.83609664756802
3195.402474550299,12.973480733569918,77.62646574911811,0.6103530562249799,0.3063502269446498,0.8770718617942589,11.952835268176184
1358.9914902472617,12.963088195175526,77.60804433908083,0.8196260988306875,0.2065043468130869,1.003727538063982,13.49806239924743
2388.4911728570564,12.97825334534509,77.60161131200712,0.7913280618040284,0.167974288782201,0.9087341456025049,18.61773740270603
1695.0335191474392,12.993696055760424,77.58547195513398,0.7568352148542643,0.2209937311395884,0.9484597102508585,14.902015941930967
2112.300083591439,12.963734279084422,77.5960358982548,0.7793225717810098,0.2161971390359135,0.9141601012580133,11.2776767801417
2086.3843343703575,12.97492372333224,77.58646875906153,0.6254379532827826,0.2569048547055224,0.7884565746471224,18.761600264031166
2022.354417395995,12.954044944112955,77.60282110847282,0.6380376245310709,0.22240263993024628,0.9017269526005649,16.00392347628465
1244.864628026605,12.976139052294414,77.59600466975735,0.7752436200817479,0.32375323195846517,0.9130782110191537,16.169949918339988
2372.34531848181,12.962742862002004,77.58335478320386,0.6232270857231388,0.1944297932298864,0.9759923221341308,11.429955899087584
1939.39236315269,12.965351653815656,77.59541124583419,0.8445635046658087,0.1950190025109763,0.7931411930356536,4.809573309351791
500.0,12.960587135101601,77.58610582530284,0.6676408928718968,0.1698056974973473,0.6959589134851639,11.375475066574511
4552.972024501663,12.978921512260548,77.59611216221337,0.7501894389860622,0.20428341691770885,0.9176263815170498,10.968525687858067
3588.7696542166723,12.981673043574734,77.58600922683635,0.9099249519255089,0.21155295605414773,0.9353850001588381,12.546812171277113
2123.699275075004,12.971833852146586,77.5948748763336,0.6293776645931923,0.2140605264977939,0.8820615193682952,11.63257733603078
2518.8190497405985,12.962955732946643,77.60210469861936,0.7068761750844782,0.20335938377469998,0.9028020900726791,15.450794036187864
1328.3456526824382,12.98749523036104,77.59406948008075,0.8054183164637307,0.16950893916363508,0.9878772378582805,18.52350988418281
4195.722877810866,12.964095898722453,77.59069111732828,0.7951277388876531,0.15591674359588226,0.8541194423472491,19.304645709411517
4397.288694773111,12.949979677000726,77.59663276221058,0.6672184689760642,0.1812413137582222,0.8721359157841421,18.348847433454512
2656.6937282465246,12.976183890099572,77.60157182620793,0.6483269562478146,0.2570768830117557,0.9079036444613832,11.409500096753181
3523.5306441853445,12.960552253263586,77.58352816730118,0.6766864067454947,0.267839984274574,0.7780185320830657,15.235603173279356
2675.286778933924,12.981486087934993,77.59720656154705,0.8447857766151363,0.19615177317797827,0.8848102774952246,21.260663392680208
1163.2745611240694,12.967788623033266,77.60777540819018,0.6720894143640053,0.15292085167662878,0.8936256682665794,8.661062668108361
2088.1766310363428,12.977637132405443,77.60033656963277,0.7078115692483464,0.19594131948416046,1.0637042214320274,20.392920177700525
2631.927966771957,12.985615003465522,77.59517754146667,0.6573213529076575,0.30458327176350397,0.870188434237154,11.015586654441282
2045.4522812565558,12.959511411353793,77.600997375067,0.7705548564795986,0.24994839176583106,0.9200011239944468,16.175061150336333
2281.346722564964,12.965940628691076,77.59912496456103,0.7155525037583655,0.2275371345766274,0.9918617605389742,16.651140467876115
2408.6004424908856,12.97084328927343,77.6021360110916,0.599656618924177,0.2481342458526285,0.8162515274689572,15.759652146277883
2419.121502134539,12.986975513190345,77.57436068389018,0.6031175885965006,0.27702833056706566,1.0375740386876167,23.0
2552.2584904974833,12.965016172820595,77.57906543866336,0.5001394433444493,0.14235668992264403,1.0763870232057278,13.79667239811483
1439.394933603399,12.96565496304051,77.60464829149483,0.6168678590874384,0.18039800656514388,0.8971103712351325,8.442048500305432
1782.9838508720638,12.976381405755559,77.57954720823838,0.7793945803632172,0.17356391835815924,0.846057393854062,16.425788270107383
1215.4157343000306,12.965827712742895,77.5986153863572,0.8323760538012268,0.2293557198535492,1.0627119424390388,14.31984006110216
3477.8155496862005,12.973125258828977,77.59107950343967,0.7685558363217183,0.20800554453197986,0.9795630872768148,17.219204832876688
500.0,12.95608462579032,77.58463810754404,0.7554632200640681,0.23781556453447042,0.9081969204663837,18.528380967494932
3653.5903433169256,12.993743299425567,77.59809649757148,0.687347395047135,0.17465563250663887,1.0426843819615703,14.865241313182148
3886.349397262843,12.958122907696906,77.59661033503717,0.7774914554913986,0.2685976025339578,1.032099218854932,16.745241722569194
2197.819413017379,12.968382472960098,77.61570342652097,0.7286278223081883,0.19653331459253492,0.8663743046041777,15.57695172894812
500.0,12.97127518964158,77.58835188795464,0.8804448971987124,0.23472727759790918,0.924872985329915,22.16754977629885
2138.6894380327094,12.99072688134357,77.60900110120069,0.6901554685823251,0.259770324946147,0.9576792487925957,13.517752988529338
2435.8158387111807,12.958351542190673,77.59812422914385,0.8343008083736131,0.25575621577474844,0.9028730029887851,12.251719207960548
1489.4017800710867,12.991437041354787,77.58798978118458,0.787411408181786,0.21804142042008984,0.760912940909572,18.522923612444913
1984.7816061917574,12.979171768211021,77.60259246457517,0.7735443286204158,0.24096734531912728,0.8061740496301754,11.283280738629134
4030.1951988633514,12.975770953244233,77.60025738504454,0.4988508674538179,0.28708303319861433,0.7641737214539773,16.568631222330183
3164.927162301741,12.961753663129821,77.59495843294859,0.792918956154771,0.2256800616987348,0.9492924303024004,14.321643385323384
1575.4358856219,12.97731141242038,77.59726295356441,0.6872492021090846,0.163517679896921,0.7815647682876256,14.594717261832267
902.4008304045678,12.964365133775802,77.58863012968955,0.6556073505565108,0.22915253654819426,0.9192418070817431,23.0
2172.982682390229,12.984266612531984,77.58634212874746,0.5517086958822086,0.1981359390990205,1.0831903826275158,19.936346979688935
2286.5432206495616,12.961889379708923,77.60219442173823,0.6994412866031816,0.0825999432797828,1.0427770184912146,19.08631813327773
2996.1991873633165,12.97046841505544,77.59236060575687,0.7033551596818243,0.22309990118515466,0.7162583353066021,17.122282561907895
1964.6832874323409,12.96604726911987,77.5937991700175,0.5696998078185195,0.20583253250078037,0.7721298529228994,12.233943514239298
3011.4995753618614,12.96172477037573,77.59739821595944,0.5526719827106308,0.25782088857487195,0.8223483575820142,16.045926746950883
4435.154040060229,12.97901319816908,77.59725288344784,0.748661948012811,0.16249531712558468,0.7830976310780633,17.33329720331468
3315.5010224442626,12.976954587474097,77.58030673529026,0.7871705131061377,0.12471451688103463,0.7346185622678266,15.795941720557476
2451.9114926692273,12.98369010198901,77.60746252086454,0.7190282909922421,0.20843404297052548,0.8989159660274759,15.379001309375845
2316.8495289467055,12.95380124891792,77.595811821519,0.8150834649684362,0.21900886938027234,0.9705100549416564,13.41020280484238
2143.3268658201287,12.98224170702341,77.59257346737178,0.6913615015648501,0.20469164726927846,0.9954034038722888,16.09383459872513
3680.6409124521447,12.996654489053569,77.5989084600517,0.6945648725599797,0.2010354341842702,0.8525523829256191,12.897714594185894
1872.686554048697,12.967083589108231,77.59696542193615,0.6082971971259209,0.14656365228968368,0.8728096299684409,17.813692718269042
2545.2227089999824,12.99055148612109,77.60227062689489,0.5439758022446282,0.19305414315125385,0.9355677245124756,6.936915195369453
2551.1979018810853,12.968968387279402,77.5999798367215,0.8854662133859584,0.18257970852477926,0.8891514438160851,20.43497426579977
1998.215807188468,12.957875902624387,77.60177846228996,0.8131299050249746,0.253635437038372,0.9810606776095803,9.753336392528443
1127.5344521158993,12.968543675575933,77.60810993905727,0.5607487432861521,0.21896626820153073,0.9430364862834514,10.73097990372177
2822.9745036176682,12.982082039676753,77.6034362454897,0.715575190783128,0.18610014391274027,0.8623695576485971,16.63541674248672
2438.9960281446165,12.963218235176685,77.59299513779672,0.6899953688896333,0.2861942438211383,0.7143363688346557,17.15976732141865
3000.24046943657,12.965596613409936,77.58337098843923,0.6726007526836957,0.18655461618924954,1.0499031605481994,23.0
1966.3996935608332,12.977535394322933,77.61127797933004,0.659098215218506,0.22788933619430818,0.8313917710555678,16.185138117236505
3720.821298813048,12.971630601167385,77.59222276626653,0.7381269146967978,0.1916539333205359,0.9357558645730261,14.838180936028664
1623.2262187881552,12.977446229524867,77.5898689258664,0.7818175525471474,0.2815576257514002,0.7083408331280903,15.765197514171296
4212.040284017892,12.973978295407584,77.57723273182235,0.7402391169028205,0.20434298879068055,0.8988683416614195,21.361951045151113
752.3634901717385,12.976396253195515,77.59798473105312,0.6879481625620806,0.2058207113945337,0.9100261960862199,23.0
2934.770064556891,12.967276988141904,77.59608886603954,0.684277328310888,0.19300648206136434,0.9148602072547662,14.260798804364057
2975.4306825266235,12.973917309420305,77.5794488506375,0.7936814316922667,0.20982559630006076,1.2013793282717997,17.17108966468845
1704.4429320591175,12.962326269943041,77.59913274042133,0.7463444938116062,0.2599768919323955,0.8368881626206568,14.702443262017894
2924.3939378610125,12.984484336225034,77.58961808079299,0.7072689463035433,0.2422921922342344,0.9820664226956693,14.622934634984537
3779.518669760159,12.965257252831828,77.62150315007288,0.6964098702399891,0.20140380905580857,0.9523232452209377,22.51620249545907
500.0,12.982888474875494,77.5889063880791,0.7345270509612288,0.2850662553228327,0.8321361007332414,11.297073104546042
3002.7448074908148,12.969263930390172,77.59024806667801,0.6531651311440551,0.24364928206712846,0.980566940318093,5.662875164466687
500.0,12.973619990107574,77.58585223775745,0.782153881730821,0.17809094404013254,0.8835679063069197,16.269777436186214
1534.335196476792,12.966650354491094,77.60737876521041,0.5924141438162133,0.13098258231330312,0.9875243217576719,19.804026115048295
4129.166364900945,12.96144004568832,77.59087224205535,0.6588543490233518,0.1792493099101715,1.0960962623421715,15.879586505004124
1918.217966607946,12.954152396123947,77.58735085846234,0.7611106095446023,0.22066743892751264,0.91507988906341,17.00881420483205
1326.1200355910273,12.961046758414076,77.6016695500992,0.5867117186645726,0.22986001853157134,0.871887477093155,18.009573524507573
2302.062271015318,12.96836091146784,77.58079647064586,0.5426991457350498,0.267956884165101,1.0051556183810413,15.443644293638423
4567.9063381635515,12.97371879178829,77.6008511054625,0.706307767542924,0.14527270124405,1.0396653165934342,17.2252304937933
668.3177527939738,12.981703793132834,77.612413997166,0.5303541845553529,0.1780422333026595,0.8116742460607951,17.15844759461464
1448.6900883606554,12.967142425402033,77.60026607832835,0.5701196445948138,0.14111786650627436,0.8547042910461925,7.16558161104205
3997.4316831796264,12.96278039235733,77.6009789831626,0.7756594118506431,0.13306003942102773,0.9675423271841262,15.455467574919165
4357.702343537732,12.957172852139973,77.60330060216907,0.6795214742394263,0.16860906270233408,0.886796798958528,8.708868668162008
2396.568775709716,12.976400636179042,77.61169708028676,0.8285486949708984,0.21833061221470107,0.8045667987013213,14.84731397957031
1260.9472974733576,12.985431945153294,77.6066989396002,0.5795185659062545,0.23856972174451582,0.9540694827895395,13.018876204642263
4595.843501809159,12.984263302679564,77.59899669722273,0.6906047634367715,0.15258229466891626,0.9671489715706773,19.13604501747131
4094.4423917491968,12.978699327481474,77.60363891400635,0.7399584553207759,0.159536204030638,0.8665614244103025,15.97765103683999
3178.946987762233,12.977985433172677,77.58574065074535,0.5829485069871091,0.11100884123382831,0.9061348765331237,16.892771384352915
1687.59765106258,12.988576237797094,77.60236293590748,0.8031761904499625,0.2107176104138498,0.8423426931053881,14.234197128150997
2450.9706591619633,12.974920814614169,77.58454444028816,0.7510678883166039,0.1633930549014631,0.7904762574088028,19.20872505042545
2339.6399189551694,12.978061296760242,77.59092977581368,0.5390712913312565,0.2831515689105924,0.8502935393371813,8.610698637909065
2830.8513046155776,12.96839216138148,77.56377437824857,0.6962258203791399,0.22049043998247975,0.9073932350175907,11.417990191514642
3951.001438131336,12.957979566291453,77.59861429659368,0.7385956736258632,0.19142771282716126,0.7524910778530703,20.14522848643521
3379.4170411374034,12.964761510995004,77.58816127988892,0.6409943326471942,0.1679443786227774,0.8575987068747841,13.257406003471264
1422.6239230152419,12.971508409614653,77.60571145215205,0.5520135094491185,0.12526648899028853,0.9087830130592739,6.416671979316458
3876.496450019538,12.972207853725013,77.59850192610605,0.727845878944741,0.13160641115272848,1.0194659910124868,20.81056510645554
2813.1321400131555,12.990862858548555,77.60584095894701,0.9211242950282561,0.16889295227139328,0.8687407645199469,19.307744285439192
3187.0657958589163,12.972412771675911,77.58376403455327,0.661301590084231,0.16505485589878477,0.7754097649890778,17.843877626442932
3966.540859278603,12.983388434440258,77.60498386037159,0.8569241181284708,0.1500414078577003,0.8790339987302271,15.37762402780681
1388.4197504864487,12.967249227584237,77.61565856344363,0.6247711178238531,0.21885473637211722,0.843343069590991,21.642988072634786
2464.174421293537,12.968483241142348,77.60224158299931,0.7215545635009951,0.22571327962074297,0.9552178555057363,20.034473716250005
1968.5454486407848,12.958309923627766,77.60250349008692,0.7771522530876119,0.1770683801349136,0.8662094673637771,21.19142427516804
932.1405746345442,12.964176719871235,77.59629597676395,0.6991586334028634,0.2967576134132659,0.628943337842073,17.782001921788922
2846.70997760492,12.976869813913638,77.58935331219435,0.6702264351118769,0.1126635316741954,1.2691624501197805,15.491183405004326
5011.556551584424,12.971675601803941,77.60221192372701,0.7726127521350373,0.20290819494861317,0.914236329159093,13.403340515940803
659.9222554942471,12.981029386198973,77.57953917089598,0.889145511526922,0.18907098979560374,0.908919151030858,9.924304630136513
2467.7193889505297,12.973412539483451,77.59042244875079,0.7300586924639131,0.17246495590163718,0.7458590028002968,17.008182461865378
3140.5429350747736,12.968075462683624,77.57688943197662,0.6483939823469652,0.16511685769934703,0.7535430734038389,17.34142933918242
2623.078201656181,12.99308296863787,77.58756343622684,0.6810248442740316,0.19965200585438211,0.8908051042326968,13.600874672370704
2386.8719474842596,12.97066096431287,77.60102045091894,0.9519707645645374,0.18872360863391358,0.933617133231164,17.454724112466533
1200.7836365541757,12.983230009697053,77.5996539337622,0.7134907116338127,0.18040617364437203,0.9702114139176753,13.671288673603424
2732.7867429401635,12.967587907934554,77.59510913695536,0.6405586301422027,0.13506401825053127,0.923743765731826,18.469710765387845
1743.2360229840738,12.978695994793837,77.59630400994062,0.5854932083517459,0.11909440910947505,0.7814057796831866,11.471570827429124
500.0,12.980880156591518,77.57574135382136,0.5174098905887394,0.18557417624022174,0.6495533390919952,10.779553859965192
3694.592220513731,12.973684919705756,77.5908743771943,0.736358427384619,0.1798951947751735,0.8899777650621795,14.03768509112541
3458.3858198420426,12.948055170773035,77.58778648393564,0.7654641992824504,0.1901481569861586,0.8466025329390873,18.315141582009147
2551.66097685108,12.971782524608562,77.58800940309486,0.6603303820034793,0.19456891010552457,0.7737428275887716,10.364858141363907
2729.0746882057024,12.9839046004776,77.60059578627813,0.6985029581969046,0.17387488290585912,0.9828058224105626,19.198748076036782
3574.318012715561,12.976874808330278,77.58599492673494,0.5829538290711376,0.18937962880908973,0.7424423250820011,8.429647462459151
2724.339656778083,12.976058388752293,77.58855319149873,0.71329284648275,0.1573235845948253,0.9616968839456583,14.013016497622838
3404.0175547613144,12.954377430660426,77.5737293075429,0.7481495320567124,0.2761972904581642,0.7589862024982519,9.347695491589437
2202.51779912615,12.96439544929325,77.59165876819624,0.6464835732832361,0.16001299259250157,0.9134088685583331,4.560402543267072
3811.9837385739465,12.975713576311515,77.58372162452287,0.869045266958584,0.18145096452673298,0.9933974322018622,16.465807219101016
2820.785725932684,12.97570383276787,77.5953920292869,0.6162893673253088,0.16381056054430598,0.8662066684397726,14.28875556547554
2694.051943605874,12.983746667801329,77.58508891953258,0.7283476604018981,0.16297092298975485,1.0689919834506822,9.411604268678044
1229.938911287968,12.97015133244854,77.59564542245549,0.7848317219704605,0.20123207833189735,1.0917886325593504,12.933544568060881
2786.9558543017088,12.97565824086674,77.59315314239258,0.6922710499850617,0.1948882895058494,0.9237175000019655,16.767300907717257
1668.0450825055489,12.971763742419313,77.61132041773043,0.6811523181105508,0.1770269804812395,0.9541385370590273,13.527401332043324
1861.717273471506,12.961730572634984,77.59957217980453,0.5571133849550337,0.18582620042228443,1.006070886631652,14.205275537726406
1684.624371683879,12.949042086689053,77.57620362127437,0.8357341495716283,0.16400932245033648,0.9544426372485489,13.406173718707798
1433.765068100775,12.975910096921302,77.58195111155898,0.6830106798332404,0.22008628188630802,0.9437243217598544,12.670791474280161
4624.771403016961,12.97333947208413,77.59515208008992,0.7537365424934824,0.3027596371295357,0.8475930597223913,12.61865090102769
3831.339061988403,12.965418249578999,77.58530152051607,0.7672720487860141,0.1562579361383391,0.7312643824822288,12.501210534817059
4420.367502144261,12.955408269434843,77.56491631569764,0.6371701507982246,0.21969816118673025,0.7609904586750523,11.987428495707704
1277.104980444436,12.977897395144089,77.60809546313834,0.6802471395708785,0.20224744785103552,1.138236735876152,10.93082160923679
2571.2537499108926,12.968940799258045,77.60180224016905,0.8334482350743504,0.2334314879066295,0.9322458957805001,13.481150729128684
1206.4923747959042,12.977168747223683,77.59980976873491,0.5882802334259555,0.2348396480248036,0.8754316518608669,12.440288590687931
1804.305122802936,12.990240485304119,77.5885267695453,0.9127918074757256,0.21027063486093303,1.026332725911791,10.713205477937226
1581.8730165834252,12.950185691196804,77.5988767677101,0.6255127214723726,0.19800897119424501,0.825054202713817,18.06405862142781
3739.5840064415615,12.964603991912977,77.58755639675779,0.5820482543359488,0.1782774900175777,0.9583108267413188,19.93054388766686
2103.77032189824,12.969506243866881,77.59664857300217,0.7132309020688534,0.16175198234456822,0.9077192033560039,14.999588901586401
3568.379333694016,12.986148261741468,77.58539416774164,0.9208348264339871,0.19515771695241077,0.9460027501103603,15.265891951723356
3104.120889588518,12.955235969807935,77.60976288450556,0.5089034064407795,0.135770558429116,0.8663590130706144,12.22974413652161
4803.638752104789,12.990958610256806,77.57889763345918,0.6858984281510307,0.17030720049412656,0.803530569270962,19.268125427163987
1020.555776860276,12.972958559015664,77.6069228382951,0.7476265017256555,0.25534268122362846,0.8177128926860358,21.95272446030536
3759.233239786799,12.970639993382662,77.59498915828017,0.703364995853553,0.20492561105398457,0.8216115797739703,14.344824683897354
3646.4408704007274,12.969619402367812,77.58970533004658,0.7381921670003009,0.2446332209467775,0.8997029687677844,12.914213886429913
1526.6211619729654,12.9672373696782,77.59627002921695,0.6281966917827726,0.2734821943329212,0.7443864819526057,16.36590106381938
3507.1333364731595,12.982081167592693,77.60193348007178,0.6400278154068618,0.19114852720425915,0.7752571384977908,15.515724176153556
2836.1449630262287,12.960914792459176,77.60826746736694,0.68515773528408,0.21036629170968207,0.9135524297529203,12.999378098170842
2272.523740046592,12.97505414181644,77.59773143023133,0.5870111912097249,0.18490770529236222,0.8872324955586085,16.884783332129402
1676.0645130280004,12.96775818334293,77.58569303914737,0.695531359855981,0.15936971197621969,0.9190231534256699,18.752630429559588
1780.890548550814,12.96397866551486,77.59515630123765,0.6611254706328498,0.15235158703337978,0.8954956465666891,11.856726394700882
4549.812095785926,12.997459751756839,77.61276793236662,0.6529954814845131,0.24215751862982457,1.1518950206888214,23.0
2500.6828189574826,12.975790507347535,77.60807678085513,0.7320506412598637,0.21043136402428242,0.9126738433990874,8.868231371608688
3282.130001531459,12.977732655446612,77.60368763478124,0.5179340506800696,0.2923301536040527,0.8620920350512724,11.593237094636397
1709.1006183324469,12.982977767806688,77.60255687020123,0.6770909896616846,0.24860260064619455,0.910113178536151,15.935872121209453
1720.1470537783612,12.957386500546814,77.60159450090606,0.9317353765614861,0.16343935052318162,1.001995504251033,23.0
3581.9848092499424,12.989122919091221,77.6061875483451,0.5913890313674375,0.24201710901133858,0.8950371610622535,12.7496372332775
1150.4237884484678,12.94651042821505,77.59003371214278,0.8285500496484413,0.18474622304488725,0.9684728358636246,10.737014749617654
2084.7862320947283,12.963912335899614,77.58104913934226,0.7054656120912698,0.26084298545645007,0.9396045964402217,17.196965913714983
2534.027411072232,12.967009683268211,77.59529003500737,0.6397042191118582,0.175683306137849,0.8709584423157356,14.005622369127716
2611.3726018400525,12.977417233649705,77.58642418413223,0.5679358340470193,0.1473787019878664,0.9110875798881952,17.661022779817728
2320.906714983844,12.973787182661415,77.58404979244622,0.7139681965285232,0.16021224614692953,1.0598922114192075,14.71687780039832
2895.819781095923,12.969931852593017,77.58739721423412,0.8453397105814676,0.16276675487925432,0.9243078295037964,11.571333831480178
3192.8557558178118,12.971480026553722,77.61945313924534,0.6610788854803236,0.1579874117690668,0.801397897582893,23.0
3234.63754545933,12.961819769764775,77.59596124634076,0.6919038575263226,0.17136958621974469,0.8680489572867125,3.1824376036771227
1514.1961913321734,12.95662767605516,77.59821907836361,0.8010370850190331,0.2428345935162619,0.6885752750267194,22.280955001399086
2215.844902071203,12.97886511622336,77.58237637192995,0.734087079134628,0.2898022104133092,0.9137398706752881,18.733047616935707
3694.7628618769377,12.978537061125362,77.57616247041207,0.5427724220275421,0.13349052422232482,1.0312062343782813,12.017642833891141
3394.6471875738725,12.987444943751571,77.5864094735688,0.7098887215855183,0.2631756521416575,0.7658594231866146,22.48968041933506
1127.1405485189362,12.963699829031848,77.60898195585209,0.8512234910665598,0.17611481420127859,0.9149732734508049,9.514323203022958
2851.4799003522016,12.97852815210301,77.59794275466076,0.6963058813532501,0.2173941265601117,0.9985431805869287,19.0324438480301
521.7747506251897,12.968762932716354,77.60058595091445,0.4258510570522623,0.11729269847133514,1.0091138633196484,6.669419547811559
2546.9349020603695,12.983504749851935,77.60198566039202,0.7388214991591072,0.2262017508672428,1.027980117227583,10.416487228118498
4397.767016745977,12.981819627766782,77.58868650620202,0.6801543560455964,0.09973438015919688,0.7131746168654497,10.406552697408491
1552.1072827310136,12.973712093992246,77.60847965583973,0.5170905586078782,0.21569675361550827,0.950493095461181,11.997373358284804
1665.676954508418,12.968204698433341,77.58827192400778,0.5320791909946215,0.21286280235146685,0.7494434814905395,15.046324461514633
3264.0297815728595,12.981209321786084,77.60866232359263,0.7975107143288809,0.2095503817147734,0.8001667863427528,11.69609454356737
957.1984847903541,12.978069045232566,77.59902302156135,0.6267617254404919,0.16325449246835355,0.9821122259608507,6.8543561932088455
1867.2449701149608,12.964755595979138,77.57670954845754,0.6092503619264007,0.2274763337214822,0.9158047121851617,16.853803074802716
3096.4411375817526,12.958322013265207,77.58711990513399,0.6964361439068331,0.21955407547083589,0.9726336074239375,15.195803691709916
1865.714152310597,12.968714670993183,77.57675061467128,0.6355797001680061,0.18950236081794403,0.8070883395198302,16.63570936359272
2264.030012789028,12.986754138153483,77.60623282132794,0.7100048627777745,0.23359251535875972,1.0473603110162877,15.687671637063909
3244.1857103150346,12.983064871587331,77.59435264579197,0.6797279970563329,0.19521979267172473,0.9688333933841051,18.816941127940662
2921.546083536561,12.960476725303295,77.5723165756005,0.5800004419906356,0.2264388579454381,0.9889298119293459,14.698070587355588
2766.8183962954017,12.959922425841,77.5983574688172,0.6488802201438615,0.1937060336302955,0.7919833223884865,19.050082539241238
2160.8777207299613,12.984346838496796,77.58922835737611,0.7442753321309103,0.21083509955547705,1.0171401240212619,11.897213407595089
2870.0611152689553,12.960243640952422,77.57976194144966,0.7041918040238625,0.2287361470537631,0.8683838423359598,12.125318482644587
2376.2673199002434,12.976692953236421,77.61137965836969,0.6918057517608168,0.18010437131909826,0.838877372985461,20.50415758159277
2957.8056099257847,12.965439287846637,77.59567285866096,0.8937384241179385,0.13830817068729023,0.9625463540045662,20.422674632909157
2003.0679748820216,12.987770449245218,77.59166568597686,0.7731037525385536,0.21380395027740773,0.9583211774787939,17.29496857112333
2317.431025620459,12.963895752008622,77.59060575219014,0.7852441264821342,0.2594695689306465,0.8153181152242662,11.44356834856077
1510.0422074479861,12.983033615302059,77.57946720530842,0.6834031592205074,0.2149575486478723,1.105630101019252,11.121470258816974
2464.992389993764,12.973448586540604,77.58155451100416,0.7220145190351275,0.21590711573481863,1.0814350576389775,20.312255849445084
1688.9991363711551,12.974121948542344,77.60744916784876,0.6568900010474307,0.197891194675168,0.960503514081177,20.090659710312636
1385.9535498380067,12.951896914186486,77.58986117130215,0.7777549765524128,0.23695593263866005,0.9430403422731688,14.7456825693195
2758.661147855388,12.949570866467944,77.59482067700937,0.6889600095900956,0.19070322919310315,0.9329786226260296,23.0
2712.7397758576603,12.969394340597328,77.57415669523799,0.7222377748930556,0.17730506094365692,0.7450003373981329,16.83560028778456
3282.8737349485727,12.974069060634166,77.58141907964205,0.7160611302155168,0.2552649126437433,0.9112807387921463,10.571202503875522
2068.8744304249008,12.960348021722623,77.60069812519875,0.6981833118594545,0.1734730840853659,0.9099541581895748,13.897475601328434
2908.0528468367556,12.960713065895238,77.59837711760113,0.993818806715577,0.24447354732258747,0.8423988313761619,15.021882312021495
3050.7975722736633,12.977214726298262,77.61213375198724,0.6333380722505277,0.25529677309788545,0.8690650827998416,15.345594546996454
2944.7738078315947,12.977228544804571,77.60802956331631,0.6324288469841307,0.22834084660310305,0.6618707605284527,20.00001287140683
1674.3463171978578,12.970222589396121,77.59229289027515,0.7694096746811756,0.1375382240213684,0.7902727069875009,11.174844349342564
2649.363482271189,12.97940201721186,77.59932953564713,0.640483100092482,0.2013577454611249,0.992182629150729,9.673950803551133
2864.140296054661,12.959857977042798,77.59143396557097,0.6708593638651106,0.18990000014706915,1.0731196901639362,17.40929473202038
2507.178466907942,12.968040650829131,77.61514809818638,0.5913589046644381,0.17520003723323435,0.805661931470423,12.972061964296586
500.0,12.988078776057836,77.60609014696053,0.7491557919402586,0.20713757936732138,0.9182848654975939,23.0
2660.48962397348,12.9722832212994,77.59629685090857,0.7504257244484152,0.2384603173748774,1.0098382329397317,18.77288152590253
4712.531039397242,12.97286312514587,77.59660394784876,0.6684807940076555,0.1770723669934401,0.8479784974105247,12.89841419063904
2139.960731243017,12.994659465859678,77.6090485028726,0.7714816688480072,0.19143086628631628,0.9676248177234615,19.851414955136825
1771.9229021446788,12.957606578341514,77.60039577847114,0.5141874986266408,0.18794705330840064,0.896621030441984,17.921643180332023
2873.348559711398,12.979564303666422,77.6101862801707,0.6293146598485656,0.25819355227721563,1.0190401988425348,17.53478858985311
2812.3782104665715,12.988239862798082,77.57266352073741,0.6830020813789069,0.18714496910947068,0.7717549260331377,14.51102427364603
3692.7351654164145,12.968351420735015,77.59921228261499,0.5827717503097046,0.13827971711191273,0.7895423371232346,16.68180340655386
1242.1318440911123,12.98019630786855,77.58944565135319,0.5251286962581277,0.12132825805047431,0.9279539168942811,6.588168397629342
3231.3802525749925,12.961779805027891,77.61216377987628,0.6692104034961552,0.2181364783282985,0.9096206099900437,20.268357616888203
3090.4220612514637,12.964732676044328,77.61006398687189,0.7694020087060741,0.1619659130057049,0.894367610350667,1.2557504413279101
2357.853463059454,12.975449664160477,77.59492835809101,0.8282108391426511,0.23343622526362393,0.9575834160204483,13.23150762389634
2838.68731792169,12.979585666731106,77.6099563097881,0.6452712116794627,0.13343900057464342,0.8069350435442264,8.617157787223864
3529.457481598357,12.982809365124062,77.61243114519992,0.7733215837621593,0.17305439166946962,0.7630564388378571,12.996595435073907
3372.3153800284504,12.987296285869395,77.59534406671926,0.7636542038075667,0.1334715575239926,0.8499891891971275,14.703530910351578
1356.9806879262715,12.970925534414448,77.61931933772432,0.8218608174334496,0.22173053577744617,0.8611721441301902,10.212825864335155
3320.1581867554846,12.983536117551726,77.59428658847331,0.6649808969645998,0.23244237703123252,0.871625281894209,3.902091029443037
2435.3113949674816,12.968176951565509,77.59245479049665,0.5201499504815326,0.21693125788183001,1.0269045711353877,15.828262896564231
2572.8740980155153,12.980620913115883,77.60325872588584,0.7070185852422745,0.14570318397980786,0.977041724679921,23.0
2573.1969910016946,12.973674887978522,77.59106209268857,0.5986206259030277,0.1627118127944667,0.9533239869155429,13.594879332599973
2349.75701120174,12.97605677907082,77.59545339775795,0.6276494890937991,0.21171569943057772,0.9221999594629311,18.8373238249032
3691.707497107065,12.975835078740221,77.6086943442405,0.6698780855946818,0.1156129295937818,0.8565811544284445,21.017539350227544
2416.282040150788,12.955552949902023,77.59479218852218,0.6661072368650857,0.18794325278060486,0.8146054843216555,7.3998483018168075
1380.4538716168313,12.960358781411392,77.57764982207024,0.7141559266895794,0.27584526766679407,0.7802842579307979,13.170899394086716
2106.470144030271,12.972625414398175,77.5982731938785,0.7703156316419617,0.19100222254098126,0.8305493149529325,9.894457553244795
2678.6947168104757,12.95472720920359,77.58763706420947,0.6632264416724033,0.12557276804840245,0.8957078011639011,11.774891848087345
3729.2147842970508,12.979912111031998,77.60325271157295,0.7395697506608004,0.16962953761619323,0.7845015799817334,21.808046804586517
3103.0946849488337,12.980315559662882,77.60156189715826,0.7014816009930505,0.16846538371612121,0.9169519757736609,15.894717945696769
1649.4647212529562,12.974871705528779,77.60931400348167,0.7935494395878445,0.3070154389918281,0.8805561872764355,18.155294404180697
4985.189916678892,12.960388659872422,77.60367532300792,0.6811408148893683,0.2832839540256948,0.8602701588456798,14.824403576144858
2764.7753109779796,12.985401389388686,77.60550244283658,0.6921073324225444,0.23654677170507893,1.0161532901211636,10.157789417057824
3775.390737999015,12.991972106397185,77.58790903239863,0.6625599552001092,0.1828462034629301,0.6539381377777269,17.712462788874824
2348.285566422771,12.97307076827446,77.6026398649589,0.6837751460041505,0.26003148304898616,0.861627045471507,20.010301485771286
3033.3592447054493,12.976705353784514,77.6142845128936,0.6216511871654126,0.14332701804747708,0.6647562554370522,16.26949686467463
3339.4685045184046,12.97361738654796,77.58771350091364,0.6117402713856486,0.25382876576221297,0.9238562672929442,16.956497447039737
3718.194711754256,12.976903691889989,77.61259738291727,0.7775765385282725,0.2463986768710022,0.9762181583198927,10.060794454532862
3557.368305378225,12.970404412433737,77.58910649908799,0.5916798316815398,0.19243271326753597,0.7648893795786198,17.827454532596903
3372.197000072978,12.971254357601563,77.5860802875495,0.6680881910302097,0.2569593156675386,0.777694241610861,20.384055291705394
2184.913268805891,12.980657176004975,77.59756200443354,0.8015342786270996,0.1776389435268075,0.7301700168289544,16.618341897085813
1928.2539580439386,12.995056241618965,77.60175910416129,0.6647299204996392,0.13674572009508834,0.9063641992713168,7.812867016492429
2832.6075103241974,12.957599287655983,77.60371750123973,0.7828740453685574,0.24889825064999607,0.8659211723795973,21.542518003101126
3433.128072341069,12.97056187515597,77.58498237579226,0.6408954279273158,0.19573785354302706,0.8721345269608407,11.220704425424945
2277.279299223393,12.95979539514768,77.59894540097254,0.5948836393649806,0.2300890301649334,0.8632028360514119,16.551147307559646
3565.1719657143867,12.987520248985762,77.58774445428516,0.5405174145099179,0.29104432957797033,0.8026400935632061,18.811905074243672
3952.6167454861793,12.965722620306801,77.57971077743929,0.8312724069272661,0.16388729638018518,1.0131874023896037,19.318473288203975
1583.6790809265804,12.957167992062143,77.58531263684468,0.5863128818365584,0.19283102475800123,0.9272340680131628,7.799772752880617
1663.07929620372,12.977981869988486,77.58709099634044,0.7747186590125092,0.2784817252288857,0.7815336463222395,15.46886902429175
2359.6249410946634,12.989043111147431,77.59981595160353,0.6000052973206618,0.2334365865427642,0.8299453184167499,15.204086443530436
2807.6126681891965,12.978235978685609,77.60612213663069,0.8317383917939821,0.1650108627897702,0.8127931225532524,20.756112750906045
1975.4329862329491,12.973647978772819,77.57986793370125,0.92067827246151,0.15224911482302608,1.0405927903473062,16.834894169642517
3852.2026788671446,12.97569140922776,77.59811961074207,0.5313469940309663,0.17359596799483273,0.9711219272682866,20.79247064417984
2924.0668615184513,12.985748406628256,77.5828330181423,0.5915243565841186,0.1630792647598561,0.8873510543077447,17.159670399540616
2539.4470482407396,12.96285800729986,77.60089085409014,0.7773131863803224,0.21186740597447656,1.070722118495386,14.703335181755131
1064.0904761314725,12.970481528959137,77.58837269418996,0.7513042923365815,0.20392172535987999,1.0452043595199183,15.775437686152637
1184.1841835724929,12.967073098514906,77.58408670981977,0.7776921854760191,0.21396188771376756,0.876928910585823,21.09438766840985
2781.009250281806,12.959921346927084,77.60259664515347,0.6426244449595624,0.15795935992201088,0.8589434677876191,9.812272657995004
500.0,12.968316247405832,77.58873077394554,0.8987534161023367,0.19645830462373726,0.8637636044102651,18.623818040482128
3512.637409644072,12.982677210959825,77.59144036048647,0.7118049466689774,0.09721501130218918,0.804725340403107,12.489536035116853
2341.8461556276798,12.977266021483928,77.57240010912443,0.578303742315648,0.20725031586806833,1.0733974448467163,11.630083663005188
5743.092969594733,12.978043105001083,77.60406551361423,0.6746851499957055,0.25877203224779327,0.7993587496941122,19.09370546646469
4807.91625061611,12.973064756116534,77.60280908521169,0.5796433103771167,0.128762704532691,0.986830431542744,11.467650979956025
2318.550930752483,12.976833237827286,77.59465457844281,0.8590941358554105,0.22417141153237308,0.969054313090883,16.5082988677013
2393.662997468685,12.96359409657652,77.57932419058645,0.6339668737199883,0.16944928241197185,0.8695134021776434,13.04423431136094
3495.5815140020295,12.968504901140728,77.60669369178335,0.7492483484744622,0.2401250576846685,1.0810045103664452,5.572253216414106
4203.172609918038,12.973520042369687,77.58793736613639,0.652932685501782,0.20793237256061395,0.7440903678918471,16.910863920417395
861.9709425639833,12.974375158588819,77.59006646549899,0.6384612690237487,0.22023520563302204,0.892030869902111,15.505285091827158
713.6245346453134,12.974801878549219,77.6177204405636,0.5089745818718949,0.20324119493777204,0.8510959835059496,7.359677942340727
1877.9651944456186,12.970216647179837,77.58756363555891,0.7598174602990566,0.26641659031921766,0.9960593150270853,12.205641833844552
3082.7375831738646,12.967825765988698,77.60202209962426,0.8299181252629184,0.21737052388475514,0.9353565864375168,7.772031533150781
2996.8735905075973,13.003177712830443,77.60022092262082,0.6084032418634848,0.16472881429987746,0.7272704821333508,17.926759549185654
3569.77145498385,12.980667872729324,77.5985017219288,0.5454770885001328,0.20493575261605018,1.0239479443746453,20.551972810840386
1300.3024716346918,12.975731474759527,77.59742000542555,0.7803316042737829,0.18155594785169754,0.9485461722924567,18.397962420184744
500.0,12.969267915017937,77.5983638856189,0.5353758650893748,0.20811999532597947,0.796450813803707,18.956520627200366
3358.0141953021453,12.967087811730561,77.5973194059094,0.8219532935948258,0.17901151438165938,0.8650320895213608,12.928678377332744
1671.8037270347654,12.97029199406273,77.59408081641224,0.609560487704538,0.16615946322268427,0.7700115085027918,17.187712044441497
500.0,12.974528288435867,77.60971283124111,0.5896707257175373,0.2099636106374223,0.882916197438352,14.963725479431357
2645.063745959382,12.95279564455937,77.581473394392,0.7248462421131291,0.2027894814308277,0.9150117967359823,15.741258064355279
3293.1756882186774,12.955906104046253,77.60481458104016,0.5961860714988562,0.2531977922522924,0.8665352841366052,18.82972584181809
2377.9428678787226,12.965231176110612,77.60282342298687,0.629288891870679,0.17925220604335937,0.8549535500127146,19.701949682588946
2042.1516138175107,12.973671394367786,77.60158399121329,0.7353981932671007,0.10095730762523464,0.7387259630948821,13.440974441445936
2340.6377678540935,12.969207268528482,77.6057697942764,0.45708876628333533,0.18180646007683438,0.9337241461503208,9.369420754579805
2129.417237599217,12.986381212260996,77.59367400604732,0.8642419245928322,0.11867846205417115,0.7075545403137047,14.250381861228576
1151.952888059833,12.956776032130042,77.57591025924174,0.7043640132465737,0.22078359870482883,0.9031079518237262,14.122906858744463
1785.319323009568,12.964086545303967,77.59387707340285,0.5707033987596472,0.11630510358256063,0.7200844175967539,16.138391520056626
3021.2799050138146,12.986800917409912,77.58468805782375,0.5982754630713158,0.15058144687929492,0.9050504890486287,18.33198367385649
2821.6785413765,12.972911193246752,77.58728140790141,0.7991646378260802,0.18188327708625687,0.8993880995412251,7.341672138063771
2668.05980596682,12.980448425828012,77.58217580326168,0.7601052935074103,0.27719753023805727,0.9403344967678541,12.316345795234096
1504.8515181466205,12.992112469432696,77.58982655141556,0.8386780657285211,0.14635549421425414,0.9862285716801593,11.144447242730237
2318.496837864333,12.964661955820983,77.58863376306016,0.6317257155195765,0.20062024915732932,1.004758842225094,20.003575154767162
500.0,12.97060685662208,77.57082430170072,0.7296583837150803,0.22899882884786296,0.738995740062407,14.16651642659045
2678.47666388539,12.968875730990693,77.60160221911282,0.7426567911783677,0.2742030276610349,0.8941793946866919,12.948465721752848
3928.8577078135677,12.952054069955167,77.61680321858005,0.7695267500252236,0.23888973758607052,1.1010940884560054,17.153206769786312
1025.8678679578943,12.968496031962442,77.60066237193496,0.8127281123432069,0.25469534758162327,0.9119100568497708,12.627974596335909
1914.0723266822447,12.980410621873807,77.59257076043465,0.6282736094155652,0.24321535294257707,0.8168651859698687,14.939220892812603
2829.1067787101297,12.977005895418122,77.59405253604324,0.6885829732239519,0.13954385143019304,0.8920298873560664,22.256284800448107
3752.842634427484,12.97779083169388,77.59039014131987,0.6389850254419854,0.21798460521585233,0.861633405968594,22.145161295546576
2051.7753836998504,12.967844910193605,77.59550041583867,0.6947388126643624,0.24243304760861115,0.7823541842867846,13.370462707748723
1807.7496707341038,12.965039027639945,77.59422991905927,0.7698432782062975,0.15217498551629902,0.9869104188207009,14.27055279136169
531.0768575839168,12.984292556718987,77.58618951569602,0.5345964499739297,0.17101200616379889,0.9584352558275362,12.523885997076778
2603.4381293081065,12.966626828536423,77.61142888388947,0.8109371569459285,0.1598403852436472,0.7665490927887872,7.2965388998393195
4542.076040143744,12.974540820387933,77.5797284576429,0.586081787573625,0.23863114929840168,0.8906725416183098,19.14475738038687
2777.358461964676,12.973233346806776,77.60178331543194,0.6692629680302769,0.1965359439835434,0.8433536350817877,23.0
2477.721020816287,12.986217170162572,77.59358802372682,0.8243941924966124,0.18395770528324515,0.7398407485475034,13.226202249396907
2822.0823107669853,12.981314123576723,77.61360831815065,0.7328009717983405,0.13591650416735063,0.7585180542524015,11.732825090842914
2488.9079960513977,12.95864741379333,77.59800864599248,0.7339529948263659,0.19663028734031038,0.7734040176199668,13.908612814639973
1686.98562773987,12.95972446833225,77.59100094462816,0.5819373954704888,0.17162058225076254,0.8941570246557203,15.340184191314341
3323.2799156777055,12.977389098180693,77.59212292801566,0.5955914064176159,0.21216697826320813,0.8542046999796644,10.45787955917248
2725.7615231117543,12.97095662352621,77.59499906694519,0.7941256396668919,0.14285164006772746,0.8040812037904087,13.166086156063475
2517.6132519336575,12.967048282160462,77.58317209305004,0.641085645451561,0.20889531297531005,0.8608116970379049,19.059589015752074
1524.63397272175,12.981756278839946,77.58693130474882,0.650508812670015,0.178052461475059,0.9747534971845477,15.509522537869087
3803.507931934759,12.973474593820889,77.57675056030808,0.7963951251054712,0.13753515371324268,0.9356696097272056,20.08154411251592
3164.7027453331098,12.972124573868895,77.58537023101626,0.5950086454630472,0.13363579810609266,1.0001868807621903,16.459071411446008
1947.079162632698,12.979398286407552,77.5955390648166,0.7269235132886258,0.1411489805988653,0.8771687135280751,10.644330924908324
3501.8248536819374,12.967848910050565,77.59760175049284,0.7042907326167691,0.1896800471279729,1.0602557190681645,12.695944093120962
2002.429161614793,12.987285189854726,77.57480670305003,0.6997314274136758,0.20604977171817504,0.9348079883698492,15.993648254217927
1717.996507488963,12.96371952376767,77.59322788296956,0.6481564368122495,0.21349118161885908,0.851108257665861,10.509642896155569
1740.2968825197129,12.978169290663422,77.60023409950823,0.6420144818536672,0.2153776458864224,0.9092951809690369,9.990721068357573
728.9314469119088,12.985938328386599,77.59297087806624,0.5921635836205135,0.16207383695104,0.7751924047410182,10.231197786537098
2971.5423804182055,12.95782704510728,77.58826211354223,0.7482665026041306,0.2529201454047588,0.8693814863752231,17.063217551255264
668.85512166165,12.968166648241477,77.59047838854951,0.6331850808483264,0.17788872369959235,0.9429974230226608,13.535039938309849
1271.5561687342374,12.983022073928856,77.58919236645023,0.7968744621167251,0.22250748800298661,0.9611669508098589,19.72976652437179
500.0,12.98317244547731,77.58823269440892,0.6775444958409347,0.19179222832530918,0.8589837777168804,11.414318468213454
2413.930307209107,12.969885043996118,77.59633823525245,0.5941549510578962,0.2187810615851521,1.1733890427522635,5.170398928184607
2349.679539728128,12.964253289063231,77.61767688227735,0.6762186117851579,0.18928359669275432,0.8827792256844712,14.47717952478714
2173.303786813636,12.981159358223309,77.58716300083094,0.6589142800863526,0.21968174382872835,0.7321605957856847,21.590220121575282
1457.4223053294238,12.983435491025816,77.59141857367338,0.8009103411728052,0.19963055650598382,1.0213267192008497,15.138277667794423
1327.76624656336,12.959953366514876,77.59408302060625,0.6630999810748467,0.24069202853253446,0.9607127303849677,9.511627027468522
2964.3698635465744,12.959560863510337,77.58772645565642,0.6723789618799674,0.1590657478394401,0.9231688820955251,8.502893615173015
1949.4480682915123,12.973852566819836,77.60558235803524,0.8411546705492435,0.11150543320547109,0.8535079108908222,19.791607655693962
2816.3583215361446,12.97789360633429,77.57089114626693,0.7508267321463349,0.15133212902829518,0.9393346516026442,11.770252914232355
1614.7513138757777,12.9686093091477,77.58928940829621,0.8662706016003496,0.2534459207619017,1.061901624599763,21.16718131062612
2681.0627427710824,12.978392938199823,77.6027831373632,0.8259045004063905,0.19227205900561303,0.9201632937340146,17.616373795405135
3803.278037316064,12.964498633931626,77.59165905691611,0.6112837411637145,0.20460311477732812,0.7529966413189074,11.92172514238126
3086.1658003927832,12.950453064009263,77.5863916104115,0.7989950854400107,0.14731816929768066,0.5546645916812234,19.668547377246565
2087.58618178352,12.967360989276674,77.59900756754439,0.8525303292074591,0.20327768625751394,0.9384559560638386,11.304411386946924
2757.1989703559275,12.972232321465132,77.60366343235397,0.8532813132323419,0.1488593677963652,0.8014086458739892,9.210651550220007
2259.334825469787,12.968841600401037,77.59670635445215,0.7988095983576687,0.15621093624736226,0.8900287282604197,11.533018426622219
2507.880184694728,12.960013967363405,77.58658779640187,0.7967522994909175,0.179875815858806,0.8190922376986601,18.074946606360875
2174.3889478514966,12.953443510241213,77.59916203319152,0.669733895632445,0.22225486289210727,0.8119091015803402,19.551867956005346
2335.664794114609,12.966459111956322,77.59057950699726,0.6162617915650425,0.22759237903212554,0.8234725866713732,13.415890948528354
2712.0933530741754,12.980576557716498,77.60205186881893,0.6647782681102543,0.22895224489689187,0.8325124640083434,7.5267547554434175
1506.6413004180495,12.984161974394137,77.60943258884856,0.5335210998567237,0.1205957942477813,0.9776235988482835,8.772934155487775
1484.1211730100217,12.983477133841385,77.56854423244312,0.8342795315421705,0.19966677498048693,0.9573643793136585,10.729417712562547
1111.457446168789,12.963440904648515,77.59571067473196,0.6716707040582287,0.19016090833086322,0.7792011177188827,9.824012482999503
899.7288954962901,12.960062936763697,77.57724266063052,0.829133072906496,0.12339087919592723,0.7928265273632992,16.061721504258266
1282.7173077795208,12.976566346149799,77.6190178858533,0.57685004227784,0.20079918833610994,0.9379121904469373,22.752463378897804
2659.462506804129,12.97795100011598,77.58991875466204,0.808262492100221,0.18747863912816196,1.0052502365435523,18.183106296102352
1607.212484508116,12.975601696052005,77.60206373241826,0.650511934182068,0.22557628360589438,1.0037141359914126,10.487076620037042
3013.6144642310965,12.951459367257623,77.59424683140405,0.5715630591690826,0.20406235381199014,0.7997091159219769,12.22249693733378
2534.713748752562,12.962931154151166,77.58656915419282,0.8627118052159757,0.17253397348583735,0.9989311431900225,13.002837282804771
531.4957865619463,12.971303112097141,77.58537946952822,0.8107311669340774,0.24628812252284887,0.722373036568115,16.556856667972344
3154.97558422169,12.976472181946304,77.61045679173101,0.7211792420185784,0.08893832496124379,0.879711558298996,21.285018943408037
3310.79864559171,12.979273073626025,77.60415938060179,0.7033937885134963,0.1967867435785195,0.9487026442608653,13.130398482196584
1506.1373251651466,12.97304253522282,77.61403584087378,0.7439510018819118,0.11183745340040321,0.6921194986958349,21.155109164272755
2920.1915428949915,12.974907838065382,77.59515453335158,0.719462857791741,0.15439033643969402,1.1092856924085464,23.0
1643.501762590801,12.972448654583612,77.59747919621246,0.6207724045828529,0.2262406851504675,1.0326695182976615,13.600372534845098
2597.6703767483355,12.978456193742185,77.59192808434345,0.6587947730215078,0.13629012597795986,0.9647003972360589,13.497421515754768
1235.5015930450343,12.974728656514909,77.59172917796884,0.8960717832038703,0.12881410906480328,0.8034971792435079,13.557522530435534
706.8935474654231,12.972257376600473,77.58418113067522,0.9672156742628013,0.31909724917078125,0.8931896375422868,15.249959942751547
2117.182810387031,12.968916312008627,77.59544010190925,0.8562668505230683,0.13203554742899176,0.9790420169763022,13.567283612872696
2376.2710537251637,12.972412914250425,77.58670753405114,0.7478223940162623,0.28252604515439866,0.7877338433000186,18.536709845557223
2102.320306385396,12.976445913788393,77.59901908922164,0.6662250967298065,0.191389891771037,0.8819525768761983,8.804674878428873
1315.9694417774406,12.97427475388898,77.5963001021898,0.6201814106103034,0.17375854392805123,0.9910383849810982,12.861511618815552
2100.1009378688627,12.975408264183454,77.59747682043675,0.6267717589569797,0.22833931952941025,0.750540499822695,16.31669869228894
2769.294752580734,12.985027218613512,77.6113512993969,0.6446732341313239,0.266829703777225,0.9332424711020455,18.480338028642045
2455.106969877463,12.974251639227466,77.59422282050234,0.9151164041425769,0.14269660289458358,0.724523037037882,23.0
2682.501030599213,12.965110014795268,77.60216727002853,0.8806282296382598,0.17448751051357347,0.8056153244421347,9.843899089476235
1829.8847995457672,12.980436067859943,77.61511509464086,0.7746278389935394,0.24234348673421263,0.8495407394323906,12.391830343250977
3671.7179147161596,12.957938016623311,77.60766617069295,0.6039386823587174,0.21439971562135002,0.9513555612718779,5.934373707090652
1323.8266634452193,12.960785866192607,77.60613169698455,0.7893055926711036,0.25509589153206913,0.8299210897493796,10.560523970588543
2987.5602970867185,12.9749584726472,77.59153311784479,0.6761382971489395,0.22575559772158899,0.9125548391329151,7.92429881226383
3681.8910929599615,12.976763966677867,77.59689643055567,0.48469905613558784,0.29041120045745744,0.8312771862191768,12.914810419742686
2980.9080927488953,12.959149487764961,77.5814172370797,0.7287100637401259,0.20892942994168254,0.8469383227884848,14.086537629433476
2297.47577293517,12.967771825190132,77.59958914400964,0.6158086959165945,0.2110905574165481,1.025066150778615,16.87781695935025
1971.702953337021,12.965539161677803,77.59734460177614,0.6191946570909962,0.21608606860078994,0.7849771821757762,13.805601878720314
3536.087651046256,12.966733236771184,77.59483385125156,0.6749592006431993,0.1928755574136721,0.9759153973947186,16.879748321648616
1077.025074738327,12.98103597776273,77.60487194788243,0.6501677027057586,0.24240435794004622,0.8998936114525018,15.45629666837577
1529.8757396203564,12.978665054635472,77.58252225177576,0.6965743180895991,0.2118520611931513,0.842444631109201,10.866707176999267
2102.4422345082785,12.971408778201463,77.61094862851161,0.6917669449982794,0.23940900045725722,0.7782477167589882,8.254905176636488
3737.6537575119983,12.96614038072885,77.6036176468794,0.5124190907152368,0.247224992681208,0.7853763692900909,17.334727999584263
2879.767636040896,12.9581035032978,77.59389366020348,0.8520277988882833,0.22142273407801638,0.8261354975242053,21.58601194005803
1531.9542414897546,12.98580184938782,77.59311270412182,0.601662327705132,0.22508581621170987,0.8849945592778858,23.0
2189.692294615096,12.97752113900285,77.59940611215248,0.6047601614869527,0.14948351062017332,0.9603509636156402,18.741818804938482
1885.6768559037055,12.964533308959268,77.60980851232064,0.6671446748209702,0.17248232060900895,0.8699760740077638,20.83006084777625
1790.211007766465,12.978795994976249,77.5956160771869,0.6891665152630705,0.24216917264953658,0.8766689148117781,16.84583881615574
3478.8895585567793,12.970897763794254,77.5960403090198,0.8458979816831839,0.2711815590909257,0.8916009776677696,16.208037542360845
1128.2568707364944,12.968728904951377,77.59478118477625,0.7269423452054901,0.10297848872458198,0.9476777691438729,15.444004095166113
4108.780855734373,12.975952115282896,77.61242024112701,0.7566465484109534,0.17160684263742926,0.9644802819196511,14.576761423916544
3328.229690184623,12.964185017500872,77.59091116897064,0.7274536187583281,0.20118103012073252,0.7613034524428153,17.42830622171654
3590.8616706036983,12.9681624348049,77.59430492401381,0.7231461582498773,0.1560362768959661,0.8717925290256688,12.917611674541105
2037.0604879747416,12.972814610641995,77.60923435654261,0.7309729503087008,0.15887401779091587,1.022740401734792,14.410230193651232
2350.0592809208906,12.96660548807115,77.59607010833612,0.506726585743106,0.22374599368969025,0.7683880046280046,10.288134868142446
1066.8481854752881,12.978290852102676,77.60597058860046,0.6750081515160471,0.2790687984585717,0.9074312890448959,16.899706676259637
1975.337592933197,12.990290665036783,77.58548719943097,0.8162261110571157,0.09840882218389296,0.882915599620322,11.163609835413993
2993.654847643151,12.964057018673929,77.59254707478371,1.0942331010806685,0.1914761925509152,0.8433324410063389,15.13497996192085
3796.0630617813963,12.95494874703696,77.6094443403844,0.5795691067460489,0.2231640170895194,1.0590782651043358,17.00196437456952
1392.8431831975483,12.951582598325238,77.58783660284236,0.7423079960324352,0.2390106986100121,0.9036835808867875,17.34356572547925
2134.494063014734,12.97009531858505,77.5930870096023,0.6428953422125658,0.21595636715345193,1.0511145071944314,18.08603415126174
2348.700779767478,12.964968354098739,77.59716685230892,0.904765190389685,0.2880701274968058,0.900562720524441,14.146833899407778
1104.2107978075148,12.97367860501067,77.58470845482007,0.5646217239208517,0.20144532966628972,0.9460255889317732,16.94425511755875
3091.3492417584002,12.972925976720262,77.59046189881379,0.762493949031588,0.26559963951960486,0.842277849107302,13.053498947551184
1776.0096682573908,12.955567831533859,77.59572636681825,0.559278890049581,0.16768161648270155,0.8433906324702246,7.116505147959107
2304.609648822976,12.953451161705187,77.59506681734162,0.6681433331939167,0.2028991473294425,0.940934753024886,17.12123709496624
2048.0506280881223,12.974559332403462,77.60740352020836,0.6965686669250191,0.13936424621005747,0.9427697457633591,16.193952427456566
1710.6614942803258,12.9729542883472,77.61001457194833,0.8069691681739608,0.24504322202744971,0.9597987066591854,19.05329401159654
2492.9550145194453,12.967341820016335,77.58603915127999,0.5922833173841472,0.1939778568679412,0.9376678286954576,14.898845148513594
2284.3904214319778,12.955028564148677,77.59571268519167,0.7663383048847385,0.2178910531259949,0.7663579072995915,8.587346537130355
2128.142117721334,12.976313912627651,77.60134248308425,0.7018777723387947,0.18433156843574633,0.8193631323287585,14.63347686254311
1771.538378319657,12.98431899545424,77.609763474658,0.727279338628598,0.2293214250829508,0.9849942886148695,18.546322258958913
2819.5246707829556,12.97437982440219,77.60178490297317,0.7958332714685141,0.2198716986927876,0.7041534634596662,16.90413923518571
4153.617268492285,12.96312526109435,77.59750913401592,0.5717443306994712,0.1502674285014397,0.9292607241505604,14.413021708420658
2639.8872328391276,12.972045521655712,77.60126542531982,0.7810594973148592,0.15316162837084948,0.8888119900930819,8.345763088347269
3496.118214911129,12.957938859190664,77.60133768834336,0.6431095146910575,0.19861156348293244,0.984958186747236,10.89593218038431
1109.7780748465373,12.982179607138388,77.58532285707716,0.8095873454976825,0.23297869787033287,0.9416621186070755,16.90895544740547
2657.7614392937694,12.972418443345296,77.59652798792506,0.7334557634537879,0.2931447776556924,0.8336019720291539,8.339371391702883
1402.6316810289334,12.953918430882467,77.60919160994189,0.6790471618482944,0.21514954283328647,0.8290649961698336,13.727020340972658
1023.0750724680986,12.968593256395563,77.59252643231306,0.6409974030909178,0.25037657012442704,0.8477216527003081,15.153688715905687
1760.6285925409638,12.976233015102343,77.59589446642548,0.782329499435533,0.11935745326179158,0.9580063047370628,19.599748623360245
3691.899334413573,12.968269523790246,77.59217483550474,0.8260951685480927,0.30064779247169915,0.6697786320444755,17.457962204522165
3450.0158286696455,12.968841042785598,77.57146140504393,0.6467148459139815,0.23028431055645965,0.9157379444357062,18.851244931295856
2743.0047220543997,12.959355977929528,77.59480590177235,0.5866993434218603,0.19751977444206104,0.8116965412772633,16.207413296130436
967.2994401100691,12.977265409870817,77.59761791930653,0.7694211042945225,0.19176519762710373,0.9190835297807257,11.61835607115403
2303.719348612063,12.96511530799981,77.5894750660912,0.55514690579663,0.1446400101070501,0.934449778650337,12.545358128365812
2801.7000089017356,12.95003554622995,77.58305363051116,0.5694487562417028,0.15893566021399147,0.7337673417071313,11.269361443034885
2675.536229578598,12.967887426293297,77.58579393540218,0.59372997244721,0.2955217816066707,0.8773133572999369,17.363123367704823
656.2064165192542,12.981411497155705,77.60224187616136,0.658454951696125,0.1505497780856994,0.9155570356800247,12.22431112430977
1609.6821519801283,12.967730705534,77.61432524773046,0.5663668110784554,0.14958661210668275,0.9087950095275148,13.423998747886067
2435.9222358512834,12.988979849851235,77.60842433340905,0.5061200090618422,0.16488897569622105,0.8877799046884035,15.089964952747394
3036.29090951719,12.975889679485485,77.58115653995169,0.5864555805662877,0.14009096235193638,0.7779112480185988,21.56524978632512
500.0,12.974987581622804,77.60314627310551,0.7642474446572618,0.2007653287422755,0.7931371969353458,17.628535631772923
2337.8760245201415,12.970316017340824,77.5879683762419,0.5728455927873233,0.25444552563326195,0.762195267724615,11.908586301595562
2643.0487698789525,12.970917137922358,77.5887773293749,0.6659730322045829,0.16947538368639833,0.9554045570839754,15.607390628931572
3349.6119885162134,12.968965763648805,77.58998024402028,0.8946698462365562,0.13133378601195894,0.8884429158193399,21.605247041983354
3192.8575842374366,12.968577306079176,77.60166066949856,0.6950825869972909,0.2145930656507327,0.8948246760707287,17.460717313715765
3082.5713188088052,12.976908671620672,77.60419253376449,0.7342530989729593,0.19721128311600936,0.7294506556155106,8.606990562003759
1700.0594932980657,12.962241687702095,77.59361968928721,0.6053959981748447,0.25013622750408127,0.8966397202738795,11.339042285448942
591.9978628766924,12.960841061712758,77.59378929258992,0.9163474853700142,0.1772745850348865,0.9633637071982684,11.032257989987519
2106.947242938599,12.960368049491247,77.59924263743235,0.6458705510861571,0.18699216101866625,0.7158160425425721,20.762919301439872
3501.6318252085603,12.992056545476771,77.60027994539524,0.6771895315548483,0.19252348177283657,0.846459374125503,20.02512494345462
3893.4545275244313,12.976903429016707,77.60636225706759,0.8317058677967364,0.20445020552767412,0.7429650868455194,12.49985208885754
3210.5491022977853,12.974644922016802,77.5817562802449,0.6818265755146381,0.1803719161321205,0.8579717925270113,12.413679120770682
2929.3408228017342,12.961024853297067,77.59480027339804,0.7047888782675215,0.17226779459769956,0.8099008102429077,15.178767130649135
2879.6396483859653,12.977833423006748,77.58391975624109,0.671831167921087,0.10748111575590794,0.9380908833641604,15.29867618437384
1943.8812532392194,12.970434286535466,77.59409057720937,0.6725167621942773,0.17173063954399415,0.9169239563426392,11.150696282708012
2369.93970644638,12.973741689411318,77.5923382471232,0.7370502010828092,0.23576116340408762,1.0291504405634044,14.003477300405828
4169.069525826331,12.961833796841365,77.59413250546098,0.7552943189198105,0.2425122759684443,0.8945922150699507,9.185586920587163
1557.4419942081236,12.973202688574176,77.58660257111889,0.6356751568787432,0.17644434882043497,0.9338487802104274,20.089282819644144
4114.778790709852,12.967361664617936,77.57972710206792,0.623391954385307,0.2649742999090881,0.8442292518351523,7.958677948673282
2177.9718455079415,12.963943888429698,77.57365562473285,0.6390863911142436,0.19856479641498226,0.7896935348771421,7.9142423124290096
3825.4321090950784,12.978941063358073,77.59328819845736,0.5598745985800231,0.1331076814092026,0.9834762434690087,16.74015781804772
1093.1849905024617,12.9562229219147,77.59028998894168,0.5409569741480702,0.11738079717728722,1.024325505354708,10.052495048663783
3085.9042011646493,12.977247762643142,77.58784062335197,0.7297167147224907,0.26091289613098634,0.9705655699238254,12.99614016746184
1763.2298640523782,12.97844486133553,77.60782548462832,0.7938595803175111,0.1813498137369463,0.9131228123129532,15.252691444410464
1084.7328080758125,12.962803563244488,77.58600561813205,0.7871045293145217,0.13929677384637107,0.8025906445514723,17.701203319467346
2718.534042410946,12.963396715388676,77.60876834082138,0.4618008726863341,0.08703619142822326,1.0141628173426946,14.115671528204503
3509.471788595969,12.969369743187336,77.6108384374427,0.6754934912956738,0.18021419445624287,0.9579509315637013,22.116687189119176
1655.0585614065035,12.974420362104622,77.5750909953321,0.589790804440744,0.22023754294981807,1.1024878609329445,14.998244045360362
1000.9840395415988,12.970071450081859,77.59552381459,0.7143737437820856,0.16511544279768978,0.7845576049760093,19.76317883303497
2408.155235665045,12.975935624601918,77.59060303509165,0.6582176481190618,0.14733774199330643,0.9862566501247381,16.114223121465976
2412.564671222819,12.989229796525374,77.56548196055283,0.7591911906244588,0.17253121156966364,0.9549106504874798,23.0
3048.3196275544988,12.966522832308502,77.58015358746931,0.6980846909598658,0.2621596009572428,0.8657972799751944,19.233454015696754
3449.5945713644883,12.954448200292966,77.60234936107109,0.510399810508211,0.13035091911624047,1.0363834880203104,15.173879101890453
2440.584818727506,12.979859235830308,77.61479199252712,0.6032914127200459,0.16791494847887414,0.9402345148424548,17.515322867629923
4355.503314794263,12.988433145759275,77.603626781427,0.7005785114826653,0.26053788698087954,0.8063106971538346,13.956736577876272
2724.2347445352916,12.975527683630512,77.59783632472514,0.7090110429231086,0.22470881447118768,0.8881660983725591,13.916400646579529
2153.5734939931003,12.960722513246465,77.59438667618369,0.5594323192295998,0.20895639068894784,0.8051141192896888,9.786356687857658
888.4326408971722,12.970361076367649,77.61142662914648,0.5463540296453877,0.16757769322918759,0.8531484284614487,11.766953590131486
2237.340479683832,12.960414765157884,77.61608239201958,0.7056245337573178,0.2015252407250214,0.9703826153539733,23.0
2163.6130545888636,12.97802855493963,77.58873157320475,0.5596332693949472,0.173108546577335,0.9989274045234217,10.183874514885682
3460.3047962814703,12.958087095973017,77.5746001343969,0.5331370573499213,0.15703069344646245,0.9221212333789366,12.378029148865446
2962.483624066854,12.968598712131719,77.57361812536729,0.6554859487368658,0.145997126234913,0.8249925123410469,14.62512529216359
1320.6308783673828,12.961556621737062,77.6078188099216,0.6511553908661348,0.23920477981862492,0.9381608420395358,14.758362820989719
2672.2543864110376,12.97286824685135,77.59412941459226,0.6121599522660699,0.19697969338919324,0.9723399637957637,16.534903278923842
3171.5311717290533,12.967936583228623,77.59643241910459,0.6296263043275037,0.21572568719013482,0.7027888254760283,13.123517167543747
4028.0313593878327,12.973367621032503,77.57669349007043,0.7013835723222395,0.2075836592900702,0.9116478775030917,16.78150546798535
3387.5039674140594,12.971823505549665,77.58706811087211,0.627983709632018,0.22204594139041797,0.880981020160067,19.5695417645869
3260.846654311478,12.96173340972276,77.59164519186099,0.7070697021664839,0.18726406050070543,0.9953711255409572,20.066529375926002
2560.0859946151636,12.977868770635292,77.59667838383363,0.6619531463882665,0.17591712744727128,0.9385689164861499,13.92995279745264
2888.3120054234496,12.97111234348157,77.59061407961086,0.7167650155386656,0.15923598353044388,0.9484351701472786,17.445373715611858
3749.504900706159,12.961714709921342,77.58422673801698,0.7878205565436645,0.12930154332964433,0.8518089033619038,10.415465511435245
1167.2226025203502,12.994009265562058,77.58675433007397,0.7839247845390594,0.1438983414688542,0.9001651717132436,12.113135818910678
2150.560672783044,12.976364301667171,77.60668323285947,0.8288210471066083,0.18172911394498892,0.9943684969803889,10.305066405237831
1727.4312512437593,12.970067394466007,77.59704784619603,0.783814689689716,0.11984802577822609,0.8935120267029724,14.817021244961397
2879.153118726124,12.985752045267018,77.60072156806956,0.7238557531541804,0.1308857047931985,0.9174669555731574,11.563122894560223
3730.222175650788,12.990018156093866,77.58561126189123,0.6566568362359855,0.2521069946317589,0.7464042701557934,8.917225764780822
1903.025713278926,12.970146505776862,77.565061765146,0.6612239077183776,0.21120897424268964,0.8931459963672784,13.455979109675397
500.0,12.975073974864348,77.58936895693115,0.6122222693564189,0.17740816358982398,0.6988000031893891,8.085664896876192
2087.77925497553,12.96171997181997,77.58593429445574,0.7004529291051558,0.31357872294522804,0.8483855130641743,20.308772414584567
3413.4737320174063,12.97012807249232,77.59809012268629,0.7697387478711935,0.11758751406434857,0.90635155577269,12.769907755026905
3037.6299029498796,12.969609374462403,77.62745723713682,0.627433239711698,0.2487805638230911,0.9767030794484571,18.941264294552514
2928.186247810576,12.973448270336217,77.60155166017618,0.6962782141336226,0.1944266958610292,0.8000840056548024,13.031730039860113
2220.0066981255204,12.974927604786371,77.62195960159383,0.632263777127823,0.2392523511456406,0.9373684143470102,10.220248696197597
1220.9692637802136,12.977198284488281,77.60028769695339,0.7209354330187614,0.20544768586354037,1.046849340436213,19.702095885423677
3015.2943216244676,12.973976426563,77.58830113762427,0.6450616616050049,0.10638774688773713,0.8359256134284377,15.354814332430953
1665.7181899653751,12.959492573733709,77.59807916078121,0.6260489428705946,0.20477302337794143,0.7452947078277343,22.547637143649187
4684.0967333804565,12.96221532894259,77.61240638599477,0.6320033305067975,0.21677779273197992,0.9289839957057089,13.133908295067139
3070.507208354516,12.966135923805364,77.61289562596322,0.7503328773845566,0.09040073507377931,0.7808002993463707,13.220278801734269
1919.351697446049,12.968777594080768,77.58884662631957,0.6903250594669644,0.29720241469009495,0.8181001426526481,19.019163368876438
1888.6147526113718,12.982107742904722,77.59713183695699,0.6571578269999964,0.21556037970863862,0.9923336941702486,19.04701060199618
2407.0557933864116,12.959970610131471,77.58030733120329,0.7261404502547211,0.23359938700682478,1.0876899275376681,15.613721546058606
2260.4980779782504,12.968025849518293,77.60284668624692,0.6585483782532349,0.14172353052118442,0.7999309883658515,23.0
3616.8337755299544,12.981130094982142,77.61013354699055,0.8126517893685703,0.23453087610728093,0.8262580259984587,13.877756830718594
2686.4161697440463,12.968601225255034,77.59499799454116,0.6026133846306743,0.25447522297815284,0.8560131037591181,9.922147052123929
1768.368261091472,12.97620415649843,77.5879261594564,0.6813028487182717,0.2126784114068923,0.8452191946474573,10.989779837677139
4390.440685155782,12.970204579570721,77.59820130951277,0.5595234778332998,0.1995314220739618,1.0933292513812036,13.901042042563093
2549.3083315202225,12.974167832573247,77.59877459031364,0.6653125608109905,0.15532059375507917,0.8469432170312213,21.075100021966605
3268.8396759688967,12.969315274561906,77.5954114383185,0.532036450229337,0.18918965411083372,0.8612248085473871,14.25462455141328
1891.7734925552409,12.978270654727284,77.59638715124336,0.7746316522559126,0.174398524287036,1.0616177473174826,21.26420839346455
2863.1156277445234,12.956149435925935,77.5928618514953,0.7766503767005578,0.22859978186963423,0.9576676311539302,16.7377004615125
2811.109991143195,12.967966879916116,77.60455954928226,0.7784170173724476,0.15750620374412988,0.9985899232949245,19.333477185442064
610.350707903847,12.974565726766944,77.60196227445165,0.7028872480174467,0.22823253607517788,0.8093887126977609,16.54867450650722
4515.27511046064,12.976936952480063,77.58476896852856,0.6120129595289907,0.15805072186351718,0.8469820316824265,16.51699202648775
3790.6444609225473,12.986529526227539,77.58449409396842,0.619965936796405,0.18688237229199908,0.796028164232104,18.0108424044243
2102.804683854012,12.967689753331344,77.59205625582973,0.8530172055220521,0.23080221985064084,0.9801261546035815,12.733166071657019
1397.7302595441445,12.98639481761861,77.60196837124106,0.8435677103799797,0.1648101640006978,1.0225243207783443,12.777145821810048
2847.561613803552,12.965009761733404,77.59608057413891,0.7122555156950771,0.23252682444888012,0.8400225630818487,16.39818794465838
2586.6976994143965,12.984886464115448,77.58816849589877,0.6484365965919673,0.22764970788356842,0.8635758677095724,22.76444590202409
2855.6689485632296,12.979774671266984,77.59721518596726,0.836862342269851,0.18645246633115284,0.8679509934961342,8.836987098932081
2691.5773961940895,12.962465414203677,77.59129189480478,0.630549683861519,0.2580891600677895,0.7452776006721824,6.883257522239891
3006.240989305926,12.974670392372518,77.60340486460224,0.7228849208095907,0.2038892170988557,0.8326177922240346,13.945024655085549
3947.3056993918062,12.97108764164468,77.59793058435066,0.8351957305398459,0.2551138263292675,0.9773266214763601,19.12338832197498
3068.103205128646,12.97785584593675,77.59144721812548,0.6163661500335371,0.28967324624385893,0.8124581495554906,15.205504342720724
1450.3445010900589,12.969367284115668,77.59691518772047,0.7829223585637112,0.18793494891493445,0.9092981862204988,10.32268061273982
3862.562852712452,12.968527537743384,77.60775048059524,0.7520560795843869,0.23224774920136984,0.7691981025535843,15.316373987465552
4140.614563488287,12.985290945827629,77.58890369923454,0.6960483457768438,0.16812160373385623,0.8855999088871133,8.068107148467364
5652.056734512085,12.970612791055444,77.59862656981647,0.6006566400866884,0.1483592795245901,0.8436678845413992,17.5156682434967
1376.505966760402,12.979864223241918,77.59389539659534,0.6275560239896724,0.19022701713067858,0.7778328516216233,13.763567934187634
2742.882013150275,12.969346485149558,77.59886983683862,0.7289451072850658,0.13186998601252686,0.9790386096155113,14.671870001818279
500.0,12.988266632592275,77.58805435058404,0.5576663205118613,0.15311961101763452,0.9846627361201019,16.70874188204457
3053.149156379209,12.964816653706645,77.59570335433159,0.7130743859018249,0.2295716299660534,0.8030461287764025,15.822755669504437
1951.7997018332273,12.965458564687529,77.60567823282416,0.7541050984061662,0.1743175492275581,0.8783816535806273,12.834961705075555
4423.445794824953,12.98684517181116,77.58522993018754,0.79852201728091,0.2355257043560931,0.904431868307245,19.134451350585884
1725.385029981418,12.967150536091047,77.58130594896674,0.5601642925539777,0.21497059690087436,0.718523821287215,18.187730258556215
810.8169620327383,12.987610743061644,77.58168544435513,0.8316247297161273,0.29255770310095575,0.7602907273605968,7.902863231102941
2028.7362592974805,12.980518405795948,77.582893374698,0.8695363494179935,0.2262168642788023,1.0286284436366782,14.079029314109606
524.5122287828626,12.970053502934393,77.60055323287892,0.7410151567713593,0.25571090351396575,0.793487310349743,10.678852825214891
3251.09945450731,12.95346706527983,77.58054140314134,0.5961951418575339,0.22009423315637733,1.0258183108251697,9.92776760321831
500.0,12.971406816957282,77.59162104655256,0.6671890711639759,0.21556967505390365,0.7654586325616669,17.140534494046477
2528.4575811831587,12.972616300535334,77.60078289303311,0.6952402754881493,0.25823665210566576,0.9658827777140403,13.322954877339038
500.0,12.983272177333044,77.59876659060548,0.7270463508730556,0.23343987329326324,0.8688696892489665,14.42891340421436
2179.7021954633583,12.987484471762402,77.59074441020037,0.7021981552643602,0.2105031806478714,0.8829233730845634,12.321260264891759
4143.378155804534,12.964750128208562,77.59650923731755,0.7281165142894617,0.2102827332964859,1.0855935913533965,16.48070181127931
2860.647891435795,12.979611817639883,77.59567145329737,0.6909253242660877,0.2269114655915208,0.7745813365681318,17.713387541276127
1636.506395035066,12.979254021560134,77.59235759044452,0.7265107094512243,0.16643132402700575,0.9594798196261071,23.0
2468.796511060916,12.982334127024105,77.59249165281345,0.6539476578838685,0.1643100266930651,0.9553489663557823,14.276102942007395
2518.0168720444467,12.976586899121356,77.61695427434756,0.6661813283017531,0.27127029661864666,1.2354573389166377,9.206330100897954
2972.630345843406,12.952175023090383,77.60269310903931,0.6423974829523331,0.2932206831929999,0.7922869179768114,12.984425238273928
1133.1416367191737,12.970045775674723,77.61940650917512,0.8917259534504072,0.15355587707949173,0.8374015206496563,18.388239685526628
3092.5672738473304,12.960042924250832,77.5896303686708,0.8463900786174322,0.16655027837801478,0.9815922285832555,11.909419239478767
500.0,12.96957394227082,77.59375033403111,0.7555294190013615,0.25712614097520725,0.8799736140798137,9.071489602180078
1870.1154476361896,12.98140004236134,77.58127874234724,0.8325308997267739,0.22667599965711985,0.853694904326825,11.99272925484772
2011.7261575484554,12.97465150835875,77.5865043319791,0.7798461338977882,0.2338214052660461,0.9957511488323165,12.866536329002743
3133.3268260712384,12.983080908663975,77.61361913148663,0.7181271159514054,0.24483006474265287,0.873343156369628,10.669321808141374
2522.630852676869,12.975017539207135,77.58937965710159,0.5494428658980316,0.18796339191279623,0.8108140929618582,15.86990605646575
1094.4369461437134,12.958616740603311,77.61379281300144,0.6737836079874859,0.21649849624950934,0.9726210154761982,14.68391087517312
1515.0068741829848,12.946391529934273,77.58216637739321,0.6664962107981648,0.21260960753490463,0.9375288008027861,18.158820963275186
2698.680009547407,12.973088087616796,77.58406530965927,0.5866924826907842,0.15707541998772698,0.8687153404394024,13.216560660297644
2420.9326581354435,12.969460735336488,77.59118768778977,0.5513837725393383,0.2157545471607852,0.8639698481239979,17.23225907427401
1920.8758903642536,12.961830542606181,77.5939625007832,0.7492719346567025,0.26188553480748344,0.8085093395059437,13.030916823905336
2019.1662104880206,12.954593727503486,77.6038308729245,0.7324504322370813,0.18329333805783193,0.9725096855115342,10.481550552765057
3196.167997159289,12.964252567865273,77.59910770417186,0.5832603019932388,0.20762846243704672,0.8639892182745625,12.827923459016269
1982.3074271307853,12.969655085151352,77.59043684742656,0.625412149356381,0.2103354458005428,0.823015409642633,8.52693124379881
2411.908755970927,12.978258778237064,77.59326684193482,0.8161222273154163,0.18576677247823647,0.7714444832808145,22.152862559931915
4669.936588080543,12.97348631081568,77.59140937080215,0.6122303486483439,0.2338450618847179,0.9392154357908836,15.56999899114401
1076.3173631160769,12.987680672471727,77.58545346264674,0.7170798903933802,0.16599671843725064,0.8491417021087003,11.818372438678148
648.1572684253413,12.961243959439546,77.58572037063398,0.6810221700432019,0.2666322759347967,0.6987324686010928,13.489423350871759
3283.5896647986065,12.980410588920575,77.60487883891433,0.7506363471062062,0.23131027808161228,0.7796731210355954,5.198144067039722
1821.3569387058967,12.972072987431288,77.57631835072073,0.6143892347343569,0.15316156996635527,0.8766403064341017,20.737412900287268
2181.7624722573796,12.978546691241187,77.61077358697445,0.7090083477540107,0.2849004842443127,0.8794462335082832,20.346192176856935
1718.8436218688857,12.967234851367346,77.59117005774398,0.7168722577345876,0.2084050730630798,0.8756457749629349,15.430167616640386
2240.1998592324876,12.982316803738906,77.58687491393607,0.7230180806229219,0.16385262413824742,0.8617243888432439,16.277849184253625
4098.538112096341,12.974552247583453,77.60199759290697,0.7079073857962612,0.2552277262495596,0.7524146277263589,9.929292892297358
3302.128458618119,12.964805550150823,77.60945216584147,0.734460932059411,0.22473357597240126,0.8125451475850949,10.220120418957931
3362.223511886977,12.971479759710869,77.60577632441604,0.919177033205081,0.11140201478829809,1.01837769864841,8.210815403249072
1083.7729442073544,12.96920444141063,77.59961852049359,0.9561297776771105,0.17371698413780734,1.0036228126853066,14.355727656905636
1348.8462634471307,12.976491783506379,77.60546863489722,0.6360783859213278,0.2139548668610772,0.9577951782344052,19.24414161946373
500.0,12.959802232506256,77.57743502422856,0.46817570196475006,0.09202166611786707,0.9489502604040668,13.46714148519062
1690.619178917246,12.971306482978843,77.58938169458511,0.7595495300721973,0.20425350426936972,0.9904755908065492,16.39078332071047
3456.7031863856582,12.975553072526493,77.58548829939976,0.7186252459901266,0.207898968635263,0.78792052625079,18.915335579574265
3016.946515748371,12.97193023307193,77.60684638731215,0.806104185918358,0.1408254058812089,0.9032928366756949,8.503597288087846
2278.486737047876,12.98506941244389,77.59076521981076,0.7284885899715317,0.2135322443129982,0.7879732849353039,22.382261701517105
2477.699716281947,12.97934022774071,77.60305406556782,0.7058603939525718,0.2003731919562517,0.7897085530234726,19.62928154972507
1811.1144574245945,12.971525192032592,77.59995856942489,0.8128906595877222,0.14043529470574928,0.9368064937746942,17.055570871041706
2704.7588824017844,12.973766890974977,77.58597693063837,0.8268780588413842,0.24597802734314128,0.9946750439135875,18.69637812214429
3265.8782794806148,12.97455665551482,77.58873041790024,0.5613439941219001,0.24189268973839026,0.8806150865577462,18.88430521310028
884.1132125895272,12.975632996041668,77.60753817690815,0.6183393812860416,0.18551314565738194,1.06490004322095,16.17055954635925
2799.6476878373483,12.953343420043355,77.58684517351315,0.6894407040711321,0.19007093383040882,0.9211784327045537,20.71311181157028
3432.4348709546675,12.968584737042306,77.59584867610195,0.7098437623924583,0.2363131968797673,0.8223214467583488,13.189358605530185
2084.8997110366304,12.956755609318066,77.58677458713673,0.677401679664775,0.18996684284440968,0.7913271448126328,16.847244820781594
3200.7006121205836,12.984382809474596,77.59146047813084,0.7434207177861886,0.10345458997399228,1.0018131484184716,20.28657120500024
5314.654444472553,12.97099150479997,77.5941383805603,0.79961047893171,0.22434682786999638,0.9128459115739815,4.235200975763156
2395.6572070131083,12.969666590503204,77.58677133489702,0.8722709710720727,0.15933703396307458,0.9676047378169482,16.75185338389663
2893.3070500053236,12.980567973320333,77.58499553046016,0.75789130237729,0.18050784727912034,0.6342036739546759,17.89841991377342
1761.9429163386085,12.9758232479745,77.59746273336778,0.614766632154689,0.2728935283975738,0.9244672034346939,8.16623453646223
2681.2511626020505,12.960313654856208,77.58615262591209,0.6852623774802181,0.19330107629956012,0.8488225811503763,16.127280344066335
2960.271624982304,12.970890946374727,77.586493424443,0.6924647758740443,0.20008674679369368,0.7606240464083136,11.825176078561444
2694.8423402701383,12.968248330267736,77.58520946856298,0.7514640239981158,0.2254833637731799,0.8937317657051574,16.587225126364945
1480.3046802911433,12.95415467111394,77.59382091953668,0.7388168033433942,0.22526669719370163,1.0091813533654457,14.620002814356996
2706.3617713254507,12.964697237667629,77.604037016344,0.905039665111151,0.15404011163111084,1.126622828641972,11.214687323318827
3962.1959387176366,12.969764596779836,77.60966528636312,0.6538486864745091,0.1969850742232813,0.924215240732251,19.438654654405802
2948.635764514527,12.970450490685081,77.58734081914007,0.7384750533766803,0.20180762639629138,0.8290853410038478,13.32653990404198
3461.987189071841,12.956777685763228,77.61610310793331,0.9354711397744091,0.21360134483144136,0.8230497443481534,16.07985517608633
2262.988029987372,12.983116655830475,77.58455295139294,0.6414793103096398,0.21446109704583097,0.9963132362065199,20.256190493936394
3249.9002394237104,12.970578969411086,77.60543548523327,0.7145148696170355,0.3293720614388729,0.8003125880847108,11.333222022467275
2779.267838216526,12.971975530766606,77.58738303545985,0.6055119498875984,0.14120701147063777,0.9622427379527763,15.03219699189131
1549.089270312768,12.975606416383398,77.5858907673013,0.7082086899627431,0.24900458100989784,0.9293681189959618,13.018691419826641
2818.5210047988744,12.963719237460964,77.58715243843216,0.6219782851862358,0.25916879029165296,0.918310139188288,13.911281421849104
1508.3033365596893,12.976163559731328,77.59407552300351,0.8046800903491346,0.22463919869617638,0.7431881410119208,23.0
1867.119725115208,12.967929253539818,77.60039972171033,0.7147318859031395,0.16748423025634626,0.8643041797773675,16.82710353628112
2689.328307292374,12.962634144593528,77.60129868037905,0.6064602740017706,0.28323340151338133,0.7541842208642388,16.254370706488825
2797.244273380124,12.977334474933555,77.58516014984652,0.7840567697791672,0.0904008567629901,0.8411752598683234,17.09634933572584
1310.767534922871,12.98651673858802,77.58470340712489,0.7179666038871587,0.1658366651391087,0.9917138661520513,16.721038510329866
3553.9857711828763,12.978848293734858,77.58543361306637,0.7952818777223455,0.25858410986114055,1.0231057903355565,7.696745844059268
3072.006278300473,12.980829775651404,77.59348645597615,0.5852337372052251,0.18149441982887413,0.9213948649490885,23.0
1795.271564389116,12.966393693934377,77.59249844395809,0.7368824412248661,0.2798232262400093,0.8429659487566015,9.142521899445422
962.4152035508246,12.955623802708315,77.5850982453793,0.7773341694644709,0.12440976276607998,1.058809933236042,21.930377064105127
2355.095420918569,12.986501375221,77.59729603694063,0.6576622509764263,0.1443949053025996,0.841640936624382,17.472061460089005
2054.05628613884,12.992145148894048,77.61722568808335,0.5740997273031848,0.17341809149365126,0.7864313508190995,15.723116072537886
2613.1404570530226,12.987028067737697,77.58955284538165,0.6958392504629606,0.22086996387682645,0.9696482967916784,13.778060095693434
2136.8833388444336,12.968242140610203,77.59026488178796,0.8228115293780929,0.18889899248099887,0.9457734042569707,23.0
500.0,12.960053656612711,77.60019661570324,0.8125930330634056,0.17548003737187895,0.8457424089074159,17.417958240697704
2111.6530616988416,12.960943173021805,77.58901183708264,0.6571571565244423,0.2710198215549262,0.9100225229569567,15.070752259673597
2194.380888931687,12.95476267432386,77.60128964481719,0.5716914563623556,0.27567224876945756,0.9442159988851774,12.85894918195864
3133.6610247740587,12.9705262138159,77.5874145729322,0.6568820279650427,0.17928101171462224,0.9203678841051817,12.379406925011658
1801.8003253889503,12.987656779580824,77.61292119607577,0.6531522349268087,0.11451160963351688,0.9458938954964581,15.202443388688858
4178.674673372566,12.970183373681278,77.59804774972592,0.7446446783304776,0.09212580854063102,0.8494285138440026,11.277587873355028
588.3594493482428,12.974623229003484,77.58839977050923,0.6894998497095878,0.21196450573901782,0.95262450442396,17.718604191778983
3811.1674978026244,12.985355969643043,77.5887130830053,0.6246735788262857,0.2327977811109399,0.9017557837583282,12.41743053105465
2275.6810291218953,12.967559046881677,77.58946200247291,0.8104263067260667,0.2031498892789273,0.8528189478463647,19.019822057783298
3359.584872343556,12.991955314567196,77.60832749666248,0.7140425867444834,0.1964545946459621,0.8754115237766725,18.93034952524515
2579.801484058733,12.991520944074974,77.581912489924,0.743541565273094,0.15977286926529588,0.8902098164075583,14.778257283503232
3639.5555360254693,12.970288886613195,77.5879205832954,0.5275014565868732,0.23274898969569194,0.7554621662938721,17.32120891941991
2112.638035447189,12.965824657359809,77.58898339443074,0.4575735129302714,0.2839092689449455,0.8363340753430072,17.52145563810719
1401.3795748221878,12.978572380463904,77.59444312033243,0.5562454218555591,0.08915611613322222,0.9064905515592786,9.1506735634208
3920.504287271063,12.968124750574813,77.59188890307354,0.6519456574393224,0.19612494056061425,0.7649008964611148,21.926771954614495
2386.5193541178587,12.960034447829328,77.5796877216861,0.7576356017613808,0.15148258252931998,0.8380076338185419,13.977025142851382
2721.558473624211,12.98441238653523,77.59060177316404,0.4657753129592701,0.12547670029730743,1.1384644978371872,17.782294053662802
3734.751914044795,12.983764473872771,77.59360449316814,0.8592852064371987,0.1435012064607792,0.7870741635178806,17.894494044211296
1468.0447579055651,12.973155116037637,77.5883190216492,0.7170566026770125,0.21898364278422025,0.8616186087349571,5.041851633858366
3095.490897639257,12.958971352462719,77.60146775489048,0.836029499294991,0.2202481098795583,0.816628272147127,12.372283221002123
1910.1052435371091,12.959304737487827,77.60379408428754,0.611402991752587,0.27301438805874,0.8883129996046664,18.361475281704223
2367.830644355628,12.972672292884193,77.5938161330027,0.750385993417249,0.20043907735727307,0.8185081656865021,15.249009837740813
2572.2789653842888,12.96660128965495,77.5969054158685,0.7085195929970787,0.11208891850652108,0.8756756876707568,17.75587734535228
999.7781385530639,12.968189070678584,77.5729894400265,0.7817686313054554,0.18809152288120143,0.8281452964850107,15.369466245780735
1721.1629571795652,12.9818196315506,77.59038897227838,0.6766208632400282,0.1306810463892108,1.0055127816369824,19.91752717521258
3851.072892413139,12.978931793174226,77.60464821691758,0.7473215209007589,0.13966020567889975,0.9081637037719547,15.456135553777642
3386.191188584796,12.985381426804977,77.59036563416821,0.8102195318771199,0.2290279529203248,0.799702734303678,20.696356387121906
2437.3604226727653,12.961693767766228,77.58722738323608,0.6348823706108224,0.209709045279721,0.9840796523832693,11.079885691151823
2743.123458512893,12.968168084313133,77.61737688926031,0.724224423248965,0.22937827977176656,0.8041733383969887,14.48943972208422
2205.7574943635423,12.979189816954602,77.61279077190196,0.5112137762777651,0.1821253576364136,0.743591981108835,12.626401725671847
3856.583385827982,12.97608078341013,77.59927574912483,0.7702503019063357,0.23952647817126782,0.8996957512567193,16.55454425624906
2299.647422205836,12.986923803825876,77.6059891061148,0.8954662543462489,0.17932985508549446,1.090726442433998,13.885328220469694
2731.842092134848,12.97580536705904,77.57234064582042,0.5755563952251304,0.2558341416371124,0.7172335871084112,14.081943251625454
3646.030144142065,12.990081091041056,77.5867244855937,0.6908618739572057,0.21723194697357714,0.7669012078430903,12.180934546999012
1722.6285151540933,12.977000178017231,77.58990042126827,0.7880481300914113,0.18965015647576913,0.9752525663160845,13.157057932285825
4058.789184496894,12.982221674475888,77.59224019901133,0.703141747346655,0.21060465220880487,0.835767860038804,14.958891744333291
969.5385902566231,12.968364850532156,77.58970055979026,0.7165099551493226,0.19910696495125413,0.9611948567246543,6.914619395267309
4129.642131112799,12.97174287211884,77.56909973708484,0.6609000558476361,0.27980532576564615,0.8162511093058054,5.792944575875293
2127.3244160480253,12.980709444038395,77.59846024618709,0.6571847746912085,0.21227188112893947,0.9141962177409176,15.23658376922993
2257.3012521747182,12.987729781705932,77.6000365412828,0.6913305846414621,0.19991936638027458,1.074447392538549,3.9232937390658336
609.9898288170571,12.978892369493108,77.6106189879159,0.7041671422139355,0.18807545714746005,0.7805410352978129,14.227430892767716
2045.205282622307,12.970768282280654,77.58671690735225,0.581855873842269,0.24215921096225057,1.0023760810137303,13.491344955235144
1460.1934689731158,12.985373350295284,77.5858983684222,0.6933978014053971,0.23539566695267525,0.9679706796632087,17.168151479443495
1892.3536546265273,12.949680213437201,77.56780015514036,0.8568533938709326,0.18630791848436862,0.7510755748901091,12.311926483792282
2362.6890342111205,12.957377654984931,77.59166433163409,0.6580866206411095,0.14221792426885957,0.9558900523741773,21.278059077167864
3457.7916144729056,12.978416342236684,77.60361111781062,0.5762745017125371,0.1549015930810823,0.9072806128862606,18.392651492921736
2707.603351400626,12.97174108356253,77.58848232137807,0.6848583932013573,0.19079187302289022,0.9091094009913729,8.950823873393944
2807.676653401114,12.977655136511242,77.61603444818543,0.6285387187875703,0.26744637530595416,0.9336517566451703,13.86261457010263
1404.4806111544376,12.972244075224319,77.5920340516421,0.566165817467806,0.18749116853765432,0.8649634155584195,21.1087405767355
1619.2459103972699,12.977309456946038,77.59606992284289,0.713916846173262,0.1702938195017218,0.9070098958942397,12.209472378401864
4298.7250183513115,12.963455971790069,77.58096896919419,0.6289717962848922,0.11196403433756769,0.9241452425040289,14.788430699898354
1764.7989652367532,12.977304860860798,77.59747220345176,0.6375285833146724,0.27567707178011486,0.9746057938885528,20.61651030341911
4156.208252057296,12.981544145282076,77.57480680205147,0.7153427380385389,0.228451407299073,0.7472838966621919,12.837617535748887
2256.9388011191336,12.983805506039312,77.60153697955013,0.5466825404637665,0.2398004985002929,1.0290885896491104,19.49191976033157
2502.287936143504,12.991735542946488,77.60184428176235,0.5258430349748875,0.24808440259646874,0.7844709656940787,11.360001589545524
3570.3651602299296,12.974040984435025,77.60819291424336,0.7670872194501931,0.19176348856205186,0.9761628464146388,3.449544599415523
3771.8924219386563,12.974339110868472,77.58440031281232,0.5069166399275916,0.2042295316873768,0.907944509927278,19.914117265762506
2389.1874397209126,12.956368275358262,77.59620562118297,0.6023322304692644,0.27443009709759975,0.7718843657201302,16.754940160229904
2111.756946478461,12.966285885988617,77.60023816559386,0.5200160464611562,0.20897904446595686,0.9528145469704005,17.018257101337863
2444.079551477787,12.969669179259935,77.5990228163833,0.6513863533151167,0.22937626450319973,0.8054593360804829,10.628148834778901
2837.9575282321184,12.982103195522765,77.58594700724865,0.7428058747651165,0.2435275358600256,1.0068795555157641,10.946589534012546
3391.3036868697554,12.965489988759105,77.57068018110444,0.7112337948732377,0.2321465666211322,0.8289165161498756,19.601746078944558
2504.2298589941515,12.979563400197488,77.59806960296885,0.9391873389457284,0.19359154148667532,0.7505013902394623,15.972829229617052
3118.886298023154,12.971583782830367,77.5930750032169,0.8086915617789,0.19830580785930405,1.0533845105036295,14.530175770648961
4138.359732270941,12.969828318848853,77.58893329407039,0.6068842149843399,0.23888202189879712,0.918132367123691,15.883706648456656
2881.309612264785,12.974088939691333,77.60223945363715,0.5802944995173589,0.23880014299673633,0.9867191125761315,21.0340221200492
2811.652856004778,12.967688436277472,77.59415080461845,0.97066879409755,0.2584116299509731,0.8148528121246633,17.89475290821028
981.0891749099321,12.967309627519073,77.58140804947232,0.8062572005733362,0.22755484916549196,0.71081894632918,13.101419210459369
500.0,12.954552140942099,77.57528547710903,0.7589369607269572,0.22983028067960276,1.0675202424087777,9.386048555519793
2888.3757292301684,12.96912045792672,77.58331036734867,0.7074851812215618,0.17768833166077766,0.8993573187821051,17.35221504731114
2405.175768719128,12.966800318538514,77.61853012294766,0.7273521567475016,0.17094252444640493,0.9491351894163547,11.304127957463084
1985.217325085258,12.96644019010651,77.60182776773932,0.5517926724517573,0.23903153371757474,0.9656595780598269,10.270492249524938
2743.5302041863447,12.975768730625902,77.59648612341975,0.7157039170196767,0.17129074659918125,0.8664608946984311,20.26299674749627
2439.5962708030916,12.978186319527905,77.59278339072814,0.7071231397459014,0.1989649498441569,0.9226229547615517,18.489622987032586
3627.7802506338985,12.973921945046424,77.59212607060053,0.6095861156898519,0.26895116204856456,1.0593952592505445,16.542743706721993
2586.110868258978,12.981554151904495,77.60627195983359,0.6461473546431521,0.26102851461725446,0.896755877112067,10.046411756251002
1753.0767149298324,12.977355619258304,77.58969404258096,0.8515176393443555,0.2150894415398592,0.9942101316419576,22.15706424306833
3490.166238959289,12.968649438101943,77.60036920410684,0.6874825079705137,0.1851930210083145,0.7008753019969378,19.115473258863396
2282.8689250537973,12.966971437142856,77.59111572049709,0.907117130253311,0.19383105448282478,1.0123760630319214,13.784857595750424
3026.536683672307,12.974728222367668,77.61400156631835,0.5259320563512616,0.24338300705278076,0.7477995701994027,12.938879767356537
2022.5892938071995,12.97733767109902,77.60202288507578,0.6477869813774252,0.19817503612769172,1.00094088240335,15.313958965235738
1850.1731145025637,12.985578443070315,77.60705556814683,0.5452721448753081,0.1720858803494868,0.9390631220451271,13.086325333845396
2584.1682301856963,12.9835117304494,77.58875590225311,0.5790577546108165,0.2607887378203987,0.8904079323926122,23.0
2512.8286435436853,12.966185269934929,77.60518136112567,0.6171794294340702,0.20908000695646406,0.890041177879207,13.45788650118054
2979.827035366833,12.970579937198728,77.59147422574605,0.7315309626770591,0.17113720895041268,0.8747268906642666,10.728468513839092
2231.3542466902572,12.978310178049178,77.59570034823933,0.7266826171080387,0.22394700944663157,0.8179330480556437,21.35366343333231
663.6402162296026,12.98227997778059,77.6109504767062,0.6320709680372394,0.24856092065962543,0.8794023721369953,12.723752666851574
2067.226116411611,12.980989694687048,77.58417224943244,0.4772200442663418,0.14961634676061197,1.120805907750909,18.145720432466916
3293.8184671438157,12.970961221671686,77.59663247731305,0.8477692873032152,0.18997730433235327,1.030230671078473,17.701550424344283
2202.6239207568933,12.959059773475715,77.59898005258519,0.6714235283963643,0.1876658316205794,0.8128996821477567,14.765751797819783
2253.616597485452,12.961610636237545,77.599800043808,0.588370982969886,0.22261435828917384,0.9267687402327288,11.108012941909216
3486.376505905937,12.974326335143195,77.59009215506906,0.7274930781070087,0.23160041614299293,0.9095979163236432,14.807268292086437
1788.0267727410774,12.975022255794244,77.61546264100808,0.7204445170523174,0.17242630443602575,0.8857706556990329,10.320555574671125
957.1967817571003,12.960613206265657,77.5816506811466,0.6677323535000035,0.12536244120469875,0.799722244336252,14.905128949852386
2339.3688804745057,12.972045696108893,77.60918885388632,0.7148531015641504,0.25158993772997007,0.9445897984806653,18.09112586583863
2015.826048751263,12.977912243569719,77.60675065605592,0.5844970159591981,0.14400273647113937,0.9846071629914637,21.871120264767992
1533.753680246746,12.96008773342493,77.61360888789604,0.7759912843176483,0.21355921025219388,0.816610131493322,10.648603536222847
2324.621544101309,12.982649972018045,77.57871772901292,0.6003132905243129,0.19340095506346588,1.0955541417289207,13.99816558401629
2991.5056472467836,12.967824688514403,77.5859116851211,0.6394430344696568,0.20812219526020376,1.0522003249235554,12.900755663098877
2490.7114384321844,12.984176131125768,77.60951943059162,0.7648801816151575,0.2825616985853429,0.9548165558951233,16.094957510029953
2806.981072686238,12.966265475542242,77.5758296084537,0.8203958965010234,0.3519140806810914,0.7768280297331187,8.91276649475672
4313.407698515423,12.961333745171158,77.5785354109896,0.8585774568046338,0.11832812943006958,0.9401408625984562,11.285349291500133
2157.121138442436,12.967018630101583,77.58971692213288,0.8055798238466572,0.2491953077666462,0.9281978001564466,8.231933767725458
2778.34863464467,12.970648518769227,77.59651993788623,0.6675927816198217,0.1921876113661177,0.9513155276218497,9.246781837339583
1990.7866374008654,12.967715200932286,77.6105222507365,0.5458966930899537,0.25239272568562765,1.0590464272289737,12.358248824351659
1653.640280113027,12.96943998578427,77.59274734085069,0.8405055585602893,0.24786315380895818,0.882402594538338,21.68353045130355
1915.0923465822302,12.974939651496763,77.58851760851935,0.8370695988904976,0.2704872403599082,1.1047826579655744,16.39040190773053
2021.2414284783115,12.969888206302036,77.59771389937697,0.6328023846646504,0.21424824575813486,0.940650434599375,15.259983494399226
2859.4757975471257,12.97093887606048,77.59929596483295,0.792118903782456,0.15552117575224883,0.8709536824338735,20.38754401611394
4849.075786700758,12.954507736007974,77.5990123982217,0.666782220606926,0.24638247443548103,1.1399377206706411,16.534391524733678
1783.9565637241597,12.975516980160105,77.59282013792048,0.8501276883511728,0.20589987880720323,0.982989190002009,16.91030444558803
2083.3746943845376,12.970707967023083,77.57504913886082,0.6485135337596217,0.1883078392432934,0.8545266113042528,13.107902139280796
2436.8769868887516,12.98770292980483,77.58542384010893,0.8978651287548503,0.17618880596475192,0.9084216588946442,12.450686577563673
2895.7988487097473,12.962204348327461,77.60880271085267,0.7786120547598245,0.25031677845525646,0.9635233021854535,9.755492201074324
2763.550811954785,12.953517046715005,77.59647068937977,0.8797544844685986,0.28016847460036887,0.8849138973214659,12.595641735834432
3784.0957939481173,12.977780684939301,77.59137477880893,0.653620273035012,0.1402323720650183,0.913390786904495,13.87790634360379
500.0,12.97506527018313,77.60578168548373,0.7405029604444192,0.23109761212394653,0.8182796396337279,16.37887579006768
500.0,12.96151566979469,77.58329883367631,0.6030720801655635,0.18138064072886775,0.7314805469192092,14.852966339821187
2004.1218279898508,12.956302510449959,77.59234651866286,0.7843989252119197,0.12663638009039432,0.9106419322744712,13.539722136529244
3597.3001875437085,12.986973967306843,77.59597758405174,0.7899041532837124,0.20738529103815043,0.9140027822225888,11.353292992413003
934.3519683944037,12.985741103906069,77.59018622496706,0.9397023918201186,0.15834311099052198,0.9527119591557854,16.59650723182084
500.0,12.94672543241294,77.59560762822902,0.7482039797219648,0.12111233860999013,0.8423810292893803,13.008935651864636
3071.1794062192084,12.967017769707436,77.59272306068578,0.7724094202506093,0.16091297638877328,0.7659445705459336,16.415186031967956
2743.6572237027144,12.98824192054784,77.58060656952215,0.6529169623496218,0.14861130410430734,0.8034675530252652,7.346911561625855
1409.7915932005703,12.966839374422221,77.5964147788188,0.7541379372635238,0.16766565734683045,1.0055633756839826,16.345684651879576
1514.46039927907,12.966693877659734,77.58131648208487,0.6620108791312416,0.13370579615231554,0.8333388687792429,17.987627611184955
1530.2562803653254,12.968772406723707,77.59625615125097,0.7115860758842,0.1802429945686893,0.8557919014196238,17.478123437454993
2610.5353174739403,12.960391030262318,77.6083413582415,0.7174515661545795,0.16433754359580138,0.8687586436168888,14.213118298597221
1873.684723816993,12.95455224255772,77.59178976802724,0.6647695126650829,0.21878069385728288,0.838072383071321,18.66127326169751
2994.0639189755198,12.982125473107349,77.58288516870029,0.7062945096541993,0.22967694931991578,0.8306789172467167,9.908164468176611
500.0,12.953170630937525,77.59333012186795,0.6624704830286579,0.2130074288389221,0.812887643536619,14.643175739173879
1643.1481348722007,12.974072714521087,77.58628028891921,0.662026887496616,0.18822777710632455,1.04006565745682,14.226416795357204
1373.9460390889496,12.980465794927577,77.60054509002632,0.8076664651502271,0.1868786202153843,0.968010068334293,19.145598756164347
2243.659321627508,12.957087737010989,77.59312011252477,0.7175413641826411,0.15814625062943174,1.0247820773150238,6.918027317901808
1961.9522415098613,12.96235731597405,77.61169763251665,0.7347066272200277,0.15935026702950317,1.0449339756460838,10.7674811282908
3297.8437798957666,12.983731791883917,77.60622989595677,0.5542695231014464,0.2351801934039368,0.6650120202567019,21.989003234522063
640.6632283399424,12.97692891720227,77.59306919495519,0.7423458331830389,0.11201487006747679,0.9343454642028077,5.277735504620152
2545.491476330752,12.965427142931212,77.60175609067973,0.7530423463975238,0.1959637530843529,0.8413821366101681,18.257695886750003
3058.3364232117056,12.983622490033612,77.59066763590837,0.6601661377311246,0.18382354692193995,1.0116809644353348,12.198691347891431
4356.647436561954,12.983665357234543,77.59493956885166,0.9085029676260691,0.22995660506874463,0.8258528796757438,16.0188104145844
2018.2340289065248,12.974290526930158,77.5909856580365,0.47107727358159346,0.12874940082888248,0.794585024363629,20.655129615437417
2824.458604352517,12.962598397721264,77.6022645595985,0.7784367135770546,0.20062403527429698,0.7565954139346898,16.17282748431532
696.137207437635,12.967465512965283,77.6089298827671,0.7712804804954861,0.21714921706795534,0.8697325089021198,20.73813350704407
500.0,12.974463867439555,77.60258648207191,0.7541582931999411,0.10476343906880026,0.9914945262528312,13.030603276852794
3344.7743757816997,12.969714051708525,77.60381936601286,0.7176212705638623,0.14628360135691315,0.9256167216861312,13.559294976628369
2494.4397063519295,12.980989571782349,77.60383033437236,0.7550679322625037,0.19541050765936044,0.7797351734863857,18.147368995390902
3678.512689798423,12.956302259198907,77.60011255922335,0.7868175479555893,0.22570734538171525,1.1152659090361892,13.242278158870674
1126.5971110302507,12.956657364709338,77.5832071384079,0.6274112416168005,0.209124965555635,0.9649538639491568,17.38938552415201
3019.9021395287527,12.973408711114825,77.61160971519416,0.7299195622180089,0.22802271264749038,0.9777410115757686,19.735216866310733
4368.817840543853,12.966684555861931,77.61264410826698,0.6816683157976695,0.1460313743679673,1.0285028827347658,18.473347577149553
2919.705608357266,12.965329513853023,77.59226120396687,0.5906231599774491,0.12056248251359868,0.7359784411374221,8.684353738213671
2776.581505591049,12.953919432808256,77.59089302084784,0.7717169974613289,0.20422529028783948,0.8088565861412118,13.634476891801913
2508.55608082435,12.971795458447982,77.60072411652915,0.6435639575315966,0.13853233808929427,0.9823011356924273,16.127329936219287
929.1185428740878,12.971072448919992,77.60010812835183,0.5502141325220532,0.15673388369760985,0.8189261671978523,14.024425841482431
3855.5729357103482,12.978134789819517,77.59258053931246,0.646088933929835,0.2466139177413187,0.8724986527744952,15.317464053566132
1889.142360194934,12.97228906133121,77.58209974344412,0.620110110190687,0.20945497783834258,0.8922259347168701,16.18028297707704
3004.483256383017,12.970273959217595,77.5976570119075,0.802847900919011,0.1715927547372293,0.7722594611370083,12.893727517129722
936.9656934287464,12.983370006367904,77.60011436538176,0.7153193140558077,0.16509842476795183,0.863918281786636,14.226244478176545
1320.5403354922196,12.958475326965514,77.60185821148039,0.838238274568994,0.23104607784445824,0.9914503217351833,10.27586108797258
3935.0873992222355,12.976963892188476,77.59809292772354,0.6333443768766953,0.21059854678249917,0.9729453889817842,13.088632852370713
2152.697711042157,12.954888528352047,77.59188884851638,0.7874169871896499,0.13927216788386546,1.0113014661967468,8.893285588936738
3953.2754760425446,12.963216381199992,77.60454002039506,0.9839622914807913,0.10260881334495264,1.0009875873790797,15.465986782770765
2421.7693409414824,12.959473428673768,77.59525848497566,0.7356032467127139,0.2940900916320075,0.9405873925702585,14.227111182565801
658.1022270421427,12.97941942535452,77.58995076985636,0.7861648862323152,0.13887603873412213,0.93266784983097,11.336819151805484
3392.0675997317203,12.970945897664047,77.59279346617954,0.7693517664225406,0.22638482516500616,0.9253330760106618,22.14103923531539
1910.1076822443922,12.97146496755407,77.57714030967524,0.5577924672574173,0.27553464661690874,0.8372952832746039,14.018354067812636
3198.6888135170434,12.960532670122706,77.59277758175821,0.758581729746745,0.20737987844165778,0.7970055276279386,16.14621177631848
2525.2108675400823,12.968603065040671,77.60148436519874,0.7306456320649568,0.16997816617663977,0.83104026538801,12.445467340618151
956.8817720571296,12.963965346966908,77.59799783022139,0.6740252616601691,0.1286975479152144,0.8673970683442531,13.342607917050799
2664.294765370569,12.975434550148542,77.60980664172982,0.6115963625795119,0.12799947318399849,0.8344174055257224,16.297653883394144
4696.2231421527995,12.961689088646684,77.59197025085984,0.7693983240327037,0.2188347424338193,0.9413831738483915,13.670995800772449
2992.986458514459,12.98489794365205,77.59947313163053,0.6027596260389378,0.27254881614749926,0.9201895216064251,15.013213427553072
2442.482246994537,12.95484419550376,77.60252740176306,0.9133645604681897,0.18022704516477356,0.9309323498720218,18.22729846141386
3575.3434019568977,12.963534801675435,77.61802857008287,0.7114169083488128,0.17221397689253182,0.9351408065915779,12.92789528192459
2710.668465203111,12.988372005099661,77.59604765491117,0.5776692952213496,0.23487405454055935,1.0195663937784534,9.671355267048455
2709.534230262794,12.96724861252038,77.58415812821136,0.648600372167166,0.16570263730476267,0.8991427107612899,8.894942841286346
1408.3748278408973,12.958451213355957,77.60307928753355,0.6721865661710182,0.21372414538142107,1.0008369433834612,20.753756145547452
2733.8480257895985,12.973790715625377,77.61325727355968,0.9412376653923845,0.20209007250427563,0.9516585357979167,18.724586802302277
3535.4434164169447,12.966846077577856,77.59137451289773,0.6115411053190503,0.17952659707109722,1.0129633536635085,17.62319866875096
1663.9378478999754,12.963241297443817,77.60301081538607,0.6883782736748613,0.19922309206317398,1.0614629834386573,13.255788776511949
3924.4958212469473,12.960641291892014,77.60688728055229,0.6462171630134977,0.288157605732499,0.9576649579979071,9.667679956048664
2408.293975854874,12.99928373605626,77.60477065543971,0.7499258485581664,0.23022664720504782,0.9103768249671998,13.87079354601541
1612.2304884614593,12.96908448099816,77.59585558522474,0.6478116586294955,0.25462504021279897,0.9097307817443309,14.626582514855818
3497.6320769202443,12.952344326396672,77.58761526241787,0.5860943333860289,0.15406528195399696,0.8529833920438161,10.473793333010885
2213.2057642617306,12.986537097590055,77.59378720451987,0.68047054202038,0.25479680738037874,0.8496227853423944,9.12137474780552
3259.514887486108,12.977710709051106,77.59918600453878,0.6700606156667757,0.23195102377344926,0.9902117163311536,8.07874957438427
2208.241367741463,12.963935335689802,77.60368222524092,0.6407755622375986,0.1250201951720316,0.8036329707552444,17.629572750175377
2440.1738564700963,12.962268809113139,77.59793945047998,0.6461189641102882,0.226989536668555,1.0614772635562226,10.178566739187943
2993.5602043342915,12.978334727961583,77.59080092033459,0.8184695797881003,0.17433629316026614,0.884827674709598,16.237641282863752
2790.8970575900057,12.969130816725105,77.6001537965615,0.6680259785732495,0.12270981618371919,1.1862077893122813,13.408800586371006
504.46821954826146,12.95234022181555,77.60320085067742,0.5865872337521567,0.20648878661638098,0.8306884573170383,17.358551635104547
1378.7562599056082,12.989472399646047,77.59839610056414,0.6537884036200143,0.22695212955313052,0.9250188919980334,16.34329804787607
3429.4099847908155,12.96726009537784,77.58623812885462,0.7054335659465392,0.20758040343222817,0.8648150729751581,14.072250328434855
2367.8634110984526,12.986555717364825,77.59278593965283,0.5663730363448646,0.19454307075771224,0.8206915908456729,15.52181370083687
1976.2686972285783,12.984384349579658,77.60407820776412,0.8625977960006398,0.18347073307708342,1.0063800350878718,14.55865556649315
1141.4259847425255,12.961589904555172,77.58076982191255,0.7867579477506272,0.3233294004670778,0.7894445805602194,12.538611397467713
1420.2636787241515,12.981931898643632,77.57366821977608,0.8430172743618779,0.14087153057356772,0.8323925493025766,18.92033114183145
500.0,12.965085574501364,77.60968082850144,0.7392128125487682,0.24364609911786017,0.9586319708914911,13.307704987032007
2398.719281298467,12.952932994131961,77.59971415255022,0.49063025498698987,0.2007711485444492,0.9744960810949405,14.65259941499408
1901.5624194189531,12.96735401833978,77.60066730002521,0.8535333716638513,0.1572766746866484,0.7608114578772479,9.339499601369976
1533.4121090146848,12.975576375017763,77.58383183026373,0.6136431640290106,0.19758004746857105,0.9581676885215374,16.096178415379253
2431.876574832047,12.966972633520037,77.60197528063466,0.62178132559979,0.13035336812056914,0.912889991341634,12.557673611418156
2863.970630852738,12.968529516590749,77.59735248687568,0.7156325143955443,0.17022547965965734,0.8082276642138471,13.09260536336839
4593.197932209945,12.983035660449287,77.57875672422152,0.8378229846670149,0.19765328370821972,0.8211118464664446,11.641756556462234
988.1165804367863,12.972664939802902,77.60884283414273,0.8053287133952399,0.12244414707004352,0.6966548572051598,14.504014208446605
3659.381043300522,12.963167016887152,77.59618683323619,0.7906281120176021,0.22531912692440292,1.0717444427797578,6.9741095398520265
3473.101561015072,12.978620303236674,77.59063916033921,0.6688172947125446,0.1518119479544234,1.0015420414977008,17.729428051653038
1720.9072606232994,12.973576755669542,77.59082010254015,0.6672392473907888,0.12741395209932238,0.7710854989821782,14.845340901283087
2703.235954586031,12.94638395198538,77.57444778094568,0.7345943667980066,0.14597911320858148,0.9798907672791796,13.130857595191172
2042.3667506623847,12.975883529137715,77.60053336599631,0.6869929158716467,0.30879770809177437,0.8425977656050334,8.807077336836329
2685.688580418739,12.975518287077161,77.59721857207246,0.7889317907329353,0.10109679290655801,0.99148105363497,16.73226674591988
4009.1310134045507,12.971801211295809,77.59265919867667,0.7830117664495226,0.22180615443848953,0.8503926430840918,12.462689758819696
3105.606232631313,12.980517005810697,77.60738485207452,0.7591341321172705,0.1624181864490357,0.8636645904892042,20.22434748099326
3008.608373233442,12.964876064156735,77.58076140981004,0.44740387182306207,0.18249359142412194,0.8711652732242335,16.945275849319128
2069.6906800453576,12.97496499788821,77.58863227523632,0.7127988363677263,0.23019654643401666,0.8342644658338687,21.138622754748493
1015.9433350756649,12.955930406288328,77.5860999174524,0.6891146119267298,0.22774093574194604,1.0399271375233305,15.547880163154288
2291.531789459592,12.975670903833988,77.59181205020228,0.7168025601759531,0.16596517904191047,0.9898526993081479,19.31129104464862
3706.608154863915,12.991130596955399,77.59527470025257,0.6245675361453593,0.1321087996683353,0.9109948538333279,16.851084181192867
972.8321434103525,12.961651436475325,77.59890013523811,0.5675214089600774,0.23110704868503198,1.002456816398581,13.196074351184814
1444.9106318233048,12.964001978680123,77.59113026546895,0.746313847997504,0.22761885965046721,0.7372928284754541,15.748840073936538
2626.2677362340683,12.964499845571085,77.58582644264845,0.6643698682267938,0.1857515245605906,0.7771541221448968,11.664054934164255
1515.3452151527376,12.972899982258017,77.61146006949771,0.7574692993707599,0.22209721919041892,0.9474554762357963,23.0
1707.4765528847875,12.960969637271463,77.61871640191788,0.6329085622315228,0.17770852595122325,0.9735536555807889,14.596539561178346
2076.401418271823,12.97581247378691,77.59603286671882,0.8415910640492676,0.1586481217482606,0.9279407546255751,15.104841166074603
1134.3825958098505,12.980068399454693,77.58703219632979,0.8001064842570763,0.20019810905605376,0.7117305324921681,16.559943446534074
1525.8781537836317,12.976943472134538,77.60935454131042,0.729682710854588,0.22595163705457588,0.7937665475662252,10.652218702733089
3203.4279167873087,12.95391584574362,77.58013242893672,0.6786711586614053,0.2154625134776217,0.9416591866504169,20.2854844226663
1192.6302177690359,12.981551676651586,77.59125226675295,0.7852408877798196,0.22545813400383363,1.1426472289241267,10.898681796927796
902.1278655051624,12.980973674142538,77.58763882948654,0.7392547815237406,0.1619710563355437,1.0217912665058428,9.994117750554423
1869.9750204661057,12.979901613723463,77.58300464449549,0.7238584187930605,0.27909405623791267,1.0577304298470773,14.333903949187897
3231.9555025098457,12.975328422486559,77.59179975767078,0.8042865409559609,0.18288095723306877,0.9339725422190299,9.882810008841663
2303.0781920031104,12.973801893142053,77.58595827920826,0.842653615440664,0.19405421742617043,0.9332490980789377,21.247762144765506
2035.4189218843817,12.981923893981264,77.59472654464149,0.5747588815514455,0.13406720453910662,0.7966514532743925,14.07718692126778
2544.358797515607,12.990835134876034,77.59487177167672,0.5949615892650193,0.1903072421851358,0.9951822053051618,2.1153300086382796
754.292567140348,12.962069595366351,77.58838668276478,0.6219739274521201,0.22661188684257588,0.8926818297458997,15.799794072500168
2994.7056537750323,12.982381253957948,77.59089486643406,0.5497575402356447,0.23812553063463326,0.969273237546372,17.214023947416162
2883.435031403644,12.970737829019926,77.59229151032096,0.6937251474430849,0.2780970368593391,0.9030686352880936,13.314271006439128
2090.691525904279,12.970303269479714,77.6026984606112,0.7600116455244506,0.22601174479127306,0.927911842475074,9.576427896955165
3505.9245117964165,12.95623469309618,77.59311570598936,0.6978581705047663,0.21384565978998518,0.8912271883701378,14.586771933334008
1372.5039010469613,12.968752105904846,77.60284701740787,0.6465878358387104,0.17768524442428404,0.9224624697822893,13.073178131092622
3627.908993253569,12.961627350420317,77.60045812983554,0.8126457757129157,0.16691297958834966,1.000007655754523,11.097712320563854
2654.493665595251,12.966961455704942,77.60031530696901,0.7140556403206749,0.24851242573340782,0.7733770470930776,10.744699719620998
2163.4474101218266,12.96061813616222,77.60847845970346,0.7342982967366318,0.24755351758694544,0.750707757368489,15.624942995749539
2480.1263646316884,12.96711091612687,77.58340609120253,0.8154234804899759,0.14614936495756137,0.9425864577638899,18.612087201558623
2392.7352341890582,12.967538896429767,77.58986816893693,0.6876758061148865,0.23615479435767409,1.0440574297907617,16.84617535198839
3720.282896417717,12.972567549184388,77.612232988003,0.906021407262468,0.23251918456979215,1.0692744616801082,8.08800856564648
1423.3208725289865,12.955452501377087,77.5920268349941,0.6552184996128233,0.1443095557492903,0.7775589782289929,17.46191201822393
1737.4807608534018,12.957144818522547,77.56644876310094,0.89979482045129,0.22702284023945885,0.8597126164597627,18.089896048108194
3536.3028920724796,12.975219142707306,77.59257031656853,0.6025264818087579,0.14752267702590965,0.7520784745555091,20.574787003391066
1904.4650648161407,12.9636256188293,77.59594939530163,0.7517484902880441,0.07853535161632558,0.844938837361288,11.20044897563242
3400.533077331592,12.9823452979023,77.56842886882569,0.6357467831193763,0.19199487931539752,1.0122848095049362,14.773589442541489
4199.43598300871,12.97385269722015,77.60793935639887,0.8119566116981092,0.21289073526274946,0.89871082164416,17.270097001215326
2098.2049730583662,12.977667621502064,77.58746287536134,0.6521767392141571,0.19424645975584434,0.8626125920376212,12.889785207441555
3181.3623265753054,12.985706923204209,77.59788563115187,0.7290871190644086,0.3433553408593987,0.954508575641121,17.207639401386512
1346.3077186601415,12.968502891881935,77.59234018454656,0.634945800395843,0.21894256146174873,0.8204947910190529,14.903894695128368
3254.7332980678093,12.965855132945837,77.58171648580796,0.7937225173666613,0.20735709096493504,1.0592978364881858,11.614180733377815
2699.423985986767,12.980317025855989,77.58389491865364,0.634424873936086,0.22147956516570455,0.9007284972241474,11.955031045237815
2973.038282160215,12.976695135639297,77.58524917163572,0.8683414844742668,0.17793404977999513,0.85982057570401,19.997157425099424
1854.427927964605,12.969726696901787,77.60545671909183,0.6004002893038609,0.24647395310467696,0.9586849234795611,11.014325350413312
838.9165844328274,12.98551457966956,77.59312461811899,0.5654372081671852,0.2180500973088551,0.9939286160211047,10.327998863321545
3003.252064749505,12.969477556901602,77.58938134483448,0.7951552078079086,0.21575858519462454,1.0595975240149258,16.37751545892724
500.0,12.971927736375559,77.5852539108741,0.6408356359736478,0.16879398885665306,0.8790031093741836,14.877708862630023
2182.649507757465,12.971812226508343,77.60656150221526,0.6992762686550464,0.12178348367754534,1.0086056522693718,9.753514490293046
3441.1818664199695,12.962254061051016,77.60924201272523,0.6677758846164279,0.17493069554613547,0.9101211611899998,12.922319303641903
2691.8977358730363,12.972375853894864,77.60644743898706,0.5687391732847309,0.21413169281299463,0.8388619979026305,11.732874086957786
4448.342644789813,12.985567601773985,77.59952437339155,0.6923006335861661,0.1777650260127527,0.8223188470995766,12.433329815012389
3525.1091525817737,12.976049683153763,77.5974983004187,0.8264915894972302,0.21458635835336856,0.7903016556366996,23.0
1846.1016116744236,12.97191063426399,77.58244062182024,0.8003137003305565,0.18838190615718475,0.8258306001110887,13.789680381303885
2527.3133798514386,12.969982327188344,77.59214180873289,0.7231792762625925,0.2215289742313262,1.0115706621760083,11.474996223311408
2452.629297455564,12.974908670284064,77.58776139796653,0.8112268293035106,0.1511587937062343,0.9706709601786038,23.0
917.8232366538728,12.979097666284892,77.57634487891015,0.5940481415305823,0.20964450059425407,0.7758788344058051,18.553019192769582
1559.6010835156467,12.977692388308897,77.60517043419165,0.6674545671094994,0.16795229268243017,0.7253609079785065,17.899302242341637
1939.2390930201398,12.96828135138178,77.58764170053608,0.7395804940730207,0.1230858528934682,0.7887706844203589,11.667622822794533
500.0,12.974847815941102,77.60655941907436,0.6869585173182888,0.19174229384858127,0.8223263791752852,19.765933430746024
2547.4934682516428,12.976399397411484,77.6034174640076,0.6753176669523442,0.27681587869090235,0.8696734289422992,18.265098352931354
2250.928155346959,12.96152805012473,77.60016717976633,0.5799356267678905,0.12707117960770087,1.0172863523008715,15.58835832735206
827.1060986884258,12.973282305411837,77.60072884071764,0.49186586113572883,0.20596961251970997,0.8452283141100334,8.134787508511012
2904.212865277332,12.949986961136977,77.58844686117926,0.7817866424949635,0.23987885316321123,1.0680499960177274,14.920319990088688
3215.8727446909597,12.976425337098211,77.6131785015129,0.7243221573252225,0.3150015342572226,0.7319800107678632,21.919722856661515
2727.034478864889,12.978203430545626,77.59503125430953,0.7901998378210092,0.17535335087766563,0.8651367479237694,15.881531278968163
2175.9318247910296,12.979075461257866,77.59761931685118,0.6562764057841625,0.16839996976978436,0.9785548669136401,13.494133891672547
3091.442151751855,12.967649531478305,77.58810923666434,0.6287222115172406,0.1416653902030367,0.9847205252366433,14.086170627645323
3180.220360476691,12.974690468350241,77.58528834739224,0.7006547966636634,0.25702581674231095,0.8664286043611608,14.362990772744734
2807.403569719688,12.985839538455412,77.59937296008809,0.7854199648612816,0.15662928353804625,1.0001753433784197,11.801543144892245
1675.3877495652391,12.985737696482913,77.59677513495939,0.6768547785012345,0.1814701784112325,0.9812196442506883,14.83502068254874
2776.6007655111807,12.971308273007734,77.58670647634098,0.7801785184328486,0.10755310613143725,0.831788534068749,20.770938118182197
3695.4806508254787,12.972993196307296,77.58021573281225,0.5993691994406912,0.2441985921339263,0.9314928468444422,20.317819515643915
1903.3709413882698,12.982709111447345,77.58190076912672,0.6838552866830132,0.2579129140389013,0.9703613284076845,11.982656358703743
4597.939339132431,12.956591979847378,77.60656133717092,0.6929885855921969,0.24228875317921827,0.8389465232427176,20.103589538202776
1974.3690660146156,12.96836924257323,77.5884674618535,0.8226389943921919,0.11973373593231411,1.0694325450269164,18.044565250611
2532.407013340136,12.984955704555368,77.59121091454324,0.7207627398015908,0.23035755203896532,0.8164638053382357,17.533354150446648
1827.5144039936638,12.981352005416849,77.60910340258759,0.8746077518294195,0.11636648076379996,0.9144092883294512,16.727647526560535
2723.2708359202607,12.9752926377765,77.58337849438513,0.5652315200052517,0.20290201510321204,0.7750222683580492,11.278494484882177
757.7783073647249,12.956541675946694,77.58733005174282,0.7129918904411279,0.21025387899918987,0.910336019866256,13.377687260171538
1953.9582011832788,12.971100897669588,77.58691233171439,0.7179398039180446,0.21550916090541328,0.7932926783929178,18.331673612485304
1407.8787996514327,12.965700846037501,77.61078068481166,0.7620093197586867,0.22673182663187344,0.8705870858670738,10.17251862450021
2635.338347892291,12.974910389028173,77.61453383500583,0.6186640063551109,0.1995983198220364,0.7413402438678903,10.836899578416496
3494.4473755089075,12.963506533152051,77.60211563225403,0.8684446339410836,0.10187852436357238,0.9799813400325722,16.224789699063624
3146.0061871145517,12.961342766050254,77.60243384724154,0.7012963941471759,0.22675605043997663,0.9356280049741608,11.841869357363587
500.0,12.950951347223164,77.58879644997147,0.5912932487065081,0.2048804070563874,1.00874105536367,18.295577414803066
4542.06965292788,12.983818046849768,77.61407328486904,0.6983975009586381,0.15486901043143836,0.8652194835360164,11.98312817497382
2795.2799406208683,12.96760229488557,77.59727696254359,0.6686838477119886,0.12153012894316956,1.0133847366881,15.977520579452587
1723.5008595069999,12.973171457837026,77.6031311026445,0.9783235142247328,0.27700110929621796,0.9039279645394837,16.312286258602924
2657.127918990941,12.971577618835259,77.5935447506123,0.8049943599525013,0.26156502691453415,0.9113167459428737,13.071621288410093
2676.1898225026926,12.960925660670396,77.59191967412673,0.7049661355708217,0.23529787036537275,1.1114053325351938,14.041413481381626
1833.1512830484362,12.959009350885518,77.61123042259597,0.6888083314800795,0.16618500443826484,0.8515324035061397,12.27995407984018
2697.9166673420755,12.961546848740028,77.59999723679738,0.7951056862481465,0.07415022238942412,1.022745903115485,14.925581177391054
1892.5277123796927,12.964368315611706,77.6091137546107,0.7998862160328214,0.23823395877176176,0.9479684940547614,11.153251039648293
2095.638007309977,12.975266062470139,77.59715328171745,0.40884500806793506,0.21833433869275376,0.8428095107754517,14.105968994011766
1813.7208642449154,12.963642823364795,77.58611633463578,0.7642993154733333,0.18126688454639117,0.7684309109536527,17.993964031180862
1067.3287102603472,12.989064906315946,77.58876657067121,0.7027966543978627,0.25624031533489383,0.796691494954451,10.452995683757315
2645.836470215384,12.981871510358932,77.59562965242465,0.5688856178213023,0.2423998766981425,1.013067479785451,13.051722352088424
3085.299436516338,12.979683595496658,77.58833499783957,0.7880214139624176,0.2088047744115425,1.0734399526836957,17.073049639939796
3014.883596076372,12.970403410975269,77.58352538591372,0.9246188013558265,0.2017529208935557,0.9091439903210227,6.689420873277351
3319.9252526352343,12.986742807357205,77.60661417031787,0.755679594682778,0.20254838587998408,0.9143881762621123,22.42233614559735
2824.3402100148683,12.96941994368879,77.58915129929177,0.8100428442256864,0.23399699364173732,0.9776453433156487,19.181031656123736
1967.2745017830966,12.971287385858458,77.59598192747791,0.8804119091964403,0.1571261826728506,0.9073302029353185,8.846657679050718
3339.663864431189,12.973299745397494,77.59756133589886,0.6169737849279948,0.22129915608925185,1.0099700037970323,6.583216800272993
1142.482460158065,12.978618230405434,77.58871846874679,0.5142428554833083,0.15397045277652047,0.9291622250663185,15.118470349336247
1599.3286174875198,12.97796908079003,77.60910799466309,0.7656866063309501,0.2668277585876117,0.9135541313652443,10.519023216391538
1535.7999285767553,12.966848747215554,77.58342858238795,0.6752388463558548,0.22660642857876173,0.8300787152505882,18.845973160793648
3580.0560591393105,12.96627006280574,77.5972162526358,0.5625826547628456,0.16558858691805353,0.8054732920526718,16.576008648526752
3442.7885141400757,12.97799902957152,77.59706117706376,0.6921830063864206,0.2040297912014875,0.5840911986454758,15.493516065349082
2987.305237044995,12.978752365838913,77.59405745397136,0.772754737379062,0.15731068099859796,1.0234116799941873,12.71897445990559
3571.9298652117973,12.967666488751771,77.58163087386728,0.6851028335235639,0.2752056418850398,0.8853392944777675,21.40003055915741
1620.7172175880119,12.955728119303217,77.60330817551863,0.6213172369264962,0.2811437992235605,0.8599602655264219,18.013808402886742
2848.5951198609805,12.969526839039919,77.60203510670334,0.6776492939703489,0.23481118412814242,0.7048292703614567,17.412663236082583
2374.825571616836,12.977835257988259,77.58784431471409,0.6980523534698654,0.2778328283827289,0.8359887234227649,19.800223858509767
3346.8821038849137,12.989654168464199,77.60167487207205,0.5070517737373917,0.20758979744362505,0.8228313541717105,10.924556546028523
2384.7757674478025,12.959620420376593,77.598349076863,0.6857225046829306,0.23817562835873987,0.8205226912769226,20.13895147615636
2115.057111589919,12.967334287471695,77.58179387854639,0.5655659527855108,0.2612362260954878,0.9332836143152629,13.94156681454945
3040.90851856099,12.967705964384747,77.58606071085428,0.7659025952021096,0.19971282022420417,0.9122248553196004,16.3389187864098
3376.169167191233,12.985158053394315,77.6059828144489,0.5438957424413221,0.20355519286586726,0.7638704066380295,14.374147961312266
1831.6548051531984,12.971250584995413,77.59769416185142,0.8012692204550935,0.2466828300714449,0.7702158900092667,7.488537574505659
2438.924328647624,12.962526734406278,77.58895697054189,0.6590834930786058,0.23232489827979969,0.7700321447669634,18.82939304388899
1441.5593663583472,12.977186952829218,77.58601524108828,0.6457024293227988,0.16222696398994738,1.0810526087567176,7.702066708370176
500.0,12.967553614799591,77.58944606201885,0.7294454597301971,0.09065853143642655,1.049272262869163,11.1339175999497
2700.459631413729,12.959356127266421,77.59015520470122,0.6133965554776608,0.1912235968701476,0.8147701000900403,13.188701478287514
3108.905356254632,12.962672266927239,77.58614036967371,0.7278745754130064,0.09515429103874105,0.7023405680004269,7.185537815962884
2762.0668090867257,12.988940419544226,77.57718235887617,0.6267891225311629,0.15044913319472258,0.9128044243012521,10.59750950878517
550.4382822456328,12.975442092216495,77.60600013286401,0.644326548767523,0.1562856521399808,0.9046940116237672,15.979280363136125
2149.1505699235254,12.972677600554526,77.60430633672611,0.7405354169329135,0.1715678844529937,0.9316916986988398,13.613395233857853
500.0,12.96910106264188,77.58186744548193,0.5861419266265617,0.2410219072081771,0.9741373892477333,13.943388505099398
3869.701107654185,12.974521488421189,77.59596311295563,0.5735662698237642,0.25188397703651305,0.9451703953395942,11.33997419604564
1413.945417881914,12.974402359460026,77.58557761797285,0.7248225507410342,0.22543703599036038,0.7883560468499746,15.184725295031559
3755.4036094598964,12.974521688282074,77.59198432776773,0.6973100147510615,0.23162534880309027,0.9294041087164018,13.699007899213605
3445.8696436841456,12.972748450902778,77.59115233420127,0.7168692744809392,0.23280602281843232,0.9853823575335654,8.436138395926532
1599.4096474639382,12.980287983383056,77.59032165784282,0.732763923672142,0.07515850043895381,0.8275998276996628,14.196325321716289
1367.215048732255,12.971831043460007,77.61462947084077,0.705737555380698,0.20050988410035583,0.9299956468755859,10.032352692327438
2850.370216386338,12.961820611644473,77.59019674315324,0.7608092623967069,0.11017706394149974,0.8447219282532192,18.590788447770258
1655.6759628169289,12.965475771090992,77.58651736174933,0.7097436286978658,0.22545697378357704,1.0996169720941231,13.433973061205583
2602.4846421582074,12.951809813065104,77.58697418570503,0.4992696100324696,0.09534459263401517,0.767317286113298,23.0
2017.1724091930816,12.991868171160425,77.60503776956402,0.5252115405338144,0.19097807323246505,1.01559489365286,18.86761014608581
718.8415855343667,12.980227545919528,77.57807897668307,0.8927949180242083,0.22738848880097934,0.732918723857473,14.478923298851326
500.0,12.963299295048708,77.58697377083564,0.7000071867058862,0.14411210258418441,1.0793052685216609,17.317915332895673
2726.6842484945973,12.96878155150603,77.60906822840111,0.7950241651717096,0.24808579802566103,0.785845093257559,6.640803245153483
1938.4422536693746,12.965231235257937,77.59703986187998,0.6654296094372923,0.22533110849758736,0.9189671543989336,18.849517627639024
1946.9101830858676,12.987025472113741,77.59651922005037,0.6941984905606069,0.2190412347918955,0.7370806813303196,11.718838011370032
3195.8638390937854,12.957401228357291,77.61592146460144,0.6546635345729156,0.23490007937552662,0.7650018882978289,15.358932148177415
3673.442276632445,12.972744760588188,77.59706347952948,0.9465927331461365,0.18203999561166723,0.9897747047624622,12.089509948599954
2227.455278638191,12.970514721574352,77.5875181383864,0.7253242422364142,0.20759594318784044,1.002816231146947,12.514726499026551
2159.4012930901386,12.979868386307091,77.59177922943124,0.6465142094493802,0.20050257861170998,0.9239358932367647,14.275471640082298
3000.1430331138836,12.970559907722754,77.5832456769097,0.5348460286569808,0.19937255276919277,0.9741081665490241,15.307331100026472
1143.0644303004246,12.954017911233446,77.60715937040015,0.8973733442735852,0.16639844616764615,1.0044878742653973,14.89233647684283
2723.153054747697,12.969088821653576,77.60034561717536,0.6836721614771696,0.13787339426386472,0.8315823136200686,14.992061503447887
3051.885971822154,12.961878377820566,77.6058441414997,0.7744229119561596,0.18315708253552626,0.7601038565683186,8.497269170074226
3180.230208417629,12.972395795465566,77.60672983928549,0.7855997290306546,0.18040260464028665,0.8986296613797206,23.0
563.2472974975351,12.985941770365203,77.59045789219073,0.6537169476569629,0.16316345062415552,0.8422798814102792,15.927921316272041
1738.6447301910594,12.954205747557678,77.58515247147992,0.7672452775386156,0.24260268909050123,0.9388621480200996,16.750269382548527
1621.7367471765333,12.963597772646,77.59408286888691,0.6395861713248382,0.14138966910721937,0.9548028612087927,13.640035556819756
2599.886954409213,12.966073070462166,77.58587238929212,0.6009573637960584,0.19142454205543794,0.831834920943072,11.503381221769514
2980.744579767984,12.967783689045868,77.59624956875409,0.8164464692512212,0.2583169855780626,0.9704108542966443,15.604142923880698
3996.710407445981,12.979001256641054,77.60592096880835,0.6841810620177801,0.24545646762997764,0.9654138375951309,16.15710764256411
2005.034519631927,12.969864555824387,77.5929186035395,0.7518512833602655,0.26081469425486414,0.972331757888902,20.207235509818933
2002.4275016907861,12.975758027257205,77.59609995089907,0.7410920993881771,0.17046097113128866,0.8592207622989407,23.0
3649.6720188787467,12.965342269562683,77.59366154383777,0.7637931960055289,0.23921440628638538,0.9779922164828575,20.90808961596086
2796.576938530305,12.97389924345418,77.60262727572437,0.5443463065798375,0.14685148015109342,0.9520002280675193,7.933884306320164
3767.6515111879735,12.979377976308777,77.58792217605712,0.6414709468683629,0.186206302209173,0.9640184644756561,13.158327436760828
2788.7280030098364,12.96427700450263,77.57263553738358,0.6675524842503575,0.19091220946099036,1.0677788563088526,16.34326847981747
1342.8833812867292,12.979413581198065,77.59930868859375,0.6168521327098508,0.17120798939009949,0.9327774189925412,13.398857390350265
1166.8716452221934,12.972123727687276,77.60447834421308,0.7429006848016387,0.18190930059577376,0.8393037776002533,14.824692733017056
948.487750941071,12.982054602404823,77.59906374244758,0.8186893077595897,0.17533120362513238,0.7889545469000536,6.419455023627275
3162.051834758473,12.96958580099923,77.58819769504532,0.8345184655346297,0.15088030944491523,1.0127936159993822,18.656852003933217
3688.596823087008,12.975412446551621,77.58324987901814,0.6660795234790116,0.24282067530028958,0.9357307676035448,7.498179044774165
4349.362141386381,12.971193937683216,77.5995449753178,0.7291965862457906,0.19087749985628655,1.0670021988320224,8.710041903410668
3343.10533232324,12.970637877379595,77.59601478952935,0.7445643504490099,0.2100718271958643,0.697044780879953,10.941316862833418
3662.838577534986,12.974189304282257,77.59334207372342,0.7621256094203529,0.20818884355964276,0.9910667087786442,14.609864184924803
1919.9836673463153,12.97696807469225,77.61282463342994,0.6121864926927356,0.2027363212555011,0.8738862664579372,8.509098579284563
1343.5841832561432,12.95910435088076,77.58513199905819,0.8820580268264966,0.20464022730282144,0.8646479005118829,10.758431063740678
3350.0793324175534,12.98593633608818,77.61235037021127,0.7926520184346444,0.18472913899844895,0.8235192159851409,19.59578016923818
2917.6807522394006,12.953003369594503,77.5949178390487,0.7952649343692441,0.27091984342574316,0.9899571013885143,14.550558587898303
2607.4443743408924,12.96475187890261,77.57624429523129,0.8203460056900397,0.23803723808176797,0.9613536177283225,16.734187914792248
2887.37148063299,12.970657309292351,77.59280797345681,0.7534135942265984,0.200919101638551,0.785761797496056,10.055028863001022
2823.185482458206,12.97572355969086,77.604194960766,0.5972686576949027,0.17764727820169685,0.9164921437925071,14.784655901771082
3783.8168598535613,12.987361725277415,77.59094944967195,0.6861027268444893,0.194058957863546,0.9706114330680471,14.456533574754525
3794.985584816956,12.95301708511775,77.57985221458762,0.5348946604938084,0.2208810758185873,0.9178010525925907,11.81891811637444
3044.220352340347,12.966523058716103,77.59295485468203,0.7415072509699083,0.2749970046268156,1.0107840300026938,14.795691583528566
3345.8028725629283,12.950331665122008,77.58602827626109,0.6830786341834453,0.13134762276674777,0.8709961456110817,7.431498828708328
3014.0625524247757,12.971916219739104,77.59951814401087,0.6959477616473068,0.2329887379320889,0.6745642326895526,16.754434977344527
2038.8302679653812,12.974316835845,77.60233399816067,0.8204001130085651,0.25633618183893175,0.9186717560768237,13.40202912978743
3256.56467491314,12.987507957421712,77.58403729592251,0.654300596144354,0.12566407650473843,0.918062576940508,13.971122432706089
1105.5049311407383,12.972806347608936,77.58754195944884,0.6747876841227923,0.19094245616343627,0.9311186496704354,18.407063208467132
3553.8915522958832,12.982040251294425,77.60216642465107,0.7021973295963215,0.14677410134584806,1.01069790979677,16.72813390983204
1305.477060233965,12.97743837081539,77.586011557217,0.5160007750586367,0.22152648058385171,0.7047536746706693,13.726643243755554
2785.803286794733,12.967247518029948,77.58377841864171,0.6733936344237996,0.1820824533822224,0.876151669566734,10.533655883551866
1654.846041573841,12.95751039253208,77.58281308868203,0.4514205087713816,0.19349304665599373,0.8077342191998449,20.31464561915036
3053.3889830744265,12.974350022982918,77.59812038612958,0.6414478438104261,0.1794472096360763,0.7791969611881515,9.639511992289258
2466.0747740720913,12.956678979828547,77.59769157719518,0.7855189053392827,0.23600817163841345,0.8927701000437107,17.517467610404605
905.2440418366675,12.984552070726696,77.58775953969621,0.7447266558251069,0.21145164802990693,0.9701822030280676,8.610424223174538
2920.6996310184786,12.969979378979632,77.59465085396128,0.6405179689545923,0.2115463382019828,0.9300946604859159,18.6714932125805
1922.0792231672895,12.983551774115115,77.60987132384155,0.7040798218223812,0.20803109125407268,0.8312477577504239,19.042403411534274
3381.146720813369,12.966797855658676,77.58485939843082,0.5925010432869594,0.22862454402260687,0.8854528400456282,7.349556627246129
2501.3256887344073,12.97428850786401,77.5750825739099,0.6997656596850479,0.18690140725718385,0.9929896444629617,16.797340210751738
2895.4209853880384,12.973693488573348,77.59915075575721,0.993032028549251,0.2850387393770464,0.9683129245060023,16.466014590999418
1542.431044984788,12.97114955881989,77.59349598836098,0.8845801320371931,0.13826026243907402,0.844722998677337,17.812197218744103
1910.6677685726381,12.967273404866035,77.58749974913185,0.7052622130017261,0.11370407759151757,0.8382503624336022,16.460961100073273
2041.3613638989154,12.975524560184706,77.60112080237354,0.7160144164915374,0.10956597156957135,0.7283515839401002,11.15073722883911
3356.702480242556,12.962338367365168,77.6029922514467,0.6020434685365449,0.09602059403537822,0.8570588666417636,14.131068130120516
4177.377087805489,12.95950564671041,77.5725172198012,0.6198210892048949,0.2336584907410126,0.7264211069561484,21.658586145735875
1694.8282482571237,12.984028268933269,77.58807402090669,0.7362184322104693,0.22756838496413206,1.1067069687386115,10.568746096201707
3576.84814465768,12.978871679888922,77.61777516231197,0.6475107434363514,0.26038882458877977,0.814488184313329,16.29143183340469
500.0,12.972258916086023,77.60043404915798,0.7904149594851582,0.1471680892647239,1.0108980855313217,19.6050154958202
1305.8105989077108,12.988251423825439,77.60136103638297,0.8569685680977757,0.23727307273727505,1.081810620789199,11.036988764557421
1541.2215438132253,12.968922344812752,77.60632894278632,0.7332620784781039,0.2028412031074653,0.9216201408527989,9.332853411536746
1147.4913105592777,12.98482703219989,77.594770688252,0.7101737205839926,0.20832932495779297,0.8899985743613094,9.935590665395502
916.4116102124201,12.973355740849259,77.60256684160092,0.5319220375089347,0.2312811447674804,0.7677634743944918,16.5798854463056
2912.9989121377976,12.961352492499236,77.60178062043838,0.774761024527205,0.16218591244687783,0.8495399878351224,9.901584908033223
2285.9323022721387,12.990080401917709,77.59999041496752,0.5856328698460941,0.32936245677022435,1.0603965047869026,14.458559837471693
2879.4053976051096,12.981507108466241,77.59137988029383,0.658199087136658,0.2665940152137677,0.9351252629622269,20.48508558521288
3190.472686121513,12.970389789689905,77.59632058922367,0.7959575892385135,0.17341470230023198,0.9028348207458837,14.794767502365476
2765.6169931725335,12.97887171259534,77.58871638435693,0.8029758164309032,0.14546309711383262,1.0312123209175663,11.888748847356785
3157.7631761503735,12.967562965660022,77.59472814304567,0.6533492472649882,0.19560479190976543,0.9696290548455716,15.501638690853543
2430.4677137577305,12.979891490350596,77.582915091079,0.6591084465080013,0.20911292217910213,0.8852126852220238,14.725308583726697
1313.0066116942553,12.947689214347161,77.58669376008727,0.6300681126743328,0.2532807629854156,0.9216255835673597,16.81063055521297
3557.814180820796,12.961401986663054,77.59177687958075,0.5802146254674089,0.1415639544215837,0.8231934962568692,21.47657821527541
1910.887867218873,12.98139259744287,77.5851629456857,0.6365204517895757,0.21427434715995833,0.8438959353636414,16.587075435347902
1564.403701237574,12.969103444617812,77.58954982729254,0.538686998108531,0.12354924877926055,0.8793701370741341,23.0
2322.082124195602,12.973675422948888,77.59296074023244,0.7683062581508264,0.22181787967055594,0.955747106237369,16.82120761391017
1587.189080703487,12.958132143378846,77.59862262344664,0.7394523605161876,0.19462478897709748,0.7752637027309954,11.930674829167824
2082.569618010568,12.990078669957022,77.60409257301853,0.7560529284870512,0.2968339881142882,0.9076240330422729,23.0
2844.0539215634662,12.983505296437178,77.58996215628622,0.6045595949424857,0.12269987278901616,0.8610137839936935,14.500727930619131
2848.341739246127,12.969593147816248,77.60795104617269,0.5804929436484944,0.26853041907450526,0.8099070781533796,10.78043107243598
1602.1699335743706,12.967553041431367,77.60398611078625,0.7053514274313559,0.11480843324168909,0.8615508450508346,23.0
2012.2946270512555,12.981896043614197,77.59964093831944,0.7064102564950225,0.1336394862796748,0.6678596736949778,12.067532455278082
3574.333004770244,12.99142470450169,77.59613649129297,0.6852730172487054,0.11614527207639175,0.8242411325971621,11.910442271856418
2996.400117733941,12.981137602558114,77.59779120841868,0.671051673081215,0.21251763042255273,0.7900513117924044,12.794117967822364
4575.065039348541,12.993318026673967,77.60647051150666,0.8710775777694386,0.14131505946231332,0.8720083957399236,15.65850565328882
3680.1281737415275,12.962376486709381,77.6068357965976,0.7426025011792978,0.13258342473597312,0.6720210177036067,18.72344558979555
3644.293068559939,12.963406131695013,77.60794946728383,0.8970678391466491,0.21013838008116903,0.9190892743509469,4.404833545247252
1112.1314495441982,12.959710588819467,77.59501326831877,0.8268965025431633,0.22258876929373453,0.9909423296406863,18.706001941246008
3263.8603516334224,12.976017606496494,77.60014967164999,0.8703270926017345,0.2019924652075163,0.8882703627770101,12.781861590681476
2446.8931983030893,12.973356035498044,77.60803546506622,0.5925537233643997,0.19188904254892236,0.9498791873404376,13.348422227359466
1949.0181964617504,12.97008048876528,77.58836283965084,0.7593170990998029,0.2914454816218589,0.8487269443598757,21.86076724368527
2668.0153405325286,12.979692586281233,77.59141583146281,0.6568234511006626,0.20729181331209853,0.7445378876224127,15.853232639476
3445.2115346114833,12.983923286052146,77.59476036663014,0.5336613288640466,0.24028457369611247,0.9001691321285653,16.790805391460406
3000.8315910042115,12.956343375907132,77.60359598737979,0.8496003169555526,0.20714610628449795,0.9680378376985219,14.805759540721748
1621.5261986579399,12.965630279720989,77.60375172150718,0.6706307474294371,0.1451061855872658,0.7675611874392343,18.05457033552934
3242.4589135926203,12.979801435941232,77.59229135888802,0.5944898369733315,0.22749438409510087,0.8534772723678165,21.472042291819513
1862.412457924036,12.966922613161415,77.5795139054562,0.6585436136751306,0.1672101344265104,0.8752883599095583,5.099738867707842
2716.683118964286,12.96361793923642,77.59706183944296,0.6203775877226181,0.1954506930980382,1.1851407645284946,19.338471962944972
2196.6499325228656,12.981785374276505,77.58541683862671,0.6306302032383332,0.2152701340946713,0.9223371194719892,21.18813225550141
2281.1337482643744,12.95870499930276,77.5797006379536,0.677839660981735,0.10292909665566785,0.7094426421136223,17.00425299160237
3266.2429750405095,12.96858420192209,77.58196128439266,0.8730815193044743,0.11952489380541356,0.684714909815779,12.290550309180604
1459.806280184102,12.974886440258048,77.59786381007845,0.6333682783455374,0.24547295862487817,0.973049883026375,10.39091020839929
4445.195074276933,12.9658618008609,77.60821037360932,0.865927066421919,0.1668126776700528,1.148503197599653,23.0
678.9139307055036,12.979431556560133,77.59498894516236,0.7848836795979521,0.16918390054455695,0.8719025515399281,11.380065253508542
1902.3323167451429,12.965911230248027,77.59671380654646,0.7396271563586085,0.208321919868541,0.8659180407941491,21.07056628422501
2870.211889941741,12.985686194934459,77.60642894938879,0.7748120032251875,0.18071637014390654,0.9430774176197596,16.562045297903087
3084.3141664353097,12.970342537025044,77.57915545090917,0.7013655663837457,0.22087941908213948,0.8201703591654892,23.0
2399.524279428295,12.978312701367054,77.599801764216,0.8286050103863426,0.1974439105633478,0.6455845379571328,13.726959342760537
2442.6092969984575,12.97906023952983,77.59448410215681,0.75669802632671,0.20993014750902245,1.0037264389275686,8.56967630553245
2910.5500853276167,12.96532459997256,77.60026057458832,0.5335334014974487,0.16490708048788738,0.8386817871598171,15.00868338878377
2268.9305225423195,12.951065134513442,77.58976516091596,0.7296251931889964,0.2096797411640464,1.005011786582137,9.054209448398332
3893.181257934906,12.97520755754664,77.58642062709573,0.7783973142992615,0.2552544543417722,0.823901320968932,23.0
3339.3491142316025,12.972322883471248,77.59600508904286,0.6710998781398783,0.17161258919429007,0.9121779127460539,17.517992896323502
3372.8243510056345,12.977158260275752,77.61109191323334,0.7126255872713932,0.2457659150136076,0.9854831947488695,18.11252179741783
1533.843276629583,12.969334725276171,77.60320910104541,0.6387142005325592,0.19742198408386755,1.0070350951071871,18.11508113210422
2420.611575594297,12.967295723011993,77.58952307229819,0.5622374343936439,0.2367240827988969,0.9232988667481424,12.225641277506693
2199.5340512792964,12.991684730109817,77.58119027964018,0.5449623129068759,0.20643856591765555,0.9183239095799,14.47187802993178
1494.3986243105342,12.956876459384892,77.57777932716303,0.5462932012931137,0.19832945399510368,0.9619706180179112,15.441458525439087
2860.164183945767,12.978939504783643,77.6077609945185,0.7669044742470532,0.21748648410381832,0.9464169534394152,22.775553853677827
1962.3542422201836,12.965853981418167,77.58504917711865,0.4509718291623671,0.26067987811511245,0.7708819465828687,10.371632805670671
3155.403829850237,12.968242213822597,77.59134486587006,0.6333520073036518,0.2118048647107538,0.7727917645696158,12.085664440980802
1429.8084371056682,12.96842897167426,77.60781211126077,0.6234346714754622,0.22392654154541988,0.6890940896979121,13.548275575095937
4219.040612841821,12.963565657258288,77.5784609854452,0.6717840464012536,0.18157575432116493,0.9766508000839647,12.305413363557435
1603.6673414079382,12.977312242102363,77.60952264509476,0.5143568450063797,0.2785443236997513,0.8604270226289,9.164294181929797
2719.302337200436,12.9855064359595,77.59206359546107,0.7403888094740618,0.2320168555464836,0.9820197245376302,4.1811819183002985
3291.8593103880676,12.976300136612467,77.58311416684761,0.5726838605840101,0.20388542300125032,0.9403710573454491,7.692622137315066
1929.3595697998871,12.972633819962121,77.59212649072852,0.8132405540709269,0.1938673163872663,0.7997573318429031,19.39611973032596
3352.4686434329506,12.961735595009008,77.58737403218599,0.6378234312411167,0.24889541346365554,0.8879777566465221,14.967124396083118
1270.8164021995838,12.976768252658244,77.59900819798905,0.6904386976588079,0.16968979614773705,0.8545177948335908,18.34215566501628
3952.1176991825605,12.993163496317294,77.58811867566112,0.7003773856555205,0.11085624918643336,0.8390776519736438,12.669945616366551
2514.1492649657584,12.96779305376205,77.57548357789081,0.7244241052860572,0.20361997997122278,0.9915287325493282,14.606657358963627
1903.5885920311202,12.967840164206482,77.59239437465591,0.7037014377496141,0.2595002286557172,1.1510743470547673,21.452630003835534
2200.8182275725653,12.96598910869019,77.58103454947714,0.6572889451267367,0.2795654405592337,1.0116203641743549,21.210890422629667
3308.9192693927193,12.966705857655056,77.59664319883989,0.7343048530694043,0.19463530282830602,0.8973043632642597,18.767888530369095
1915.5447081495618,12.944147004463277,77.58272869667717,0.7466147130494953,0.20217938319708917,1.0259507759956124,15.809671149161677
1750.6423105772224,12.975650353858558,77.58971987196828,0.6234865332890379,0.22597652162579776,1.0712902650310805,17.07187771019696
2278.463402416262,12.963144478236455,77.59642587804214,0.7426367818973556,0.18678252905681175,0.7607629217689703,16.48255319458157
1323.0378872300319,12.955497368812082,77.59247541274966,0.8191720302401696,0.22582029741955745,1.022485476136253,14.33229282538353
4320.543907941816,12.979131899497325,77.59710430283,0.7705894196104552,0.1957299124465866,0.9769682018743205,13.382520762238409
1933.6054087852767,12.960779822149581,77.60140287165717,0.7932375241647187,0.250568412859509,1.01881190566565,19.489471781204504
3331.6167861804033,12.968213309461163,77.58302066300269,0.7171920848907445,0.2361490256548912,0.9813287456016901,9.817489804415459
2709.4700836477728,12.986264423911885,77.59395602459375,0.606384955392512,0.24051139161512164,0.8772270992465859,20.94943310899457
1515.465949518032,12.957507842019755,77.56130496202492,0.6190355540296355,0.1897341177598956,1.1032870644182768,13.898228773008743
2494.0452907872705,12.956274017654023,77.59707333301682,0.7319887967854412,0.29629636602511306,0.9339598608582149,9.74378598120927
3284.002779310748,12.974293061895624,77.59159185869625,0.794276372515231,0.22419559711897363,0.8565672979305747,12.817980569213551
2311.7386649136934,12.983094873640104,77.58476550236522,0.9785911913994055,0.2123647026743416,0.9505978015040375,11.502368451634904
3693.1129458510277,12.955856582822681,77.59775719422296,0.7981821944438603,0.16195285097165144,0.9972395901727861,12.697302591584599
3521.5153927818637,12.975676897368372,77.60632697577185,0.5829564242502497,0.19514640899257232,0.9094761075861997,12.62418592525134
3418.914854658329,12.977409995399617,77.58983982252401,0.6232727427640017,0.2057189880351318,0.9393136383522226,12.465220914499108
2040.343227727003,12.951008395163077,77.58515185509758,0.9278517315955999,0.160616135178785,0.9088367082103651,13.76817172744066
1420.157552218513,12.979585013379072,77.59625025262439,0.6785611068023221,0.18538414271154563,0.8339924266899357,14.74090667175571
1886.4123946372056,12.980366058798422,77.58124393333354,0.7047514634761288,0.1917099990948495,0.8178175541372229,18.05543854072387
2696.2409406667202,12.96848214426744,77.58799618629465,0.6039583079590771,0.20279603304616092,0.7597183713428413,14.020189472051602
3045.7867135323554,12.98412346362298,77.6068240216165,0.8565103405574244,0.1118646504979198,1.0518020034046747,16.30408322651038
500.0,12.98296455574325,77.59522179229812,0.7500333207320625,0.1932364729647868,0.8776582751870339,15.03012524819415
2491.8867983882496,12.972631179257172,77.57580533036054,0.6225398652114688,0.18113269084600342,0.557242489824471,17.162323081971838
2658.0892253231846,12.967085546096751,77.5766300835272,0.6006174711142729,0.19895579251875503,0.9396533079279509,15.186701358623441
2222.4557436844484,12.961871721074171,77.59622085692646,0.7307203945897872,0.25176382830901284,0.9375827104507303,12.41271289873212
3791.273839015879,12.97122436490634,77.60322390575918,0.7044206174880452,0.3026197746060603,0.7133432317169605,11.327201389437654
2921.7800742508707,12.977297589197041,77.57842378541373,0.7832110217221127,0.23391885998223136,0.8167603791666738,15.840918394016859
3810.191908080897,12.968358231389594,77.59909712607497,0.7546968473127199,0.1382788913966832,0.812371096543907,20.093513959602554
2284.0394796497676,12.949624989947381,77.6079034350749,0.6735519651231376,0.1827296524083733,0.8257732309207724,14.08350149196106
3437.477492506925,12.984287138945767,77.61347858987959,0.6456198404538633,0.22979816544155457,1.0212775861703571,12.196545384687191
4135.066394527519,12.973502232218449,77.5979122275986,0.6840057851701166,0.22416452482145116,0.8851122451933163,13.975317298913723
3811.6934492726614,12.967803755033232,77.59966802594552,0.6449319153343237,0.24936628677265374,0.8572765115183849,12.754421956390043
1407.8584065712669,12.980171583884234,77.57326815572372,0.6869804467195237,0.19513245028547022,1.0122389942220593,12.332077923552344
2246.323922457619,12.986846385964828,77.61559752547996,0.7016440928619381,0.18182498778172473,0.9495347745183705,9.225621673998994
2154.835294550204,12.943580884305122,77.58884509786904,0.6102069106619943,0.28762120019580195,0.725902174202345,14.022366854952447
2989.2545350763276,12.975942636499221,77.58526528841575,0.763067986209788,0.2029335301684819,0.8383376360832098,15.94310861537355
3186.353555014533,12.957333507891898,77.5920479386556,0.662957228553033,0.14916628119894426,0.9321962087133946,10.672383371207793
1661.1073259742639,12.97659110506799,77.60971673414186,0.6158115649714656,0.27375668285164606,0.8066109865987967,11.486640998928584
2567.8385139169377,12.972879272023746,77.61668046047544,0.6648392571718131,0.12519522543027778,1.1029554788421132,11.207752022047147
500.0,12.977957265264406,77.59585408679476,0.7242258156620286,0.02524773887556972,0.9112878763652584,9.453288131815192
3941.94500580189,12.966607523855053,77.60458084172603,0.7083038199813303,0.2384693379018787,0.8246623660422475,11.177631585442931
1987.6257593233063,12.95286759888181,77.59503204048686,0.7422118114904461,0.24553504855123157,0.7877056356663951,14.208574284696164
2555.863939844497,12.967096318087433,77.58422204526981,0.7898346125075528,0.22070064709723455,0.9927527588035703,9.631768775820646
2190.350286011939,12.975668476351398,77.60936743670788,0.8304940204008033,0.13487719580039753,0.8352138063006044,14.449830130140656
3646.027575013415,12.981753923286753,77.58837872519643,0.7285486162688053,0.19705650723788398,0.9379924178291708,12.186132830158341
500.0,12.959881686995276,77.60995530773371,0.5930597612764503,0.18609157132230644,0.7848480643125567,11.28407176471882
2483.389657674091,12.98187060426873,77.60758541329768,0.6730889197469698,0.17313554945538054,0.9070197791524504,16.50883526549253
2394.181242502302,12.965121277103535,77.60074036263957,0.5995681615616991,0.270603471540464,0.8364114102116539,12.43949757874439
2046.3636124083173,12.975224498815946,77.61288974756255,0.8696854073712281,0.14766669706841556,0.8684605586524946,13.119944535729399
4226.226545635633,12.966501060471344,77.61692346033186,0.8987400882527163,0.21580522265532,0.8203719199614543,20.19202724000087
1612.6705411442288,12.973421706277122,77.59284756637035,0.7650311197496342,0.25970234918312873,1.002562627780827,11.319777465032114
3271.796177235661,12.980518776345702,77.58651205881584,0.785845884263903,0.2190720762659519,0.8508996024875674,21.263498190369454
2856.2527887060837,12.959329859227115,77.57595730162744,0.7250943193236659,0.26205591862476874,0.8856542805080299,13.608835483789358
3761.519252535516,12.964800941032532,77.6170468225543,0.7366055915460791,0.2281857361214465,0.8904857719201256,10.45546146851214
1832.8109152224947,12.973449625873421,77.59020317991082,0.5402545781670877,0.22146748352460147,1.061227012163363,12.784206635751932
1767.031100876241,12.995615836610304,77.60595036857102,0.6926067634743089,0.21834174344160737,0.98903085873914,15.275099626489483
3596.0699074773984,12.962968102878332,77.5871874463249,0.6118846937653739,0.23067216333250753,0.979068075827796,20.018015439362852
2925.3213083301102,12.99200133885997,77.60998265640912,0.7281356537538369,0.18072304512938697,0.7422113376973698,18.19529923425312
955.0626533232414,12.991644233036752,77.58759882408185,0.6940390154611465,0.13490630740636067,0.8343607612397461,15.255627399342831
1960.6949855367297,12.970626888492985,77.58268280866383,0.8946821962346114,0.24770217057316546,1.0188618715828914,20.039823925956497
2886.3826538480607,12.968618474738001,77.59251493569046,0.7916627688722842,0.2580871150252883,0.782906918457835,7.475851808530058
3337.7642215465894,12.964679348013354,77.58928224299038,0.7284511982521644,0.2125989405453022,0.908401354812173,15.997766120239417
1820.769346807045,12.970917974696674,77.60056299785461,0.6733060312860374,0.1725812190182815,0.7934738495739211,16.239758906502402
500.0,12.957532805674404,77.59408605072808,0.8676021458759929,0.12211414417351811,0.8035092744590593,16.288569870315936
3023.2231857370334,12.970837609826795,77.60087702394551,0.697004535387347,0.2042903549961694,1.0680785652864204,8.559395336045164
1279.6793100560242,12.986568802738509,77.59168978526915,0.7331673961635278,0.13255248276410142,0.9719270641576389,10.932350393286107
500.0,12.965489149375234,77.58794892628981,0.7042249604426835,0.12555062486810373,0.9983140227794588,14.334102311369096
500.0,12.96919275696011,77.58876439452104,0.6595846094292677,0.19896342359921537,0.9783741480163779,19.459166019845913
3313.980860197741,12.954588595257327,77.6150493879803,0.703650622238552,0.16181152494059928,0.8860711637770498,22.661057982870645
2628.6174504049663,12.97534062088131,77.59685170932227,0.5038033149321683,0.21726547780823854,0.8308403292096103,12.34225899366631
2274.3436192877484,12.974244816849515,77.57476237790547,0.5452293598758812,0.1920352198719063,0.8597909740582507,9.760612832115616
3889.0243629627616,12.972237023597659,77.58939790986545,0.7349630541669627,0.1696682716888695,0.8808173545613254,18.263045745700488
3137.324683023073,12.96943172949778,77.59556866032476,0.8568199690527486,0.11475424596355172,1.0776286069327918,23.0
4116.300042721917,12.968672420812275,77.61305399681251,0.7348221104144168,0.15735559370848212,0.7663643568970471,19.42776253320474
1107.2645278330035,12.976619002337006,77.60488698715889,0.6279631145103346,0.1591931754974455,0.8446338551381206,12.005469104023895
2465.4493760460364,12.971311833984114,77.58538282163518,0.5557146245932664,0.1387346163242519,0.8087036633694618,23.0
883.2866250519858,12.974749718715554,77.61878355753572,0.7784527260475638,0.18354778523788076,1.005662319752048,17.747198481875653
2270.6176681445327,12.973749828174546,77.59428839635198,0.6432804848984899,0.14263740044126744,1.0853788259339097,11.835947145633225
2251.3841462333226,12.982834272870958,77.60706329811075,0.764323541855256,0.19181286263543926,0.9308786359826396,22.737208665350842
3126.613637263071,12.978369940973751,77.583049915026,0.7389865158065717,0.2120205606834328,0.9391015834843585,11.520032754404639
2545.5638811418985,12.973528618431502,77.5706183690475,0.7478300392254689,0.15869150228054113,0.9091320923041936,12.515645925352226
3123.4071382799157,12.986784220306522,77.58051568509632,0.7033601707353555,0.22127043147092926,0.9437478989281125,17.9064832893645
3203.4401331388945,12.975802685290565,77.56209666523804,0.7383644384969641,0.13193210643761483,0.9773155162357627,14.90037872844298
4654.928677383142,12.984649626887904,77.61572089327252,0.6880545598743665,0.14439113008018548,0.9425640512886821,15.148028528019069
2184.7033447138756,12.977669426083867,77.59674532918886,0.6364693465631795,0.19433913511876155,0.9498834328278295,15.154766006571188
1558.977299333621,12.953180809210686,77.58535355981552,0.6036500939483949,0.23435205459443192,0.9775414363493875,19.45791970348064
2746.0836153164087,12.984648347633193,77.5991262402998,0.46149912020290207,0.24336997707446334,0.7221721898744933,5.702437441153508
1697.7199728604564,12.972951762413427,77.5964933403618,0.681889043759549,0.28061953110787796,0.9002008930145725,16.13805554354588
3981.960768436536,12.971080452290993,77.60080933395614,0.8519378182951953,0.18117055625912448,0.9305209042084518,13.839186491677928
2216.7819610547676,12.974413483474896,77.60669531401136,0.7730080092537597,0.19362493406608478,0.9416148180519291,11.990015869877537
1934.4236321260096,12.96815016838043,77.59170078846975,0.7227709118475958,0.14836622354910067,0.8829113738216047,11.979454328266664
2028.684278848882,12.97387028860389,77.58580160693899,0.6265995005710848,0.13731168340044886,0.9160751499797153,4.451561323123121
3218.417423471641,12.96568123933657,77.60287775214371,0.7997339225759077,0.21142860431637625,0.8280093595319232,11.806327585595223
2342.253016768515,12.984342722587344,77.60262332777884,0.6880690688196974,0.16120642502768787,0.722515526430227,20.161850899757347
1858.3331798696177,12.97046411886379,77.59560735808121,0.8574934313789058,0.26161896000086454,0.9983137101305657,18.32821951211016
4165.351917623531,12.967774161572777,77.61637554188681,0.6018912736705319,0.12688071340663049,0.7865628396680497,14.23447295042203
1643.8301593382498,12.962350741842808,77.59022177877138,0.6250030472027344,0.22431766029123484,0.8839546136886238,9.354977112637375
2535.5660740329936,12.974287757891487,77.58560142028365,0.6152730055780371,0.14971303805914854,0.8250870367097994,18.287479089036513
3152.3061516102307,12.973471071001251,77.59878091427507,0.5517881629565986,0.15897757666139584,1.058700927987608,20.239393646641673
868.6648895829267,12.975484246136775,77.58785062143086,0.6062955314808237,0.22695560326260156,0.8920355285491285,19.13677868319066
2980.260501405925,12.961327481124949,77.59955516524145,0.7103216259765918,0.1662059781946046,0.8689543537117934,11.12509778005452
1444.8923245195506,12.955588188011884,77.58626991744161,0.6287798975149372,0.17421079662400502,0.9747865868725982,11.540485276549251
3322.7827808340026,12.977855913025065,77.59059757717068,0.31436246707594023,0.15939208182242157,1.1156474167608188,21.623645035376857
1537.3489880810237,12.986446418618765,77.61350840420039,0.8074273297420121,0.2892514895806721,0.9405689527058089,10.162915834012157
3192.7690318488603,12.961336463776101,77.59054412643252,0.5315906270652594,0.1691256844459995,0.8622580538368165,16.912853462062284
3605.833066294713,12.987494412835618,77.58661148455982,0.7589228284886637,0.20257761087163817,0.969659398135469,7.889055411707222
3361.4365256328047,12.974439110587364,77.60630678788706,0.7031214589669564,0.18990431998594628,0.7427320931418435,13.798738530504338
2751.3166482381025,12.971529370954492,77.58408958049714,0.9117372816420342,0.21107085308621307,0.9046429260064397,17.340601602937422
2268.6990570703006,12.967624513034544,77.58767056769852,0.799695748152262,0.16926315265170325,1.0993957654956412,14.88013617143155
1923.580423665156,12.95775481980575,77.60036561120509,0.6495395404515025,0.1899591382729175,0.9157747396685773,17.09565328422043
3971.034690817104,12.981477285159247,77.60398411423873,0.6297936437644688,0.21969760044969677,0.9107777656157648,10.095179697385017
1800.5047798323567,12.963843936385624,77.60680476391082,0.8502727680799285,0.15684964309985042,0.9020636540357506,11.719992142017379
1462.9339264300038,12.963801933242625,77.5871277816778,0.5524128902898587,0.25446606783140774,0.8604523719573801,16.927273513995477
3165.36893503283,12.98151926309887,77.60056008672986,0.7190879935918708,0.25927402595208165,0.931449067236487,17.787552568209502
1703.8631968135046,12.952770165533284,77.58993891800456,0.6868879536750327,0.23032463130793698,0.9775273011660304,15.87925141225145
1549.936502533873,12.956364021893318,77.58854344366489,0.6656773931295323,0.20349381917982418,0.8668179947509226,18.78823096663325
1056.395737830235,12.97141865756492,77.60663212782292,0.7353513984448425,0.0504699275897732,0.6509248261699179,8.371168245714895
2017.0901605394824,12.97453284429005,77.5891044560414,0.7189559860508675,0.22121455663272316,0.9465617505278754,13.135208198612562
2417.284976103507,12.97644734647969,77.59738204596022,0.7457400742791744,0.18043347973855678,1.1133126076520103,22.290735092904736
2743.091727660699,12.968582015066039,77.59615579469231,0.7138975652363283,0.18768627942912303,0.8623738591943869,20.13387531597488
3451.3062442994833,12.996903696686417,77.58389245623661,0.7417681405017247,0.10513113347385918,0.7528836617243396,17.534552660030176
3026.8979236657938,12.969321074412342,77.60426092855356,0.7093365192931594,0.22467942429370963,0.967741298473248,14.378532106577987
2309.12778044682,12.969292138478973,77.60020280893679,0.6340573112783685,0.1275709476586523,1.0743832264184003,19.139262513399874
2301.8043236202802,12.963630133311861,77.5747370938813,0.7004001260236595,0.20592122729956974,0.9529373569715236,16.716566078646427
3010.1574689151835,12.97283906816521,77.59737421111237,0.628561344029598,0.24523287409549208,1.0724700054166512,8.930238541571084
3772.5701629285695,12.977749612320467,77.58687026565833,0.6219623395269149,0.1765335909341224,0.9793668545625713,18.983049788224516
2626.3141994832004,12.983635780545335,77.60557075306413,0.6663849997282247,0.26080258626142205,0.9706850985677693,11.535826342711069
2030.8691457895911,12.956707157355599,77.58014600163219,0.6880576839264158,0.162650481089641,0.8481999317257888,18.03875300007271
1507.1339989144544,12.969140046616443,77.59103523031371,0.703522530634781,0.2300216538365501,0.9285406890753217,8.536108845022806
1054.7947355877745,12.976067036108091,77.59822024550988,0.7916378827363331,0.13476071242707363,0.8970529043282224,21.396077328400835
3166.2696720435233,12.977470575345945,77.59514340294142,0.6501535917459156,0.2515565217340262,0.8936264279433349,13.900414484791522
3077.9785236395574,12.971665486578045,77.60222958256713,0.719685192647482,0.2437995191289645,0.8746134872048933,10.562654671115293
3077.3635251066617,12.977024239695321,77.57941578013991,0.7118027713943819,0.2234178961481865,0.9225613467458554,12.245979067716904
2371.340553647944,12.963510361070743,77.61111914336867,0.6391371712533934,0.18033579316930945,0.7703655015863273,13.652603610745178
3906.934745891751,12.987179054323184,77.59985144658788,0.7073740786206545,0.1298999688285944,0.9811718399281575,14.976921134290922
2015.8815054151823,12.981526281029796,77.60819718213001,0.8002721415177313,0.18046798423902713,0.8122254707219804,20.27258254535866
3455.2692372072056,12.958150722129348,77.60334240169233,0.7186506216883399,0.25551535878740617,0.8749728774995292,15.280570465909632
2461.257105010457,12.960848969518834,77.59448389885544,0.7226583929027308,0.20649809357845578,0.9330559893035165,6.316332809109916
1891.6492353206625,12.961130782498932,77.58175801789089,0.6294671669057332,0.12234815352437751,0.8072726581604488,10.081045951324356
3092.530307317761,12.978379699708965,77.58896446818751,0.8968858851204876,0.14376361802900295,0.7033536937694748,23.0
2909.6361186839936,12.958752722335825,77.61049563332863,0.6351643629677498,0.26265757004261403,0.8616953322302493,15.541555182651704
2856.972759266926,12.968289756657919,77.60845437781656,0.5332216539452521,0.2243956376063943,0.75689025074163,18.80316045604194
2581.278422056199,12.976147043964168,77.58840400019896,0.7860184120218077,0.13829999396300363,0.971231093267047,13.766615442024646
2462.1069182831693,12.970938340654536,77.56641695713797,0.6885182960351574,0.11170842519127033,0.7846496427457874,10.98155474317255
4888.371992870439,12.974188875157127,77.59247310265695,0.6696958179052924,0.16874789326999667,1.0485155563709163,13.074871110472785
3684.256645196173,12.960941972886513,77.59172297111871,0.6454446219588472,0.10743206460050403,0.8994207110764775,15.513304336233606
3222.826894985512,12.977548543733972,77.59210227387959,0.8871714624315837,0.19220827549964997,0.905917419459423,13.159054651091731
2611.7991582033883,12.96546788107524,77.59988539201831,0.7354590278604682,0.32258126859181524,0.7019368671455336,22.67387106611906
3507.157200596669,12.96835380325602,77.60336212579321,0.7549751221645085,0.12015219621504142,0.9144862628850523,12.534988823093501
3017.994776391452,12.97397731727906,77.604502995471,0.7162615623582267,0.19069871683968925,0.8919820083126747,10.780657558998957
2526.2047527740356,12.972630782215308,77.59905709140135,0.7270049613445195,0.2655963287665626,0.770091096507453,18.235211038809275
2196.435674734085,12.971839800190157,77.57659229298078,0.8398624610559414,0.23745439291500478,0.9087268338796809,18.728010015379787
2419.082662337312,12.964093731780233,77.59118800267306,0.6749145338772304,0.1925629642600431,0.8602076989192576,15.119908486153943
500.0,12.968604505888008,77.61764089783549,0.554306245447927,0.19268256649159016,0.878321218210464,12.591425509837089
2710.600839297642,12.97162183590837,77.59834216734802,0.7868054654227776,0.14220451087877106,0.9025881762194047,7.397364743307935
2011.5239198896402,12.95784914766833,77.59827819568444,0.7496701612242391,0.18661721149972232,0.8528545786841799,19.88288608977644
4092.669998282884,12.966974670336867,77.59819485939774,0.7107979812885042,0.21217203571200652,0.9246456626948868,18.47424363968684
2519.344070811754,12.975476798790329,77.59875379622505,0.7470753241547786,0.2552556771637045,0.8913444517649037,13.240446721003618
1311.036580465038,12.958825633961547,77.57076887818914,0.6629255779705825,0.1689912188242622,0.9472768468386575,15.238289913718907
2450.1198458718823,12.983165816515942,77.5922047568309,0.7020692582854259,0.1905082435968269,0.8471325406028009,14.093291269913552
1453.8789149374957,12.984296132626,77.59422107168206,0.686829974614009,0.15253932596216588,0.7935080247066041,21.514920965145357
2973.4074157124664,12.959148494240399,77.60741495399253,0.6408511742929083,0.21126625897702528,0.8291131471561861,10.848326788183094
2790.9473643394854,12.985176196330501,77.59507672894622,0.8189172783105002,0.23918897251544818,1.044265676885178,12.51975402392032
3457.839631108268,12.970164184112878,77.57813488613398,0.5587741372582199,0.23148240067149475,0.9955966526206746,12.133095043744087
1709.1182083054346,12.975785145591571,77.59890089156171,0.9360882171812966,0.14149064622788224,1.021337913259911,16.240645145769093
2534.0080962281468,12.966633489478719,77.58656175351757,0.7877362209206475,0.20734316047282075,1.028271395817022,15.22451781478909
1134.9782045733648,12.980830448272268,77.58243214358919,0.5222024465297649,0.16613437358749059,0.8533681942826797,15.800272653851264
3201.4947819247145,12.975660940188487,77.58625840953283,0.677583367050907,0.2505525007826417,0.9295811935408463,11.477571497835335
3018.871180440122,12.963458467434025,77.60002504229665,0.6831454084096442,0.19193436386132312,0.9075839002847963,20.93958732164158
2995.805021027571,12.959947980000347,77.6071876123976,0.7391886628942111,0.12402433308794579,0.9659538525591422,13.183819571115054
2501.619031356941,12.956996975647908,77.59942929945177,0.6010621729260279,0.18900986471961334,0.8710831754769033,19.7503597975861
2914.772890788791,12.973479417764327,77.60092023223616,0.7032025343368217,0.22292362845994407,0.9092974157091004,23.0
4104.339108308596,12.977324714117797,77.59933045272838,0.6878880601877353,0.21220030315714,0.9072271477619686,11.506655784742488
2214.905742957986,12.978109656787796,77.5956132717686,0.6262381637426561,0.17441019931740098,0.9532262399915697,16.369539599485186
2638.6451837100844,12.970420189053927,77.60156930634963,0.6123247768528768,0.1707363305064427,0.9655717221071599,14.473585446976323
1413.8737008185901,12.960030035443356,77.57041224532931,0.7918804646702357,0.15062478008918417,0.90936710323402,23.0
1631.7390384016676,12.964779252019763,77.59571088351305,0.5303417459957406,0.1802625189832347,0.9123990784065809,13.8773842900596
2597.8132930933075,12.98312348638962,77.58415074965377,0.7477878936096051,0.1572160516737099,0.9225898020748705,15.994765910072344
3603.9335467019073,12.966753714353999,77.60622902572544,0.7797510306878124,0.24850429930886575,1.0646551420623043,15.907473278045307
2243.7191757484275,12.973034176306815,77.59312844694783,0.6781441661661584,0.1549431304634192,0.7270002208683068,14.598404920208635
2264.083470687876,12.960843495164251,77.59490948088268,0.7052372839724995,0.20611422311811006,0.8030320338782192,18.02189507146738
2093.114755495625,12.974965830454591,77.57954928125746,0.816349499969738,0.20271519516631664,0.9673679596445942,15.373585601820178
1965.2433291556767,12.96702315438321,77.60476830889013,0.6295148489275942,0.24728337239424558,0.9269784398839092,16.927406952180323
2794.9714557088214,12.982067127137759,77.60087328120274,0.6398347571110876,0.25446841444791857,0.9262749550150877,15.854410819427855
1002.7423548213553,12.979335577062068,77.6001694788234,0.6504516318900692,0.23479849716406642,0.9667495498713357,12.581849097157447
3780.9395766667276,12.966642940534252,77.5864697714783,0.8165325599223281,0.2176464171645065,0.9213992893123764,13.92415176109916
1834.5777018705394,12.970333359726524,77.58686360155062,0.8292293746884707,0.14756769269529713,0.8440717521550777,17.22169141097184
3221.9034854381416,12.966088837599594,77.59683599454446,0.560410976553638,0.14655649561308715,0.9628809140108259,17.205441207613383
1230.0014026061242,12.95740566803455,77.58765501589752,0.8006240747311637,0.15771545901175255,0.9020887162999078,19.98003619524678
3168.840130546218,12.963025575704528,77.59894892962677,0.7818908306347283,0.23759604998139577,0.8552422821110447,22.436976591354675
3171.9446078144974,12.973582173277208,77.57299087397233,0.8553594810449827,0.20366649641253182,0.9690360624577912,12.915724491035963
2884.2020720058963,12.974852594982297,77.58972455443593,0.738510803212638,0.24343286203677814,0.9651033858282,15.539496633118556
1505.5714782002078,12.973085479035927,77.61256753465426,0.6955739879721423,0.25014013671600416,0.9214766491600792,14.226376761792775
2749.548189598077,12.968582669460414,77.59899485827995,0.8145216686571659,0.1637024049850376,1.0717119153994559,10.570769450404494
1316.943815265611,12.98093066605721,77.5962679366453,0.7698903791501766,0.20160371637785937,1.0326826734770285,17.258220555217687
2247.2367449038147,12.97223541904561,77.61445226535672,0.9244898414148726,0.1993503160658205,1.0001857194053803,18.111348656023424
3529.4131009553257,12.97863253828096,77.57124046381199,0.7958707844961828,0.18361061551878927,1.1566365572808748,10.692035095253939
3296.701927070742,12.953862248677975,77.58644688885212,0.7153547976423915,0.17325785727376444,0.8853536598002284,13.502002643298724
2515.182942540433,12.932375997483817,77.59058826828253,0.5825895619623829,0.25923777517055285,0.8535199670683906,13.111641910282625
1525.193424077158,12.974437880278382,77.60318351233005,0.6419082822805882,0.20259858633577504,0.986036309930336,8.966301187099328
3145.5877121741933,12.957352343462786,77.60335656363229,0.5564045021971984,0.2006572394279884,0.8747365702005719,14.85449067933951
2519.3812376980254,12.96947548297287,77.58593993291018,0.6784937963939136,0.15986111625657023,0.9011927715647823,10.419033294245724
500.0,12.968579029589755,77.60457954322142,0.7926067593232845,0.23376062152067523,0.8014080034249695,15.635974765021306
3282.629826316518,12.987474006024156,77.59056685232679,0.6996328911519484,0.14974462495809926,0.9606659457713127,16.076486099839162
2475.767166130308,12.975599965529437,77.60671639625649,0.8021725268760073,0.22274527644223413,0.752899275446239,16.572091133218905
3702.4512479830723,12.973258590267987,77.58427357301878,0.7337573733439013,0.2241114680027581,0.8903561778840631,16.76528871091952
1404.7294811571953,12.979969911546338,77.59336688400934,0.6596907710245989,0.17937424753382158,0.8984644262484244,21.12376286639014
500.0,12.97528497586839,77.58969832684623,0.7087625155169963,0.215882604059159,0.8563961157580169,11.765415436737637
2779.083858345185,12.967023230070117,77.60516030371566,0.7472096691055096,0.20928347795222438,0.7242785241338501,11.966072735931053
2791.5636766819725,12.982314759302547,77.58937218783434,0.7139223398463616,0.19803196875949253,0.723536890622555,17.620655588704565
809.3283723935481,12.960502498721118,77.59417551470989,0.7150684228851913,0.20064719900726163,0.82538275933282,14.472073898737143
1521.5004541333938,12.974832471875336,77.59966811397663,0.6230949892413293,0.20308909115967608,0.9539050328762064,19.501306428233107
5255.217743719902,12.956124302058637,77.60005258483027,0.6567023734757783,0.20649558363360243,0.9288924861441944,17.246755169464176
2194.3893858461965,12.97363943857516,77.60346952607473,0.9258460796154644,0.20301210156718533,0.8983564641168859,22.672445313171444
3230.958976376216,12.97352989641773,77.59671124776844,0.8228466490423543,0.14480679048939293,0.8115411513982522,14.634686200909236
1849.3401726316163,12.988364549619147,77.5904175108472,0.5526159103190283,0.19238945244971978,0.9341132221261108,9.071841712053661
500.0,12.955950261065583,77.59110301254641,0.4633031042493638,0.21324743005984362,0.7200970721961082,16.362645679916586
2329.7417532040945,12.965591128241462,77.59485672315208,0.7076192421448722,0.20486443642696459,0.6603450517628022,14.713303368343686
2234.395439713895,12.979826824265741,77.59709592476074,0.789347289442599,0.24768751296975694,0.8756928448784995,17.13794994605828
2100.1217613316285,12.974953172563973,77.59312828352151,0.6480058162577792,0.23100432947497274,0.8453948619902971,17.650428746700815
2385.3591644936078,12.973403050513376,77.59479203420966,0.8021658728197938,0.1564795232473432,1.0013171297647459,12.861805939616309
2764.2682716456366,12.962038642970414,77.57942746139427,0.7059654565007084,0.19166864459728028,0.9157983777772835,10.963977365899378
2349.8830487461933,12.965691816519087,77.60127355284455,0.6836938720273025,0.18443316732764062,1.0650735309999853,14.416226599950456
1235.9938320526362,12.984050410082233,77.5964111228889,0.7756115176175181,0.1997825756686408,0.845178493130454,5.475233856902175
2986.1847915619387,12.971084908062462,77.6046187041354,0.6468124207097731,0.19985093000806503,0.9486772291522161,15.322669035144871
550.6282446775767,12.975353596961446,77.59460160507408,0.6713293678196346,0.23057608346199246,0.874772287058437,13.370247699455344
500.0,12.970448116712236,77.57721602421478,0.7670167262130463,0.2088664181570572,1.0381719724131138,18.446700177970722
3239.180494701568,12.959769144847503,77.59101553810693,0.6968604062933975,0.26152725026042756,0.879594955287592,7.056605865827539
3007.0202721353567,12.980938104260751,77.59260070076881,0.8908776273377735,0.212050156883118,0.9854406780145766,15.02538123920255
2442.604634925964,12.976632323845326,77.60202903305434,0.7693825412856018,0.15847047398313618,0.792238103547584,21.304897138868558
1104.551495244928,12.994656368373672,77.57389726455487,0.7628813828332761,0.17663596899158904,0.8584787356867956,17.701605311804073
1792.0890593259246,12.961444186203495,77.59501179516948,0.6950495353934931,0.23018945353658793,0.8915956588072533,18.92268798275145
2237.253252313496,12.979825729212005,77.59973675215794,0.7874754676709605,0.11929158677471574,1.02634175399628,16.358934090519792
904.1060314258866,12.958484560339631,77.58798512114718,0.6677392227198353,0.13270597926199773,0.6802813058991961,8.353863720397362
1760.9713419767672,12.973173465676732,77.59534628009817,0.7282377751199515,0.20053486035626153,0.8667355553554221,15.66611669240991
3152.33033817668,12.981365065890632,77.5883296349085,0.6083706952995439,0.2475461059260583,0.8633519873572699,16.63395744025602
3927.3053642892164,12.950878648839035,77.5873042706678,0.8039441392230591,0.2653517715977439,0.6923026477605619,10.687101823236905
2080.5652473414493,12.969550675257585,77.59051580149868,0.7290604697261791,0.18914471264891144,0.8535964239253185,14.493784626562666
3256.4883543160986,12.965967902659575,77.58749308007533,0.8982513063697877,0.2530414343492942,0.7459332868808706,3.3957174838243347
585.9399294125326,12.964580427017049,77.60143618311936,0.9392298383669757,0.2036133954884449,0.6669336521962608,13.663607296232767
3159.4512411136116,12.975452126522594,77.58725048123165,0.7763319451433147,0.12342925088783847,0.8737687171504678,13.254496228734789
1696.0515852725189,12.982806857064226,77.58557089992952,0.7068425311207903,0.19959617317608153,0.8703854879196142,20.608957422453393
2807.3456167079703,12.970267212847709,77.6122792866684,0.6053935487874431,0.16905459376892246,0.8755046417040668,12.587107589485226
2252.247581760291,12.9736548642756,77.60420740011824,0.7904749803258824,0.24591154402388707,0.9252858245898352,13.934571765618085
3820.4140097838344,12.972743087530594,77.57598486639341,0.7210284563895228,0.19871623698227567,0.8120603176786301,14.683084890892767
1625.5643516600817,12.971618035063564,77.58695231710148,0.7538034839154462,0.13610434467217647,1.079085601344592,12.63871990427848
3127.606297561831,12.960706573622879,77.59702462971723,0.8729787387456243,0.12501425945457206,0.8966705991868497,17.879165687328637
2220.4925367034666,12.98268444601723,77.59783755067231,0.6175576711336652,0.19895100212927747,1.0286430463061484,7.030431944572479
2341.6945219903364,12.974551953681589,77.57969507134263,0.6075695831518663,0.07898912642701472,0.7320100758511288,19.546306816576518
2316.1461068407903,12.975548814900026,77.60618565492823,0.6763574061629319,0.17409173550860496,0.8165470349908126,14.952487526736522
1654.326895505887,12.963534903709744,77.60285224419182,0.7821201149751823,0.2115515162871421,0.968631480504423,20.206588539181705
2485.9010340933282,12.967007796020107,77.5994190163204,0.7554867240214488,0.1471491747972321,0.8773435724322067,4.011071431542915
2437.3517778781784,12.969838658022892,77.60816728490713,0.6104311488304227,0.2496993578452665,0.7926820612627034,5.25508271755557
2741.2402484067293,12.956258753065512,77.5991228999257,0.7756552900702482,0.2595503274875346,0.716137010135592,13.832085761657998
2584.5051456928627,12.954719656748024,77.59908580879252,0.5798787181106737,0.14916495236240243,0.9733203672240365,17.023661552002242
3297.9945496122364,12.965592520693615,77.61017679271822,0.6162258325651142,0.18509779129017567,0.9651602254948856,12.780269135987304
3423.508616047369,12.976825207664424,77.60561219580728,0.688454268281081,0.24973465756607358,0.9243320691419228,17.335383320330063
1449.3766781721988,12.9650686261007,77.58618492541089,0.644656875402478,0.19993462328724557,0.8504093809214084,18.925239029771852
3368.772500590771,12.961411948024093,77.60093195178672,0.7889859488650934,0.13027607109504902,0.7886909972370195,17.663998188085472
1313.6635728901456,12.963453143467623,77.58795732135042,0.7286378483001094,0.19283394657178235,0.8947018460103299,15.413074017520325
3087.855888137735,12.967046575768547,77.5996415455095,0.876556117762726,0.15735358388520804,0.76846813963546,15.382411398616226
3119.7387847028685,12.9680614103718,77.5993661350702,0.6752814634645585,0.2554098948212943,0.824841591943541,12.540819654446464
588.6831083374959,12.993255214522065,77.58076532687544,0.6877797848959256,0.23029660471622945,1.026125058139955,14.77850270318489
2592.9792465294095,12.982146206284874,77.59338154388689,0.8210382609061763,0.1843121527367186,0.7149164236868581,10.903076451061093
2031.5038866396844,12.981847741122818,77.59725257023581,0.6909079196876204,0.20710740062650204,0.9677527826900367,11.861082130555769
1741.2347420646252,12.983285803642735,77.59023709809006,0.8494005247707546,0.1345939211513757,1.0494195951449163,17.05745679818702
3850.8523306990055,12.96161179130666,77.59774709942391,0.7540828210384491,0.16231112707211942,0.9816259719382654,13.148475473874603
1846.320859362581,12.959376353850129,77.60265897777,0.464721353011464,0.2776639593846247,0.9398212878426484,12.04975242332267
1693.6230708819503,12.96053129708466,77.59429406935769,0.8177570414149464,0.20267573262898336,0.8536427153828876,16.79692405273997
2575.6949400050935,12.984945061333379,77.59684599476708,0.7912726813119808,0.24650429023956827,0.8354111945565987,16.519598627721667
3185.5897462984167,12.966128082111176,77.60843424078556,0.7951332606110544,0.21160065442040144,0.6751869133936679,14.138801658205555
2358.351413989873,12.959086438177607,77.59933196583225,0.5089021621454741,0.26571409215147623,0.9037006680267314,14.404258277113449
3666.3705456692524,12.967290037997802,77.59660824289675,0.6337010038728952,0.10005812337003901,0.8597759551270907,16.663791559519627
3030.9756619640902,12.969213944682854,77.58501920620358,0.6411295166443229,0.1905891207990497,0.8301965591318093,18.875828465535562
500.0,12.974284132736946,77.60131026011389,0.6158878632439607,0.28223908231081946,0.8979918971120987,15.804342636615045
1970.5330364929919,12.974109510207121,77.59790149949391,0.8741922531893938,0.24780867177803223,0.9062369480204655,10.23186435849155
1938.157900648301,12.963318194361266,77.60743739433701,0.6988232162176365,0.2662686129395096,0.8364442702632946,14.114290028946195
2979.3609534294224,12.978456563925137,77.59506878543303,0.6963439057370829,0.19966177031717547,1.0613080783476787,13.371400648826333
500.0,12.965208064662498,77.57643733499866,0.7552008310315779,0.17314467922933083,0.9730602779112425,10.788055574502216
5049.009708717722,12.97003723663295,77.57759879131171,0.7569301667889381,0.1486417770156036,0.9896278558373279,16.9917310624084
3031.02609489421,12.978467740705034,77.60195680763759,0.366510728937417,0.1451535954169245,0.8896697216360591,17.299410317581334
2648.876803917691,12.965181785960556,77.58889806402301,0.6353642462850636,0.24035302811042597,0.9511235732261143,17.90483368682384
3681.5677164191466,12.965906485764188,77.5989676775111,0.5587211422208722,0.2256605525210426,0.8104295399401437,11.03634818367164
4843.654052812624,12.977516680496931,77.59574232644502,0.7400306093154819,0.19667132753348202,0.9666258540250307,15.629803748316693
3370.7466445884033,12.96302266823395,77.59293160332307,0.6711107585665952,0.22540953274258405,0.8795597392686261,14.974899068623492
3448.81309647162,12.96775207976396,77.59363638714412,0.7015387564501269,0.20712258795260305,0.7978016464985674,16.229612373367544
2630.6900244643825,12.97715742178043,77.58594610494954,0.4921480251109477,0.2481108850699742,0.897723332878077,15.518905965992772
2358.4742466330517,12.992140924414361,77.594442223111,0.6690147775309502,0.24763433774540852,0.870794596975011,14.949816220334776
2024.2045559950989,12.977654045047627,77.58875506567206,0.8115130251832815,0.14670629497575788,1.1323069327220918,14.46910496210181
1673.888008285458,12.9763263976299,77.59087743479874,0.8409449483102167,0.2136822993734895,0.9435394248479911,19.42736244010208
1812.9859003005026,12.976908015836727,77.5913635095529,0.7718863419540699,0.11655666249029589,1.0579717467448222,11.552743969922856
1149.444035657017,12.960868097259329,77.59233306730101,0.566453470655188,0.20665103690452982,1.0131287106358726,14.307316516939805
2424.1285493149767,12.9727559673868,77.60382173456507,0.8259401802992123,0.23021521398507927,0.9037780599797499,19.32548266722384
815.3324227736132,12.971302335116636,77.59330209170795,0.7724002255000015,0.13431403276034198,0.8556280797069955,11.755776303874363
2690.916524143711,12.974815845403729,77.6048370233659,0.6882810965935461,0.17917686322695842,0.7259773418799678,11.959648289024052
2463.6693919576583,12.97276508052476,77.60997854951326,0.49749636854902557,0.20047631886099013,0.812905644933526,17.93576377780724
2646.935298386688,12.975396996774172,77.60314944651056,0.7953594950662517,0.21169574581866948,0.9662753457754214,9.30434463741183
1977.8684299800075,12.968485328051008,77.59994468535068,0.640783367001662,0.18606981483875826,0.8697869614879297,17.642524492105977
5576.860370180504,12.972186089173718,77.59786832209484,0.7346165821054781,0.14138559237976642,0.9375820325738442,13.041461683012146
3860.115900180313,12.959321714339431,77.6032535870905,0.7068393860636663,0.1972996399040371,0.6969724848652663,16.64000246208169
1255.4574999152771,12.968400927219971,77.59549360738596,0.8538394984438278,0.1173878216529511,0.9453514849097374,10.117061731777493
2732.8680874268985,12.985508335481766,77.60444569845957,0.6874633014002491,0.18836792816589276,1.0096481557199286,19.740305066233475
1891.9938570626764,12.974788083396284,77.60074105805289,0.6984886409914052,0.17793131931515352,0.7224241710193746,10.131045400441828
1485.5202732925861,12.97139078962617,77.5910015953922,0.857861539047863,0.19328671632802896,0.93715639063568,17.899801414186616
1159.9279288760652,12.990561232762545,77.60355850880103,0.6341777756249811,0.17203390112621586,1.0343534653608462,10.29815046489606
2932.216690759254,12.95799165021699,77.59551480005977,0.7814322851407777,0.12461595809218999,1.0680086649339466,22.233203484356252
1818.619764930426,12.960505444445538,77.59353867992388,0.6801384277121536,0.1816828339705244,0.849650092914204,14.714472872579485
3467.826024025204,12.988727114112763,77.58983800839601,0.599745803799507,0.24654100625186598,0.9779930344611534,22.803428379987935
3493.782214530439,12.972059609360489,77.59626018847875,0.7001160986720872,0.2630730401994402,1.0429789820005415,11.724450050357362
3873.9143852114494,12.969174169637103,77.60456462615413,0.7691705113607987,0.3219667139359633,0.9401381390780379,13.229397215804818
1647.6132339258966,12.959607956749045,77.60348940005593,0.8353709839976511,0.2845825204198832,1.0285077588996812,19.842876814928676
2975.3656106920103,12.976076962663951,77.5981339379746,0.8474693985345683,0.1401531036665948,0.89641383466617,9.295215912899536
3132.4542166423007,12.977044598695276,77.60059643640724,0.6705235925774466,0.17957811993636702,0.9394314143770797,12.202933376520232
2025.8218248960352,12.960655056391651,77.60731696791522,0.6012750767967786,0.19886071825811116,0.8378390773537798,16.980273718757328
1728.228042607125,12.970197244144495,77.59310033708829,0.668126110042252,0.195722008288315,0.8835399842326241,10.924877693214668
4109.520665775973,12.96824484167967,77.5834457999647,0.5818469246669844,0.2034766664948113,0.9433716169876364,17.08726968807618
2727.4958757320537,12.974159771464189,77.60761129852179,0.6782613800583495,0.32037957107737797,0.8303380674954233,15.681617540086872
3135.967750711738,12.960407497577794,77.5893022174797,0.6658334716380241,0.14589742271038014,0.8776413626859246,8.945417505031262
1677.9239881720725,12.984119474545132,77.58769661876656,0.7727490204156765,0.16432344318928507,0.9760873680946803,18.871075151933866
1280.7155334778063,12.980758237815976,77.57663802244666,0.4794064820085621,0.2821912965044547,1.1052557533176102,9.950267627221724
1930.5502255078895,12.967968244412672,77.60031283053165,0.626639205391336,0.1692009328457574,0.6950561508351426,18.08511638789175
2375.978612610003,12.969435812883617,77.57838547375448,0.6274481695558084,0.2196790325167858,1.0976576667323616,15.513901592977124
1435.7799931826512,12.970235778497225,77.58709741192308,0.8187127252408025,0.2517328684934105,0.8740128235577233,13.179950141177033
2490.155191349617,12.963816914469936,77.60048236794515,0.5886155622598983,0.2243249508366015,0.9964899869027385,10.578389900156465
811.4948119315,12.96716570581765,77.60181921252408,0.7226657359648994,0.2095882816551246,1.016109269999174,16.317077301632597
1379.9525775301279,12.968897296323254,77.58808295851782,0.6871871585580218,0.2469305384846992,1.0564496773940548,11.509900826089892
3170.911248276875,12.987728683707072,77.59325846673008,0.8043042526836381,0.15534657217475148,0.827203813527021,19.831813904210307
3103.7905202778943,12.981066183083305,77.58587405473594,0.7595831864510547,0.17518184352519994,0.8774728691882202,19.977802437213597
2108.1232346131337,12.980946547073367,77.5891160321219,0.7121243731820379,0.2267818794232582,0.8946403901047096,21.568136083943987
1482.235690923047,12.975299256130045,77.59726215260153,0.6445333125411932,0.09652803703928746,0.8642566157502656,16.123589748301235
1472.596448473989,12.960426729910688,77.58958353321204,0.5147657496890123,0.27082919116723464,1.0318760974839138,13.382760778006496
2126.731754058686,12.971185088954227,77.59215784959824,0.7247085655687405,0.21516961875988908,0.8923172298988534,13.812389677317372
3144.5184916452913,12.981304884596135,77.57995293318382,0.7530489798529872,0.20765158763905753,0.7381452335191632,13.519649668790983
3428.2456913443248,12.959017353706328,77.60592956164807,0.5425132387525347,0.11847435611794714,0.8366986177686236,15.992022153316428
2003.468264518031,12.977965532068733,77.5997006659317,0.576630583567145,0.1356695437300131,0.742159997330312,16.74642902235441
1346.507574015216,12.994826092252628,77.60252905371837,0.7252329973371675,0.18007081678495693,0.877166121330666,19.92625746406759
2767.843637866333,12.982218166459898,77.60750425324616,0.733914168620787,0.24037149251477996,0.9672549674567936,15.080493662384127
1676.4650293741506,12.98574029135562,77.58634787124454,0.6009352689907941,0.09616919939007074,0.8345523327696311,9.387090677865766
1981.7473611387977,12.973783387504422,77.59101605516972,0.6425935286431962,0.23941824003886783,0.8596967035365424,13.370316294152392
3825.2760904370375,12.981279319487651,77.57565165632418,0.5163511161429573,0.18199843379458167,0.8725234707661806,21.223407120226092
3327.115428565768,12.96442146785646,77.62600422910103,0.8377263903813233,0.18882882636291742,0.9140742493835246,8.773685718111945
2657.974312251452,12.979558638123413,77.59310414684683,0.5700125592631547,0.21267964708454035,0.9516082778635525,17.956599841605527
1228.0809988872772,12.978143881340609,77.60498727899915,0.754225939124855,0.21346586189232059,0.9807255427935369,13.437707545666237
2711.3965674706587,12.974499111740377,77.58221838855664,0.696503930384662,0.16437857050317015,1.1255516982936522,11.466142758401919
3562.6572907875266,12.984760074197185,77.60456388425644,0.8289593619624759,0.23124550442344216,0.9123495931000073,16.5824441964485
2124.3663342344644,12.966212151621527,77.6131759087665,0.6207745907225243,0.08403009300517808,0.9735793053979716,21.243812102491063
3851.114089986715,12.969729424835263,77.59399719250972,0.7061252710340387,0.1774790556716173,0.7412443252321725,16.361776707132684
3792.745289518207,12.972554620413584,77.58449118503411,0.5301573090762649,0.2076840881588452,0.8620817014434466,13.949823159835043
4163.732832143473,12.961303890289107,77.59321203599055,0.5061473163060246,0.1827525342392763,0.8729583106537927,9.815803041574524
2805.243126531353,12.973869319438004,77.57233238475042,0.7596333583865473,0.10865448480170092,0.7982685111012896,14.604603355589054
3087.391699806012,12.954410695870463,77.59422113298979,0.5214974160930297,0.23790136893802355,0.8464007268632464,9.671400718842236
3914.18728833109,12.982069545344283,77.60280967139313,0.6771782465565469,0.1375806093936474,0.8892515282344372,13.76030311431908
2947.3939370689754,12.97206637366566,77.59424242355627,0.8011295447972919,0.19662429962358552,0.8495336625835193,14.747769406433585
1998.7658922097874,12.966391070960963,77.5917586044531,0.7746684856094679,0.20765172985338115,1.160183418783816,5.5578340371581
2051.4571634721387,12.96325626387705,77.59987568116112,0.6335414512051406,0.20099135768826837,0.951227534157773,20.553288818351547
2738.5549537737393,12.96925420970381,77.60064024846949,0.5411496863591827,0.25845054629319075,1.1001022738859336,10.045914107518247
1209.4385780537814,12.978482597107725,77.57800094437495,0.7509494861655528,0.19733687200031566,1.0492651178834005,14.256163195317221
2356.7410846358075,12.977077389787375,77.59548822962279,0.834225678286018,0.22137277023484703,0.8360753866549614,17.135332983250066
3596.5471182302535,12.964544620527215,77.6189598512423,0.6337761921334376,0.19720479834243795,0.9037560467419812,20.234198872716718
500.0,12.963139603273724,77.58124983754352,0.6196687141592883,0.23064780420831374,0.8565175378925424,11.831387974508672
4034.482101794515,12.978168987063198,77.59374581167167,0.6475098037131001,0.2696747648523762,0.8838177240713668,4.963258956108419
3622.3742187031594,12.96437652595385,77.61401746122051,0.7571608710807115,0.2068770914736097,0.8023566330811269,19.314654864045146
2040.2353841695237,12.972199097740795,77.60564175156544,0.8228517606414912,0.23909251787914998,0.8558464670829777,10.002020454295161
3043.3908278718095,12.972837546425243,77.58946603319224,0.5760393188619477,0.2727664467441099,0.9359518881533239,16.437772974334912
2503.1477269063266,12.974720621317267,77.59666135379622,0.5501718190675347,0.26785921234871357,0.9333122056942205,16.686358800542585
3729.9903684386827,12.98018270430182,77.59457888320016,0.9339996321932448,0.18073552981943947,0.9253403665216267,1.9918822693136526
3482.6831427699412,12.958970370631327,77.58711928195679,0.6822677212109961,0.25182161778725837,0.8940325175116441,8.540652913822242
1099.9292768169908,12.952488406747396,77.59385747892507,0.7252892795690309,0.21243855800235967,0.986074242523694,13.156755173131458
3087.2624134641765,12.965925527187716,77.59180033867193,0.630806915938236,0.2558614998866957,0.8742956973921462,4.663488324243062
2294.372146356752,12.989615284078322,77.59572748938076,0.7489962309452716,0.22843172917814752,1.0391552339761616,9.64779489497035
2582.8325705181,12.991821741000875,77.58711616819309,0.7960060874701522,0.2137834038018094,0.7152402442982437,15.49151424050667
1771.8280990301846,12.98991177135566,77.58183381799755,0.729979617157293,0.22169860401731772,0.9656811023975757,14.646065391634925
4248.137069120836,12.969670186322393,77.59418719226608,0.8740858077014435,0.21276189780194657,0.9488371112247358,16.210617722577087
3540.0618199025757,12.953778849180152,77.61175118218179,0.6673255410058908,0.2147166522568255,0.832543344274845,16.79688391491541
1760.2288360270327,12.948169608983482,77.59542202926262,0.6737117526964623,0.19205838197090458,0.8644768973144723,8.272681732081546
1165.3893930897675,12.965459618384507,77.59128406221069,0.7231406351277415,0.18741378296962416,0.9464790939109037,9.860606946349442
2114.3273690221517,12.969619263698506,77.60214085805039,0.7464961645506096,0.2881587464686335,0.9915935247148749,18.0454647580482
2934.502646091306,12.98460625401056,77.59301680387405,0.7227947262062608,0.22387639555555922,0.7250536831668893,21.09732096401072
2740.205843946223,12.980278054595425,77.61328032924959,0.5715584973044908,0.17133475388843003,0.9628246067654256,11.130367804551149
3753.132824768243,12.973874050789917,77.59456087490705,0.7312515166195561,0.18612912842851784,0.8542348814442444,16.035622376387828
3289.919722180852,12.96270155229059,77.60160497063158,0.6625826415196562,0.2528129226723976,1.0125289774298554,18.22833157325558
3469.569025752907,12.961992204417552,77.58705395617606,0.6419022985925353,0.16319066449556904,0.7160724786183823,15.95022246875714
2826.8554006104373,12.974141276870714,77.59963089253337,0.7032482054753243,0.12589861590944945,1.1445298965121207,14.004934778316077
1110.7012697890098,12.978570509788398,77.59735093476944,0.6038477312670785,0.12957754296989776,0.8113860066985903,12.437400022204029
2304.3014688530984,12.975518812622456,77.59403493875341,0.5864608676126768,0.11355121998976062,1.0429961186789678,22.941076819062165
3560.0897399086653,12.961254020403933,77.5895824223883,0.43845310399961496,0.1350592570867771,0.8930815380267167,15.384836166107899
2448.477071475354,12.978106676287922,77.58821969834348,0.8747237328509891,0.1409567030099595,0.818133326279987,16.5557681248691
3003.0903686237466,12.975859109671015,77.5974235266398,0.7555731319103002,0.26926186898040694,0.9265114005381412,16.297280322987646
2181.251684753867,12.9608933359381,77.60088939109697,0.6883235878693694,0.19769103936703658,1.0029125444956368,11.750326371996751
1470.188151458155,12.963756790296998,77.59332837203706,0.6332776763113351,0.18183682304316415,0.7447295199255237,15.20328409325722
2376.6559359538896,12.978484959745616,77.5974726792912,0.4123967717953583,0.12782934684907132,0.970158884928701,13.711029248487593
2809.047443032654,12.969254924648542,77.59422085321867,0.6271471123778515,0.19284368012643302,0.8987821501342911,13.639409635324462
1844.3122805385565,12.987491473016364,77.59558526024905,0.7715866337164076,0.11313359687179038,0.9577044082566334,16.267836564075054
2264.2887551433314,12.976611292760646,77.59259555017323,0.7942174303593869,0.18152914143568177,0.9010975357338981,11.337428107058638
1560.5367580140173,12.966733688118108,77.59477972579369,0.7642291993603301,0.30322471949218377,0.8428131161245346,10.180846316785008
3619.244917564096,12.971497943996091,77.62158040456818,0.7158391955752468,0.23319017893531827,0.7886876748628121,17.01090024162168
2205.544242411966,12.972233833926378,77.59771634298808,0.8303874145931378,0.18951009198227348,0.9672645112047026,12.873557629485319
3952.7555451261833,12.964316096867583,77.60105296958432,0.6671462777911459,0.23490618027031784,0.9667271992198835,13.619937118893054
4028.7478505409085,12.962474118018225,77.59898023605328,0.808518891613436,0.1739228410936216,0.9662272247690809,7.284813789293354
2418.954035278256,12.978613898938095,77.59197183176703,0.6615417556279787,0.15996611285604062,0.9427596319440573,18.852331128706535
1491.5512674526503,12.980052732970421,77.60753989213292,0.6118858691122238,0.2852064814766421,0.994469887183947,17.096064847662774
500.0,12.97763781469553,77.59168836229574,0.5994287019577478,0.14288626730398635,1.0406069279769643,17.83227514124732
1027.9629269732084,12.98675318094324,77.60515054548942,0.5935503578827046,0.1822939382161325,0.7123582152593482,16.549302481590978
1126.1651751013399,12.966182267639885,77.59125793001934,0.7659068028802485,0.21530166411817553,0.6658202556130912,8.936172185238942
3878.4696274615044,12.988342707660712,77.58500027480856,0.6257254428902921,0.1531882897121276,1.0717947359879645,15.915995858716608
2615.8245872269463,12.96259078881446,77.59825396208237,0.5966971154965055,0.2325302476815705,0.7658953485414811,12.563465990620204
2889.604524091988,12.961473144366316,77.58355331643898,0.771373521966136,0.1846702737678874,0.791375671321038,11.148571579065843
500.0,12.954000411178509,77.59995640225017,0.7327970390472233,0.23319551637834285,0.8712385688125076,17.000192965782883
1302.0335707827385,12.967142046861733,77.58265841343909,0.7962591982845801,0.22929920898752593,0.7346028421286898,21.634035667010718
3387.079776446287,12.966562776631706,77.59140991969527,0.7512599511272798,0.18784939346870852,0.8618413302692363,20.973357675825365
2786.7741123825863,12.976859372802547,77.58028270303475,0.6246888419802687,0.2855329336295493,0.8051894655877335,17.488580074042464
2352.7947213144025,12.974038909416205,77.62284167009403,0.7076102416468587,0.16673320982832793,0.8766659130302993,14.879087362163213
3064.8423586001227,12.959670266289809,77.57806040440384,0.7125132990769677,0.2674435235274369,0.9279841304907102,14.137830716324348
4135.797806135815,12.967672737615743,77.59469813740397,0.6080841341525998,0.25874666213140207,0.8656461774570435,11.381985654227092
2278.9575364629495,12.967885379789124,77.6060330427433,0.5895375025906007,0.288544110383022,0.8605952714602854,13.921067265173294
2569.3698026580696,12.953840177530381,77.60496385908587,0.6319278390882295,0.20870280196715105,0.9257995796791646,18.63409583835258
2692.5969187313053,12.961790532729866,77.60311342122174,0.903658235667208,0.16057071440360052,1.004429179794995,22.292556528099748
4892.109635273992,12.96389186369386,77.59142771611779,0.6587255905778451,0.30383982926647735,1.0602964346921666,11.734074772143844
500.0,12.98593625019821,77.60811088946338,0.8232866791386714,0.1832649266011818,0.8781461745997785,7.019946061313204
3183.223014788808,12.973514507159575,77.60373391090802,0.6531339490520202,0.15932287136472323,1.0824889151923238,12.87650401555078
2385.197751240936,12.978221687539476,77.59672299617661,0.7888838819539992,0.19051066270475936,0.9876706834761246,18.61581645148454
3066.7717261841794,12.956613645028508,77.59700580757726,0.7902491655557846,0.15091546419214613,0.7767991546026823,23.0
1842.6274460052755,12.98354214483014,77.59156077352385,0.7952590507952044,0.2263074412561673,0.7738791744386325,20.240164826627215
2451.03496914155,12.984611020630242,77.58550347974167,0.7387827342008958,0.1697165809120744,0.842271214939733,20.141140849513512
3211.410579465495,12.951616550328554,77.60697150975479,0.8377366578781151,0.18562579150475642,1.0444603983359726,11.601758585301038
5612.910201043841,12.964546832760842,77.60772207993601,0.7378353969352728,0.24838894308324813,0.8498632684434464,11.714442505803966
3308.0361894020716,12.976557655730156,77.5857589085897,0.8713529729340279,0.2311846605088096,0.7107643175493727,9.70476145093517
1651.9344019694913,12.978043884535383,77.59306214834854,0.5380080196811566,0.20077922862848294,0.877111579111229,12.338081055498277
